trip_id,arrival_time,stop_id,stop_sequence,shape_dist_traveled,route_id,service_id,trip_headsign,block_id,stop_name,route_short_name,arrival_dt,observed_at,estimated_at,bus_id,lat,lon,late,gtfs_date
1759841, 6:20:00,17651,1,,21337,1,123 James - East Syracuse - Walmart,268633,B12,Sy 20,2025-12-01 11:20:00+00:00,2025-12-01 11:22:01+00:00,2025-12-01 11:22:01+00:00,1778,43.04378342628479,-76.151686668396,121,2025-12-01
1759841, 6:21:05,102,2,0.4057,21337,1,123 James - East Syracuse - Walmart,268633,S Salina St & Jefferson St,Sy 20,2025-12-01 11:21:05+00:00,2025-12-01 11:23:00+00:00,2025-12-01 11:23:00+00:00,1778,43.04648570356698,-76.15225219726562,115,2025-12-01
1759841, 6:21:55,17670,3,0.7147,21337,1,123 James - East Syracuse - Walmart,268633,S Salina St & Water St (mid-block),Sy 20,2025-12-01 11:21:55+00:00,,2025-12-01 11:24:04.563978587+00:00,1778,,,129,2025-12-01
1759841, 6:22:38,423,4,0.9848,21337,1,123 James - East Syracuse - Walmart,268633,James St & N Warren St,Sy 20,2025-12-01 11:22:38+00:00,2025-12-01 11:25:01+00:00,2025-12-01 11:25:01+00:00,1778,43.05129991728684,-76.15069330149683,143,2025-12-01
1759841, 6:23:19,420,5,1.2412,21337,1,123 James - East Syracuse - Walmart,268633,James St & N State St,Sy 20,2025-12-01 11:23:19+00:00,2025-12-01 11:26:01+00:00,2025-12-01 11:26:01+00:00,1778,43.05224171622855,-76.14874380142962,162,2025-12-01
1759841, 6:23:51,421,6,1.4442,21337,1,123 James - East Syracuse - Walmart,268633,James St & N Townsend St,Sy 20,2025-12-01 11:23:51+00:00,2025-12-01 11:27:02+00:00,2025-12-01 11:27:02+00:00,1778,43.0532958984375,-76.14659945170085,191,2025-12-01
1759841, 6:24:14,442,7,1.5868,21337,1,123 James - East Syracuse - Walmart,268633,James St & N McBride St,Sy 20,2025-12-01 11:24:14+00:00,2025-12-01 11:28:02+00:00,2025-12-01 11:28:02+00:00,1778,43.05427122116089,-76.14461612701416,228,2025-12-01
1759841, 6:24:40,432,8,1.7532,21337,1,123 James - East Syracuse - Walmart,268633,James St & Catherine St,Sy 20,2025-12-01 11:24:40+00:00,,2025-12-01 11:28:26.229022704+00:00,1778,,,226,2025-12-01
1759841, 6:25:18,14776,9,1.9920,21337,1,123 James - East Syracuse - Walmart,268633,James St & Lodi St,Sy 20,2025-12-01 11:25:18+00:00,2025-12-01 11:29:01+00:00,2025-12-01 11:29:01+00:00,1778,43.0560381659146,-76.14102383317619,223,2025-12-01
1759841, 6:25:50,446,10,2.1944,21337,1,123 James - East Syracuse - Walmart,268633,James St & Highland St,Sy 20,2025-12-01 11:25:50+00:00,2025-12-01 11:30:01+00:00,2025-12-01 11:30:01+00:00,1778,43.05735626220703,-76.13833557128906,251,2025-12-01
1759841, 6:26:18,5088,11,2.3722,21337,1,123 James - East Syracuse - Walmart,268633,960 James St,Sy 20,2025-12-01 11:26:18+00:00,,2025-12-01 11:30:28.381469325+00:00,1778,,,250,2025-12-01
1759841, 6:27:00,444,12,2.5905,21337,1,123 James - East Syracuse - Walmart,268633,James St & Oak St,Sy 20,2025-12-01 11:27:00+00:00,2025-12-01 11:31:02+00:00,2025-12-01 11:31:02+00:00,1778,43.05931901931763,-76.134326338768,242,2025-12-01
1759841, 6:27:36,2120,13,2.8021,21337,1,123 James - East Syracuse - Walmart,268633,James St & WSYR,Sy 20,2025-12-01 11:27:36+00:00,,2025-12-01 11:31:43.753846153+00:00,1778,,,247,2025-12-01
1759841, 6:27:50,450,14,2.8895,21337,1,123 James - East Syracuse - Walmart,268633,James St & Dewitt St,Sy 20,2025-12-01 11:27:50+00:00,2025-12-01 11:32:01+00:00,2025-12-01 11:32:01+00:00,1778,43.0606005191803,-76.1317081451416,251,2025-12-01
1759841, 6:28:06,453,15,2.9863,21337,1,123 James - East Syracuse - Walmart,268633,James St & Sedgwick Dr,Sy 20,2025-12-01 11:28:06+00:00,2025-12-01 11:33:01+00:00,2025-12-01 11:33:01+00:00,1778,43.06130717782413,-76.13027370677275,295,2025-12-01
1759841, 6:28:44,459,16,3.2103,21337,1,123 James - East Syracuse - Walmart,268633,James St & Vine St,Sy 20,2025-12-01 11:28:44+00:00,,2025-12-01 11:33:33.558139534+00:00,1778,,,289,2025-12-01
1759841, 6:29:16,464,17,3.3991,21337,1,123 James - East Syracuse - Walmart,268633,James St & Wilson St,Sy 20,2025-12-01 11:29:16+00:00,2025-12-01 11:34:01+00:00,2025-12-01 11:34:01+00:00,1778,43.06337261199951,-76.12605476379395,285,2025-12-01
1759841, 6:29:56,469,18,3.6374,21337,1,123 James - East Syracuse - Walmart,268633,James St & Hampton Rd,Sy 20,2025-12-01 11:29:56+00:00,,2025-12-01 11:34:40.457926167+00:00,1778,,,284,2025-12-01
1759841, 6:30:18,10678,19,3.7675,21337,1,123 James - East Syracuse - Walmart,268633,James St & Teall Ave,Sy 20,2025-12-01 11:30:18+00:00,2025-12-01 11:35:02+00:00,2025-12-01 11:35:02+00:00,1778,43.06523230768019,-76.12225907848728,284,2025-12-01
1759841, 6:30:53,479,20,3.9788,21337,1,123 James - East Syracuse - Walmart,268633,James St & Rugby Rd,Sy 20,2025-12-01 11:30:53+00:00,,2025-12-01 11:35:18.215790842+00:00,1778,,,265,2025-12-01
1759841, 6:31:13,481,21,4.0984,21337,1,123 James - East Syracuse - Walmart,268633,James St & Cook Ave,Sy 20,2025-12-01 11:31:13+00:00,,2025-12-01 11:35:27.394250780+00:00,1778,,,254,2025-12-01
1759841, 6:31:29,487,22,4.1927,21337,1,123 James - East Syracuse - Walmart,268633,James St & Hastings Pl,Sy 20,2025-12-01 11:31:29+00:00,,2025-12-01 11:35:34.631113423+00:00,1778,,,245,2025-12-01
1759841, 6:31:44,491,23,4.2856,21337,1,123 James - East Syracuse - Walmart,268633,James St & Clifton Pl,Sy 20,2025-12-01 11:31:44+00:00,,2025-12-01 11:35:41.760535900+00:00,1778,,,237,2025-12-01
1759841, 6:32:00,1759,24,4.3533,21337,1,123 James - East Syracuse - Walmart,268633,James St & Shotwell Pk,Sy 20,2025-12-01 11:32:00+00:00,,2025-12-01 11:35:46.956035379+00:00,1778,,,226,2025-12-01
1759841, 6:32:31,506,25,4.5363,21337,1,123 James - East Syracuse - Walmart,268633,James St & Hickok Ave,Sy 20,2025-12-01 11:32:31+00:00,2025-12-01 11:36:01+00:00,2025-12-01 11:36:01+00:00,1778,43.06844438825335,-76.11418914794922,210,2025-12-01
1759841, 6:32:50,507,26,4.6515,21337,1,123 James - East Syracuse - Walmart,268633,James St & Stafford Ave,Sy 20,2025-12-01 11:32:50+00:00,,2025-12-01 11:36:22.092462618+00:00,1778,,,212,2025-12-01
1759841, 6:33:09,515,27,4.7648,21337,1,123 James - East Syracuse - Walmart,268633,James St & Forest Hill Dr,Sy 20,2025-12-01 11:33:09+00:00,,2025-12-01 11:36:42.837046078+00:00,1778,,,213,2025-12-01
1759841, 6:33:26,523,28,4.8640,21337,1,123 James - East Syracuse - Walmart,268633,James St & Woodbine Ave,Sy 20,2025-12-01 11:33:26+00:00,2025-12-01 11:37:01+00:00,2025-12-01 11:37:01+00:00,1778,43.0686184630102,-76.11070235894651,215,2025-12-01
1759841, 6:33:43,522,29,4.9633,21337,1,123 James - East Syracuse - Walmart,268633,James St & Hillsdale Ave,Sy 20,2025-12-01 11:33:43+00:00,,2025-12-01 11:37:29.852300242+00:00,1778,,,226,2025-12-01
1759841, 6:34:01,532,30,5.0705,21337,1,123 James - East Syracuse - Walmart,268633,James St & S Collingwood Ave,Sy 20,2025-12-01 11:34:01+00:00,2025-12-01 11:38:01+00:00,2025-12-01 11:38:01+00:00,1778,43.06873304452469,-76.10821146039821,240,2025-12-01
1759841, 6:34:17,533,31,5.1667,21337,1,123 James - East Syracuse - Walmart,268633,James St & S Edwards Ave,Sy 20,2025-12-01 11:34:17+00:00,2025-12-01 11:39:02+00:00,2025-12-01 11:39:02+00:00,1778,43.068851470947266,-76.1064472545277,285,2025-12-01
1759841, 6:34:31,541,32,5.2510,21337,1,123 James - East Syracuse - Walmart,268633,James St & S Midler Ave,Sy 20,2025-12-01 11:34:31+00:00,,2025-12-01 11:39:26.930827067+00:00,1778,,,295,2025-12-01
1759841, 6:34:50,547,33,5.3662,21337,1,123 James - East Syracuse - Walmart,268633,James St & Nichols Ave,Sy 20,2025-12-01 11:34:50+00:00,2025-12-01 11:40:01+00:00,2025-12-01 11:40:01+00:00,1778,43.068931821792845,-76.10456860254682,311,2025-12-01
1759841, 6:35:07,552,34,5.4654,21337,1,123 James - East Syracuse - Walmart,268633,James St & Homecroft Rd,Sy 20,2025-12-01 11:35:07+00:00,,2025-12-01 11:40:28.365517241+00:00,1778,,,321,2025-12-01
1759841, 6:35:27,567,35,5.5837,21337,1,123 James - East Syracuse - Walmart,268633,James St & Mosley Dr,Sy 20,2025-12-01 11:35:27+00:00,2025-12-01 11:41:01+00:00,2025-12-01 11:41:01+00:00,1778,43.06911283380845,-76.10076399410472,334,2025-12-01
1759841, 6:35:43,558,36,5.6769,21337,1,123 James - East Syracuse - Walmart,268633,James St & Plymouth Dr,Sy 20,2025-12-01 11:35:43+00:00,,2025-12-01 11:41:10.601648351+00:00,1778,,,327,2025-12-01
1759841, 6:35:58,562,37,5.7671,21337,1,123 James - East Syracuse - Walmart,268633,James St & W Milford Dr,Sy 20,2025-12-01 11:35:58+00:00,,2025-12-01 11:41:19.894230769+00:00,1778,,,321,2025-12-01
1759841, 6:36:36,578,38,5.9936,21337,1,123 James - East Syracuse - Walmart,268633,James St & E Milford Dr,Sy 20,2025-12-01 11:36:36+00:00,,2025-12-01 11:41:43.228708791+00:00,1778,,,307,2025-12-01
1759841, 6:37:05,575,39,6.1661,21337,1,123 James - East Syracuse - Walmart,268633,James St & Ridgewood Dr,Sy 20,2025-12-01 11:37:05+00:00,2025-12-01 11:42:01+00:00,2025-12-01 11:42:01+00:00,1778,43.06939830780029,-76.09466209411622,296,2025-12-01
1759841, 6:38:00,7471,40,6.4456,21337,1,123 James - East Syracuse - Walmart,268633,James St & Thompson Rd,Sy 20,2025-12-01 11:38:00+00:00,2025-12-01 11:43:01+00:00,2025-12-01 11:43:01+00:00,1778,43.06951889337278,-76.09084604300705,301,2025-12-01
1759841, 6:39:06,2547,41,6.6732,21337,1,123 James - East Syracuse - Walmart,268633,James St & Wegman's Plaza,Sy 20,2025-12-01 11:39:06+00:00,,2025-12-01 11:43:27.899839743+00:00,1778,,,261,2025-12-01
1759841, 6:40:25,2432,42,6.9448,21337,1,123 James - East Syracuse - Walmart,268633,James St & Worth St,Sy 20,2025-12-01 11:40:25+00:00,2025-12-01 11:44:00+00:00,2025-12-01 11:44:00+00:00,1778,43.069847430213024,-76.08511766336731,215,2025-12-01
1759841, 6:40:55,2440,43,7.0480,21337,1,123 James - East Syracuse - Walmart,268633,James St & Schoeder St,Sy 20,2025-12-01 11:40:55+00:00,,2025-12-01 11:44:10.413895781+00:00,1778,,,195,2025-12-01
1759841, 6:41:20,2444,44,7.1352,21337,1,123 James - East Syracuse - Walmart,268633,James St & Allen St,Sy 20,2025-12-01 11:41:20+00:00,,2025-12-01 11:44:19.213234077+00:00,1778,,,179,2025-12-01
1759841, 6:41:46,2448,45,7.2264,21337,1,123 James - East Syracuse - Walmart,268633,James St & West Ave,Sy 20,2025-12-01 11:41:46+00:00,,2025-12-01 11:44:28.416211745+00:00,1778,,,162,2025-12-01
1759841, 6:42:13,2452,46,7.3206,21337,1,123 James - East Syracuse - Walmart,268633,James St & Highland Ave,Sy 20,2025-12-01 11:42:13+00:00,,2025-12-01 11:44:37.921918941+00:00,1778,,,144,2025-12-01
1759841, 6:42:45,2461,47,7.4328,21337,1,123 James - East Syracuse - Walmart,268633,James St & East Ave,Sy 20,2025-12-01 11:42:45+00:00,,2025-12-01 11:44:49.244003308+00:00,1778,,,124,2025-12-01
1759841, 6:43:18,2464,48,7.5493,21337,1,123 James - East Syracuse - Walmart,268633,James St & Kinne St,Sy 20,2025-12-01 11:43:18+00:00,2025-12-01 11:45:01+00:00,2025-12-01 11:45:01+00:00,1778,43.070184993743894,-76.07769603729248,103,2025-12-01
1759841, 6:44:18,8146,49,7.7586,21337,1,123 James - East Syracuse - Walmart,268633,Kinne St & Midland St,Sy 20,2025-12-01 11:44:18+00:00,,2025-12-01 11:45:26.493809904+00:00,1778,,,68,2025-12-01
1759841, 6:45:14,8147,50,7.9540,21337,1,123 James - East Syracuse - Walmart,268633,Kinne St & W Yates St,Sy 20,2025-12-01 11:45:14+00:00,,2025-12-01 11:45:50.294528753+00:00,1778,,,36,2025-12-01
1759841, 6:45:42,8148,51,8.0501,21337,1,123 James - East Syracuse - Walmart,268633,Kinne St & W Ellis St,Sy 20,2025-12-01 11:45:42+00:00,2025-12-01 11:46:02+00:00,2025-12-01 11:46:02+00:00,1778,43.06602700076886,-76.07667655375467,20,2025-12-01
1759841, 6:46:15,7237,52,8.1659,21337,1,123 James - East Syracuse - Walmart,268633,Kinne St & W Manlius St,Sy 20,2025-12-01 11:46:15+00:00,,2025-12-01 11:46:30.950000+00:00,1778,,,15,2025-12-01
1759841, 6:46:49,7232,53,8.2861,21337,1,123 James - East Syracuse - Walmart,268633,W Manlius St & Charles St,Sy 20,2025-12-01 11:46:49+00:00,2025-12-01 11:47:01+00:00,2025-12-01 11:47:01+00:00,1778,43.064498459083445,-76.076117252958,12,2025-12-01
1759841, 6:47:28,7267,54,8.4213,21337,1,123 James - East Syracuse - Walmart,268633,W Manlius St & Division St,Sy 20,2025-12-01 11:47:28+00:00,,2025-12-01 11:47:22.414994720+00:00,1778,,,-5,2025-12-01
1759841, 6:47:43,7274,55,8.4735,21337,1,123 James - East Syracuse - Walmart,268633,W Manlius St & Silver St,Sy 20,2025-12-01 11:47:43+00:00,,2025-12-01 11:47:30.683210137+00:00,1778,,,-12,2025-12-01
1759841, 6:48:13,7282,56,8.5777,21337,1,123 James - East Syracuse - Walmart,268633,W Manlius St & Ball St,Sy 20,2025-12-01 11:48:13+00:00,,2025-12-01 11:47:47.187961985+00:00,1778,,,-25,2025-12-01
1759841, 6:48:38,2523,57,8.6649,21337,1,123 James - East Syracuse - Walmart,268633,W Manlius St & N Center St,Sy 20,2025-12-01 11:48:38+00:00,2025-12-01 11:48:01+00:00,2025-12-01 11:48:01+00:00,1778,43.063987861245366,-76.07073715985831,-37,2025-12-01
1759841, 6:50:20,4281,58,9.0184,21337,1,123 James - East Syracuse - Walmart,268633,Bridge St & E 2nd St,Sy 20,2025-12-01 11:50:20+00:00,,2025-12-01 11:48:33.610701107+00:00,1778,,,-106,2025-12-01
1759841, 6:51:46,8169,59,9.3153,21337,1,123 James - East Syracuse - Walmart,268633,Chevy Dr & Bridge St,Sy 20,2025-12-01 11:51:46+00:00,2025-12-01 11:49:01+00:00,2025-12-01 11:49:01+00:00,1778,43.061234855651854,-76.06640739440918,-165,2025-12-01
1759841, 6:55:00,7888,60,9.9479,21337,1,123 James - East Syracuse - Walmart,268633,Walmart - East Syracuse,Sy 20,2025-12-01 11:55:00+00:00,2025-12-01 11:51:01+00:00,2025-12-01 11:51:01+00:00,1778,43.061901450157166,-76.0608481168747,-239,2025-12-01
1759842, 7:40:00,17651,1,,21337,1,122 James - Rt 298 - Fly Rd,268626,B12,Sy 20,2025-12-01 12:40:00+00:00,2025-12-01 12:44:01+00:00,2025-12-01 12:44:01+00:00,2236,43.044379156989024,-76.15223611367715,241,2025-12-01
1759842, 7:41:05,102,2,0.4057,21337,1,122 James - Rt 298 - Fly Rd,268626,S Salina St & Jefferson St,Sy 20,2025-12-01 12:41:05+00:00,2025-12-01 12:45:01+00:00,2025-12-01 12:45:01+00:00,2236,43.04649418797986,-76.15225219726562,236,2025-12-01
1759842, 7:41:55,17670,3,0.7147,21337,1,122 James - Rt 298 - Fly Rd,268626,S Salina St & Water St (mid-block),Sy 20,2025-12-01 12:41:55+00:00,2025-12-01 12:48:01+00:00,2025-12-01 12:48:01+00:00,2236,43.049889115726245,-76.15220642089844,366,2025-12-01
1759842, 7:42:38,423,4,0.9848,21337,1,122 James - Rt 298 - Fly Rd,268626,James St & N Warren St,Sy 20,2025-12-01 12:42:38+00:00,2025-12-01 12:49:01+00:00,2025-12-01 12:49:01+00:00,2236,43.0512984703327,-76.15069632694639,383,2025-12-01
1759842, 7:43:19,420,5,1.2412,21337,1,122 James - Rt 298 - Fly Rd,268626,James St & N State St,Sy 20,2025-12-01 12:43:19+00:00,2025-12-01 12:50:01+00:00,2025-12-01 12:50:01+00:00,2236,43.05271339416504,-76.14778137207031,402,2025-12-01
1759842, 7:43:51,421,6,1.4442,21337,1,122 James - Rt 298 - Fly Rd,268626,James St & N Townsend St,Sy 20,2025-12-01 12:43:51+00:00,,2025-12-01 12:50:36.243055555+00:00,2236,,,405,2025-12-01
1759842, 7:44:14,442,7,1.5868,21337,1,122 James - Rt 298 - Fly Rd,268626,James St & N McBride St,Sy 20,2025-12-01 12:44:14+00:00,2025-12-01 12:51:01+00:00,2025-12-01 12:51:01+00:00,2236,43.05402630665263,-76.14512121481974,407,2025-12-01
1759842, 7:44:40,432,8,1.7532,21337,1,122 James - Rt 298 - Fly Rd,268626,James St & Catherine St,Sy 20,2025-12-01 12:44:40+00:00,,2025-12-01 12:51:26.050345508+00:00,2236,,,406,2025-12-01
1759842, 7:45:18,14776,9,1.9920,21337,1,122 James - Rt 298 - Fly Rd,268626,James St & Lodi St,Sy 20,2025-12-01 12:45:18+00:00,2025-12-01 12:52:02+00:00,2025-12-01 12:52:02+00:00,2236,43.05604270408894,-76.14101436220366,404,2025-12-01
1759842, 7:45:50,446,10,2.1944,21337,1,122 James - Rt 298 - Fly Rd,268626,James St & Highland St,Sy 20,2025-12-01 12:45:50+00:00,,2025-12-01 12:52:22.290726817+00:00,2236,,,392,2025-12-01
1759842, 7:46:18,5088,11,2.3722,21337,1,122 James - Rt 298 - Fly Rd,268626,960 James St,Sy 20,2025-12-01 12:46:18+00:00,,2025-12-01 12:52:40.115288220+00:00,2236,,,382,2025-12-01
1759842, 7:47:00,444,12,2.5905,21337,1,122 James - Rt 298 - Fly Rd,268626,James St & Oak St,Sy 20,2025-12-01 12:47:00+00:00,2025-12-01 12:53:02+00:00,2025-12-01 12:53:02+00:00,2236,43.05931615829468,-76.13433182239532,362,2025-12-01
1759842, 7:47:36,2120,13,2.8021,21337,1,122 James - Rt 298 - Fly Rd,268626,James St & WSYR,Sy 20,2025-12-01 12:47:36+00:00,,2025-12-01 12:53:43.753846153+00:00,2236,,,367,2025-12-01
1759842, 7:47:50,450,14,2.8895,21337,1,122 James - Rt 298 - Fly Rd,268626,James St & Dewitt St,Sy 20,2025-12-01 12:47:50+00:00,2025-12-01 12:54:01+00:00,2025-12-01 12:54:01+00:00,2236,43.06059447924296,-76.13172086079915,371,2025-12-01
1759842, 7:48:06,453,15,2.9863,21337,1,122 James - Rt 298 - Fly Rd,268626,James St & Sedgwick Dr,Sy 20,2025-12-01 12:48:06+00:00,,2025-12-01 12:54:19.104738154+00:00,2236,,,373,2025-12-01
1759842, 7:48:44,459,16,3.2103,21337,1,122 James - Rt 298 - Fly Rd,268626,James St & Vine St,Sy 20,2025-12-01 12:48:44+00:00,2025-12-01 12:55:01+00:00,2025-12-01 12:55:01+00:00,2236,43.06216583251953,-76.12850646972656,377,2025-12-01
1759842, 7:49:16,464,17,3.3991,21337,1,122 James - Rt 298 - Fly Rd,268626,James St & Wilson St,Sy 20,2025-12-01 12:49:16+00:00,2025-12-01 12:56:01+00:00,2025-12-01 12:56:01+00:00,2236,43.0633742014567,-76.12605158487956,405,2025-12-01
1759842, 7:49:56,469,18,3.6374,21337,1,122 James - Rt 298 - Fly Rd,268626,James St & Hampton Rd,Sy 20,2025-12-01 12:49:56+00:00,2025-12-01 12:57:01+00:00,2025-12-01 12:57:01+00:00,2236,43.064596859913955,-76.12354825577646,425,2025-12-01
1759842, 7:50:18,10678,19,3.7675,21337,1,122 James - Rt 298 - Fly Rd,268626,James St & Teall Ave,Sy 20,2025-12-01 12:50:18+00:00,2025-12-01 12:58:01+00:00,2025-12-01 12:58:01+00:00,2236,43.065283990675404,-76.12215386667559,463,2025-12-01
1759842, 7:50:53,479,20,3.9788,21337,1,122 James - Rt 298 - Fly Rd,268626,James St & Rugby Rd,Sy 20,2025-12-01 12:50:53+00:00,,2025-12-01 12:58:17.215790842+00:00,2236,,,444,2025-12-01
1759842, 7:51:13,481,21,4.0984,21337,1,122 James - Rt 298 - Fly Rd,268626,James St & Cook Ave,Sy 20,2025-12-01 12:51:13+00:00,,2025-12-01 12:58:26.394250780+00:00,2236,,,433,2025-12-01
1759842, 7:51:29,487,22,4.1927,21337,1,122 James - Rt 298 - Fly Rd,268626,James St & Hastings Pl,Sy 20,2025-12-01 12:51:29+00:00,,2025-12-01 12:58:33.631113423+00:00,2236,,,424,2025-12-01
1759842, 7:51:44,491,23,4.2856,21337,1,122 James - Rt 298 - Fly Rd,268626,James St & Clifton Pl,Sy 20,2025-12-01 12:51:44+00:00,,2025-12-01 12:58:40.760535900+00:00,2236,,,416,2025-12-01
1759842, 7:52:00,1759,24,4.3533,21337,1,122 James - Rt 298 - Fly Rd,268626,James St & Shotwell Pk,Sy 20,2025-12-01 12:52:00+00:00,,2025-12-01 12:58:45.956035379+00:00,2236,,,405,2025-12-01
1759842, 7:52:30,506,25,4.5363,21337,1,122 James - Rt 298 - Fly Rd,268626,James St & Hickok Ave,Sy 20,2025-12-01 12:52:30+00:00,2025-12-01 12:59:00+00:00,2025-12-01 12:59:00+00:00,2236,43.06841100965227,-76.11485290527344,390,2025-12-01
1759842, 7:52:49,507,26,4.6515,21337,1,122 James - Rt 298 - Fly Rd,268626,James St & Stafford Ave,Sy 20,2025-12-01 12:52:49+00:00,2025-12-01 13:00:02+00:00,2025-12-01 13:00:02+00:00,2236,43.06854506670418,-76.11210464218915,433,2025-12-01
1759842, 7:53:08,515,27,4.7648,21337,1,122 James - Rt 298 - Fly Rd,268626,James St & Forest Hill Dr,Sy 20,2025-12-01 12:53:08+00:00,,2025-12-01 13:00:23.439063502+00:00,2236,,,435,2025-12-01
1759842, 7:53:24,523,28,4.8640,21337,1,122 James - Rt 298 - Fly Rd,268626,James St & Woodbine Ave,Sy 20,2025-12-01 12:53:24+00:00,,2025-12-01 13:00:42.210070558+00:00,2236,,,438,2025-12-01
1759842, 7:53:40,522,29,4.9633,21337,1,122 James - Rt 298 - Fly Rd,268626,James St & Hillsdale Ave,Sy 20,2025-12-01 12:53:40+00:00,2025-12-01 13:01:01+00:00,2025-12-01 13:01:01+00:00,2236,43.06870079040527,-76.10878880818684,441,2025-12-01
1759842, 7:53:58,532,30,5.0705,21337,1,122 James - Rt 298 - Fly Rd,268626,James St & S Collingwood Ave,Sy 20,2025-12-01 12:53:58+00:00,,2025-12-01 13:01:23.356621480+00:00,2236,,,445,2025-12-01
1759842, 7:54:14,533,31,5.1667,21337,1,122 James - Rt 298 - Fly Rd,268626,James St & S Edwards Ave,Sy 20,2025-12-01 12:54:14+00:00,,2025-12-01 13:01:43.419186652+00:00,2236,,,449,2025-12-01
1759842, 7:54:28,541,32,5.2510,21337,1,122 James - Rt 298 - Fly Rd,268626,James St & S Midler Ave,Sy 20,2025-12-01 12:54:28+00:00,2025-12-01 13:02:01+00:00,2025-12-01 13:02:01+00:00,2236,43.068864037008844,-76.10592052983303,453,2025-12-01
1759842, 7:54:47,547,33,5.3662,21337,1,122 James - Rt 298 - Fly Rd,268626,James St & Nichols Ave,Sy 20,2025-12-01 12:54:47+00:00,,2025-12-01 13:02:17.229161775+00:00,2236,,,450,2025-12-01
1759842, 7:55:03,552,34,5.4654,21337,1,122 James - Rt 298 - Fly Rd,268626,James St & Homecroft Rd,Sy 20,2025-12-01 12:55:03+00:00,,2025-12-01 13:02:31.204273303+00:00,2236,,,448,2025-12-01
1759842, 7:55:23,567,35,5.5837,21337,1,122 James - Rt 298 - Fly Rd,268626,James St & Mosley Dr,Sy 20,2025-12-01 12:55:23+00:00,,2025-12-01 13:02:47.870157313+00:00,2236,,,444,2025-12-01
1759842, 7:55:38,558,36,5.6769,21337,1,122 James - Rt 298 - Fly Rd,268626,James St & Plymouth Dr,Sy 20,2025-12-01 12:55:38+00:00,2025-12-01 13:03:01+00:00,2025-12-01 13:03:01+00:00,2236,43.069149017333984,-76.1000515046667,443,2025-12-01
1759842, 7:55:53,562,37,5.7671,21337,1,122 James - Rt 298 - Fly Rd,268626,James St & W Milford Dr,Sy 20,2025-12-01 12:55:53+00:00,,2025-12-01 13:03:18.088727502+00:00,2236,,,445,2025-12-01
1759842, 7:56:31,578,38,5.9936,21337,1,122 James - Rt 298 - Fly Rd,268626,James St & E Milford Dr,Sy 20,2025-12-01 12:56:31+00:00,2025-12-01 13:04:01+00:00,2025-12-01 13:04:01+00:00,2236,43.0693508494984,-76.09571838378906,450,2025-12-01
1759842, 7:57:00,575,39,6.1661,21337,1,122 James - Rt 298 - Fly Rd,268626,James St & Ridgewood Dr,Sy 20,2025-12-01 12:57:00+00:00,,2025-12-01 13:04:22.256931608+00:00,2236,,,442,2025-12-01
1759842, 7:58:00,7468,40,6.4805,21337,1,122 James - Rt 298 - Fly Rd,268626,Thompson Rd & James St,Sy 20,2025-12-01 12:58:00+00:00,2025-12-01 13:05:01+00:00,2025-12-01 13:05:01+00:00,2236,43.06949327576835,-76.0915645383439,421,2025-12-01
1759842, 7:58:32,6624,41,6.8290,21337,1,122 James - Rt 298 - Fly Rd,268626,Thompson Rd & Exeter St,Sy 20,2025-12-01 12:58:32+00:00,2025-12-01 13:08:01+00:00,2025-12-01 13:08:01+00:00,2236,43.07308544832117,-76.08921612010283,569,2025-12-01
1759842, 7:58:49,8068,42,7.0160,21337,1,122 James - Rt 298 - Fly Rd,268626,Thompson Rd Tavern,Sy 20,2025-12-01 12:58:49+00:00,,2025-12-01 13:08:19.000962618+00:00,2236,,,570,2025-12-01
1759842, 7:59:29,8069,43,7.4523,21337,1,122 James - Rt 298 - Fly Rd,268626,Thompson Rd & NYNEX,Sy 20,2025-12-01 12:59:29+00:00,2025-12-01 13:09:01+00:00,2025-12-01 13:09:01+00:00,2236,43.07836405436198,-76.08919270833333,572,2025-12-01
1759842, 8:00:08,8070,44,7.8800,21337,1,122 James - Rt 298 - Fly Rd,268626,Thompson Rd & 1st Gate @ Carrier,Sy 20,2025-12-01 13:00:08+00:00,,2025-12-01 13:09:37.394837611+00:00,2236,,,569,2025-12-01
1759842, 8:00:33,8071,45,8.1574,21337,1,122 James - Rt 298 - Fly Rd,268626,Comfort Inn Thompson Rd,Sy 20,2025-12-01 13:00:33+00:00,2025-12-01 13:10:01+00:00,2025-12-01 13:10:01+00:00,2236,43.087035481522726,-76.08983760926782,568,2025-12-01
1759842, 8:01:40,7465,46,8.8829,21337,1,122 James - Rt 298 - Fly Rd,268626,Thompson Rd & Tarbell Rd,Sy 20,2025-12-01 13:01:40+00:00,2025-12-01 13:11:01+00:00,2025-12-01 13:11:01+00:00,2236,43.08937072753906,-76.0919075012207,561,2025-12-01
1759842, 8:02:00,7811,47,9.0782,21337,1,122 James - Rt 298 - Fly Rd,268626,Days Inn,Sy 20,2025-12-01 13:02:00+00:00,,2025-12-01 13:11:29.727629320+00:00,2236,,,569,2025-12-01
1759842, 8:04:04,6638,48,9.9358,21337,1,122 James - Rt 298 - Fly Rd,268626,Carrier Pky & Old Collamer Rd,Sy 20,2025-12-01 13:04:04+00:00,,2025-12-01 13:13:35.876195145+00:00,2236,,,571,2025-12-01
1759842, 8:04:28,14804,49,10.1066,21337,1,122 James - Rt 298 - Fly Rd,268626,Old Collamer Rd S & Carrier Pkwy,Sy 20,2025-12-01 13:04:28+00:00,2025-12-01 13:14:01+00:00,2025-12-01 13:14:01+00:00,2236,43.08769226074219,-76.0858154296875,573,2025-12-01
1759842, 8:05:00,14805,50,10.3181,21337,1,122 James - Rt 298 - Fly Rd,268626,Old Collamer Rd S & Court Street Rd,Sy 20,2025-12-01 13:05:00+00:00,2025-12-01 13:15:02+00:00,2025-12-01 13:15:02+00:00,2236,43.09013239542643,-76.08594767252605,602,2025-12-01
1759842, 8:05:20,8104,51,10.5295,21337,1,122 James - Rt 298 - Fly Rd,268626,Court Street Rd & OnBank,Sy 20,2025-12-01 13:05:20+00:00,,2025-12-01 13:15:33.275325977+00:00,2236,,,613,2025-12-01
1759842, 8:05:38,17402,52,10.7169,21337,1,122 James - Rt 298 - Fly Rd,268626,Court Street Rd & Weighlock Dr,Sy 20,2025-12-01 13:05:38+00:00,2025-12-01 13:16:01+00:00,2025-12-01 13:16:01+00:00,2236,43.090367403897375,-76.08114624023438,623,2025-12-01
1759842, 8:06:06,14806,53,11.0183,21337,1,122 James - Rt 298 - Fly Rd,268626,NVG Dr & Sanders Creek Pkwy,Sy 20,2025-12-01 13:06:06+00:00,,2025-12-01 13:16:30.511075441+00:00,2236,,,624,2025-12-01
1759842, 8:06:36,14807,54,11.3399,21337,1,122 James - Rt 298 - Fly Rd,268626,New Venture Gear Dr & Campuswood Dr,Sy 20,2025-12-01 13:06:36+00:00,2025-12-01 13:17:02+00:00,2025-12-01 13:17:02+00:00,2236,43.09064719790504,-76.07343219575428,626,2025-12-01
1759842, 8:09:06,2568,55,12.9100,21337,1,122 James - Rt 298 - Fly Rd,268626,Fly Rd & Chrysler Dr ramp,Sy 20,2025-12-01 13:09:06+00:00,2025-12-01 13:18:01+00:00,2025-12-01 13:18:01+00:00,2236,43.093242042943054,-76.06065756814522,535,2025-12-01
1759842, 8:10:09,6690,56,13.5741,21337,1,122 James - Rt 298 - Fly Rd,268626,Fly Rd & Benedict Rd,Sy 20,2025-12-01 13:10:09+00:00,2025-12-01 13:19:01+00:00,2025-12-01 13:19:01+00:00,2236,43.084369579950966,-76.05874458948772,532,2025-12-01
1759842, 8:11:30,2575,57,14.4174,21337,1,122 James - Rt 298 - Fly Rd,268626,Fly Rd & Kirkville Rd,Sy 20,2025-12-01 13:11:30+00:00,2025-12-01 13:20:02+00:00,2025-12-01 13:20:02+00:00,2236,43.07580516023456,-76.05809078576429,512,2025-12-01
1759842, 8:12:01,14832,58,14.7461,21337,1,122 James - Rt 298 - Fly Rd,268626,Fly Rd & Swanka Blvd,Sy 20,2025-12-01 13:12:01+00:00,2025-12-01 13:21:01+00:00,2025-12-01 13:21:01+00:00,2236,43.07093811035156,-76.05855143070221,540,2025-12-01
1759842, 8:13:56,7292,59,15.9425,21337,1,122 James - Rt 298 - Fly Rd,268626,Hartwell Ave & E Irving St,Sy 20,2025-12-01 13:13:56+00:00,2025-12-01 13:22:01+00:00,2025-12-01 13:22:01+00:00,2236,43.0706901550293,-76.06513977050781,485,2025-12-01
1759842, 8:14:42,4320,60,16.4303,21337,1,122 James - Rt 298 - Fly Rd,268626,McCool Ave & E Irving St,Sy 20,2025-12-01 13:14:42+00:00,,2025-12-01 13:22:48.590243902+00:00,2236,,,486,2025-12-01
1759842, 8:15:00,2556,61,16.5575,21337,1,122 James - Rt 298 - Fly Rd,268626,E Irving St & Hartwell Ave,Sy 20,2025-12-01 13:15:00+00:00,2025-12-01 13:23:01+00:00,2025-12-01 13:23:01+00:00,2236,43.068111419677734,-76.0659408569336,481,2025-12-01
1759843, 9:00:00,17651,1,,21337,1,123 James - East Syracuse - Walmart,268633,B12,Sy 20,2025-12-01 14:00:00+00:00,2025-12-01 14:03:01+00:00,2025-12-01 14:03:01+00:00,1778,43.043849620413276,-76.151994421127,181,2025-12-01
1759843, 9:01:05,102,2,0.4057,21337,1,123 James - East Syracuse - Walmart,268633,S Salina St & Jefferson St,Sy 20,2025-12-01 14:01:05+00:00,2025-12-01 14:04:02+00:00,2025-12-01 14:04:02+00:00,1778,43.04649418797986,-76.15225219726562,177,2025-12-01
1759843, 9:01:55,17670,3,0.7147,21337,1,123 James - East Syracuse - Walmart,268633,S Salina St & Water St (mid-block),Sy 20,2025-12-01 14:01:55+00:00,2025-12-01 14:06:01+00:00,2025-12-01 14:06:01+00:00,1778,43.04891239513051,-76.15222722833806,246,2025-12-01
1759843, 9:02:38,423,4,0.9848,21337,1,123 James - East Syracuse - Walmart,268633,James St & N Warren St,Sy 20,2025-12-01 14:02:38+00:00,,2025-12-01 14:07:33.341880341+00:00,1778,,,295,2025-12-01
1759843, 9:03:19,420,5,1.2412,21337,1,123 James - East Syracuse - Walmart,268633,James St & N State St,Sy 20,2025-12-01 14:03:19+00:00,2025-12-01 14:09:01+00:00,2025-12-01 14:09:01+00:00,1778,43.05225960153048,-76.14870803082576,342,2025-12-01
1759843, 9:03:51,421,6,1.4442,21337,1,123 James - East Syracuse - Walmart,268633,James St & N Townsend St,Sy 20,2025-12-01 14:03:51+00:00,2025-12-01 14:10:01+00:00,2025-12-01 14:10:01+00:00,1778,43.05329132080078,-76.14660898844402,370,2025-12-01
1759843, 9:04:14,442,7,1.5868,21337,1,123 James - East Syracuse - Walmart,268633,James St & N McBride St,Sy 20,2025-12-01 14:04:14+00:00,2025-12-01 14:11:01+00:00,2025-12-01 14:11:01+00:00,1778,43.054156910289414,-76.14485099098899,407,2025-12-01
1759843, 9:04:40,432,8,1.7532,21337,1,123 James - East Syracuse - Walmart,268633,James St & Catherine St,Sy 20,2025-12-01 14:04:40+00:00,2025-12-01 14:12:01+00:00,2025-12-01 14:12:01+00:00,1778,43.05506416603371,-76.14297527737088,441,2025-12-01
1759843, 9:05:18,14776,9,1.9920,21337,1,123 James - East Syracuse - Walmart,268633,James St & Lodi St,Sy 20,2025-12-01 14:05:18+00:00,2025-12-01 14:13:01+00:00,2025-12-01 14:13:01+00:00,1778,43.05632700238909,-76.14042827061245,463,2025-12-01
1759843, 9:05:50,446,10,2.1944,21337,1,123 James - East Syracuse - Walmart,268633,James St & Highland St,Sy 20,2025-12-01 14:05:50+00:00,2025-12-01 14:14:01+00:00,2025-12-01 14:14:01+00:00,1778,43.05731353759766,-76.13842468261718,491,2025-12-01
1759843, 9:06:18,5088,11,2.3722,21337,1,123 James - East Syracuse - Walmart,268633,960 James St,Sy 20,2025-12-01 14:06:18+00:00,2025-12-01 14:15:02+00:00,2025-12-01 14:15:02+00:00,1778,43.058236846923826,-76.13652069091796,524,2025-12-01
1759843, 9:07:00,444,12,2.5905,21337,1,123 James - East Syracuse - Walmart,268633,James St & Oak St,Sy 20,2025-12-01 14:07:00+00:00,2025-12-01 14:16:01+00:00,2025-12-01 14:16:01+00:00,1778,43.059613943099976,-76.13373231887817,541,2025-12-01
1759843, 9:07:36,2120,13,2.8021,21337,1,123 James - East Syracuse - Walmart,268633,James St & WSYR,Sy 20,2025-12-01 14:07:36+00:00,,2025-12-01 14:16:33.076806467+00:00,1778,,,537,2025-12-01
1759843, 9:07:50,450,14,2.8895,21337,1,123 James - East Syracuse - Walmart,268633,James St & Dewitt St,Sy 20,2025-12-01 14:07:50+00:00,,2025-12-01 14:16:46.325922182+00:00,1778,,,536,2025-12-01
1759843, 9:08:06,453,15,2.9863,21337,1,123 James - East Syracuse - Walmart,268633,James St & Sedgwick Dr,Sy 20,2025-12-01 14:08:06+00:00,2025-12-01 14:17:01+00:00,2025-12-01 14:17:01+00:00,1778,43.06102998795048,-76.1308359945974,535,2025-12-01
1759843, 9:08:44,459,16,3.2103,21337,1,123 James - East Syracuse - Walmart,268633,James St & Vine St,Sy 20,2025-12-01 14:08:44+00:00,,2025-12-01 14:18:06.116279069+00:00,1778,,,562,2025-12-01
1759843, 9:09:16,464,17,3.3991,21337,1,123 James - East Syracuse - Walmart,268633,James St & Wilson St,Sy 20,2025-12-01 14:09:16+00:00,2025-12-01 14:19:01+00:00,2025-12-01 14:19:01+00:00,1778,43.063775634765626,-76.12523714701335,585,2025-12-01
1759843, 9:09:56,469,18,3.6374,21337,1,123 James - East Syracuse - Walmart,268633,James St & Hampton Rd,Sy 20,2025-12-01 14:09:56+00:00,,2025-12-01 14:19:39.811074918+00:00,1778,,,583,2025-12-01
1759843, 9:10:18,10678,19,3.7675,21337,1,123 James - East Syracuse - Walmart,268633,James St & Teall Ave,Sy 20,2025-12-01 14:10:18+00:00,2025-12-01 14:20:01+00:00,2025-12-01 14:20:01+00:00,1778,43.064936693976904,-76.12287319407744,583,2025-12-01
1759843, 9:10:53,479,20,3.9788,21337,1,123 James - East Syracuse - Walmart,268633,James St & Rugby Rd,Sy 20,2025-12-01 14:10:53+00:00,2025-12-01 14:21:01+00:00,2025-12-01 14:21:01+00:00,1778,43.06600646972656,-76.12068023681641,608,2025-12-01
1759843, 9:11:13,481,21,4.0984,21337,1,123 James - East Syracuse - Walmart,268633,James St & Cook Ave,Sy 20,2025-12-01 14:11:13+00:00,,2025-12-01 14:21:24.389830508+00:00,1778,,,611,2025-12-01
1759843, 9:11:29,487,22,4.1927,21337,1,123 James - East Syracuse - Walmart,268633,James St & Hastings Pl,Sy 20,2025-12-01 14:11:29+00:00,,2025-12-01 14:21:42.831812255+00:00,1778,,,613,2025-12-01
1759843, 9:11:44,491,23,4.2856,21337,1,123 James - East Syracuse - Walmart,268633,James St & Clifton Pl,Sy 20,2025-12-01 14:11:44+00:00,2025-12-01 14:22:01+00:00,2025-12-01 14:22:01+00:00,1778,43.06775929377629,-76.11707188532903,617,2025-12-01
1759843, 9:12:00,1759,24,4.3533,21337,1,123 James - East Syracuse - Walmart,268633,James St & Shotwell Pk,Sy 20,2025-12-01 14:12:00+00:00,2025-12-01 14:23:02+00:00,2025-12-01 14:23:02+00:00,1778,43.068336955288004,-76.11565613328365,662,2025-12-01
1759843, 9:12:31,506,25,4.5363,21337,1,123 James - East Syracuse - Walmart,268633,James St & Hickok Ave,Sy 20,2025-12-01 14:12:31+00:00,,2025-12-01 14:23:38.207243460+00:00,1778,,,667,2025-12-01
1759843, 9:12:50,507,26,4.6515,21337,1,123 James - East Syracuse - Walmart,268633,James St & Stafford Ave,Sy 20,2025-12-01 14:12:50+00:00,2025-12-01 14:24:01+00:00,2025-12-01 14:24:01+00:00,1778,43.06849199660281,-76.11332085792054,671,2025-12-01
1759843, 9:13:09,515,27,4.7648,21337,1,123 James - East Syracuse - Walmart,268633,James St & Forest Hill Dr,Sy 20,2025-12-01 14:13:09+00:00,,2025-12-01 14:24:22.802437459+00:00,1778,,,673,2025-12-01
1759843, 9:13:26,523,28,4.8640,21337,1,123 James - East Syracuse - Walmart,268633,James St & Woodbine Ave,Sy 20,2025-12-01 14:13:26+00:00,,2025-12-01 14:24:41.891597177+00:00,1778,,,675,2025-12-01
1759843, 9:13:43,522,29,4.9633,21337,1,123 James - East Syracuse - Walmart,268633,James St & Hillsdale Ave,Sy 20,2025-12-01 14:13:43+00:00,2025-12-01 14:25:01+00:00,2025-12-01 14:25:01+00:00,1778,43.06870079040527,-76.10878880818684,678,2025-12-01
1759843, 9:14:01,532,30,5.0705,21337,1,123 James - East Syracuse - Walmart,268633,James St & S Collingwood Ave,Sy 20,2025-12-01 14:14:01+00:00,,2025-12-01 14:25:32.622418879+00:00,1778,,,691,2025-12-01
1759843, 9:14:17,533,31,5.1667,21337,1,123 James - East Syracuse - Walmart,268633,James St & S Edwards Ave,Sy 20,2025-12-01 14:14:17+00:00,2025-12-01 14:26:01+00:00,2025-12-01 14:26:01+00:00,1778,43.068851540305396,-76.10640355890447,704,2025-12-01
1759843, 9:14:31,541,32,5.2510,21337,1,123 James - East Syracuse - Walmart,268633,James St & S Midler Ave,Sy 20,2025-12-01 14:14:31+00:00,,2025-12-01 14:26:09.424383744+00:00,1778,,,698,2025-12-01
1759843, 9:14:50,547,33,5.3662,21337,1,123 James - East Syracuse - Walmart,268633,James St & Nichols Ave,Sy 20,2025-12-01 14:14:50+00:00,,2025-12-01 14:26:20.936708860+00:00,1778,,,690,2025-12-01
1759843, 9:15:07,552,34,5.4654,21337,1,123 James - East Syracuse - Walmart,268633,James St & Homecroft Rd,Sy 20,2025-12-01 14:15:07+00:00,,2025-12-01 14:26:30.850099933+00:00,1778,,,683,2025-12-01
1759843, 9:15:27,567,35,5.5837,21337,1,123 James - East Syracuse - Walmart,268633,James St & Mosley Dr,Sy 20,2025-12-01 14:15:27+00:00,,2025-12-01 14:26:42.672218520+00:00,1778,,,675,2025-12-01
1759843, 9:15:43,558,36,5.6769,21337,1,123 James - East Syracuse - Walmart,268633,James St & Plymouth Dr,Sy 20,2025-12-01 14:15:43+00:00,,2025-12-01 14:26:51.986009327+00:00,1778,,,668,2025-12-01
1759843, 9:15:58,562,37,5.7671,21337,1,123 James - East Syracuse - Walmart,268633,James St & W Milford Dr,Sy 20,2025-12-01 14:15:58+00:00,2025-12-01 14:27:01+00:00,2025-12-01 14:27:01+00:00,1778,43.06917103001329,-76.09961162629675,663,2025-12-01
1759843, 9:16:36,578,38,5.9936,21337,1,123 James - East Syracuse - Walmart,268633,James St & E Milford Dr,Sy 20,2025-12-01 14:16:36+00:00,2025-12-01 14:28:01+00:00,2025-12-01 14:28:01+00:00,1778,43.06932986866344,-76.09610748291016,685,2025-12-01
1759843, 9:17:05,575,39,6.1661,21337,1,123 James - East Syracuse - Walmart,268633,James St & Ridgewood Dr,Sy 20,2025-12-01 14:17:05+00:00,,2025-12-01 14:28:23.898230088+00:00,1778,,,678,2025-12-01
1759843, 9:18:00,7471,40,6.4456,21337,1,123 James - East Syracuse - Walmart,268633,James St & Thompson Rd,Sy 20,2025-12-01 14:18:00+00:00,2025-12-01 14:29:01+00:00,2025-12-01 14:29:01+00:00,1778,43.06947708129883,-76.09156962803432,661,2025-12-01
1759843, 9:19:06,2547,41,6.6732,21337,1,123 James - East Syracuse - Walmart,268633,James St & Wegman's Plaza,Sy 20,2025-12-01 14:19:06+00:00,2025-12-01 14:30:02+00:00,2025-12-01 14:30:02+00:00,1778,43.06963119506836,-76.08877258300781,656,2025-12-01
1759843, 9:20:25,2432,42,6.9448,21337,1,123 James - East Syracuse - Walmart,268633,James St & Worth St,Sy 20,2025-12-01 14:20:25+00:00,,2025-12-01 14:30:38.891222463+00:00,1778,,,613,2025-12-01
1759843, 9:20:55,2440,43,7.0480,21337,1,123 James - East Syracuse - Walmart,268633,James St & Schoeder St,Sy 20,2025-12-01 14:20:55+00:00,,2025-12-01 14:30:52.908800365+00:00,1778,,,597,2025-12-01
1759843, 9:21:20,2444,44,7.1352,21337,1,123 James - East Syracuse - Walmart,268633,James St & Allen St,Sy 20,2025-12-01 14:21:20+00:00,,2025-12-01 14:31:04.753110375+00:00,1778,,,584,2025-12-01
1759843, 9:21:46,2448,45,7.2264,21337,1,123 James - East Syracuse - Walmart,268633,James St & West Ave,Sy 20,2025-12-01 14:21:46+00:00,,2025-12-01 14:31:17.140737358+00:00,1778,,,571,2025-12-01
1759843, 9:22:13,2452,46,7.3206,21337,1,123 James - East Syracuse - Walmart,268633,James St & Highland Ave,Sy 20,2025-12-01 14:22:13+00:00,,2025-12-01 14:31:29.935852071+00:00,1778,,,556,2025-12-01
1759843, 9:22:45,2461,47,7.4328,21337,1,123 James - East Syracuse - Walmart,268633,James St & East Ave,Sy 20,2025-12-01 14:22:45+00:00,,2025-12-01 14:31:45.175893162+00:00,1778,,,540,2025-12-01
1759843, 9:23:18,2464,48,7.5493,21337,1,123 James - East Syracuse - Walmart,268633,James St & Kinne St,Sy 20,2025-12-01 14:23:18+00:00,2025-12-01 14:32:01+00:00,2025-12-01 14:32:01+00:00,1778,43.0701847076416,-76.07770156860352,523,2025-12-01
1759843, 9:24:18,8146,49,7.7586,21337,1,123 James - East Syracuse - Walmart,268633,Kinne St & Midland St,Sy 20,2025-12-01 14:24:18+00:00,,2025-12-01 14:32:32.030392883+00:00,1778,,,494,2025-12-01
1759843, 9:25:14,8147,50,7.9540,21337,1,123 James - East Syracuse - Walmart,268633,Kinne St & W Yates St,Sy 20,2025-12-01 14:25:14+00:00,2025-12-01 14:33:01+00:00,2025-12-01 14:33:01+00:00,1778,43.06659755422108,-76.07672346883746,467,2025-12-01
1759843, 9:25:42,8148,51,8.0501,21337,1,123 James - East Syracuse - Walmart,268633,Kinne St & W Ellis St,Sy 20,2025-12-01 14:25:42+00:00,,2025-12-01 14:33:28.210948560+00:00,1778,,,466,2025-12-01
1759843, 9:26:15,7237,52,8.1659,21337,1,123 James - East Syracuse - Walmart,268633,Kinne St & W Manlius St,Sy 20,2025-12-01 14:26:15+00:00,2025-12-01 14:34:01+00:00,2025-12-01 14:34:01+00:00,1778,43.064726622208305,-76.07671422543733,466,2025-12-01
1759843, 9:26:49,7232,53,8.2861,21337,1,123 James - East Syracuse - Walmart,268633,W Manlius St & Charles St,Sy 20,2025-12-01 14:26:49+00:00,,2025-12-01 14:34:18.513355998+00:00,1778,,,449,2025-12-01
1759843, 9:27:28,7267,54,8.4213,21337,1,123 James - East Syracuse - Walmart,268633,W Manlius St & Division St,Sy 20,2025-12-01 14:27:28+00:00,,2025-12-01 14:34:38.212238950+00:00,1778,,,430,2025-12-01
1759843, 9:27:43,7274,55,8.4735,21337,1,123 James - East Syracuse - Walmart,268633,W Manlius St & Silver St,Sy 20,2025-12-01 14:27:43+00:00,,2025-12-01 14:34:45.817872753+00:00,1778,,,422,2025-12-01
1759843, 9:28:13,7282,56,8.5777,21337,1,123 James - East Syracuse - Walmart,268633,W Manlius St & Ball St,Sy 20,2025-12-01 14:28:13+00:00,2025-12-01 14:35:01+00:00,2025-12-01 14:35:01+00:00,1778,43.06401586532593,-76.07148742675781,408,2025-12-01
1759843, 9:28:38,2523,57,8.6649,21337,1,123 James - East Syracuse - Walmart,268633,W Manlius St & N Center St,Sy 20,2025-12-01 14:28:38+00:00,,2025-12-01 14:35:12.872021783+00:00,1778,,,394,2025-12-01
1759843, 9:30:20,4281,58,9.0184,21337,1,123 James - East Syracuse - Walmart,268633,Bridge St & E 2nd St,Sy 20,2025-12-01 14:30:20+00:00,2025-12-01 14:36:01+00:00,2025-12-01 14:36:01+00:00,1778,43.062071374122134,-76.06757581994889,341,2025-12-01
1759843, 9:31:46,8169,59,9.3153,21337,1,123 James - East Syracuse - Walmart,268633,Chevy Dr & Bridge St,Sy 20,2025-12-01 14:31:46+00:00,2025-12-01 14:37:01+00:00,2025-12-01 14:37:01+00:00,1778,43.06097449508368,-76.06501351150811,315,2025-12-01
1759843, 9:35:00,7888,60,9.9479,21337,1,123 James - East Syracuse - Walmart,268633,Walmart - East Syracuse,Sy 20,2025-12-01 14:35:00+00:00,2025-12-01 14:38:01+00:00,2025-12-01 14:38:01+00:00,1778,43.06260681152344,-76.06093788146973,181,2025-12-01
1759844,10:20:00,17651,1,,21337,1,123 James - East Syracuse - Walmart,268626,B12,Sy 20,2025-12-01 15:20:00+00:00,2025-12-01 15:23:02+00:00,2025-12-01 15:23:02+00:00,2236,43.04368782043457,-76.15162658691406,182,2025-12-01
1759844,10:21:05,102,2,0.4057,21337,1,123 James - East Syracuse - Walmart,268626,S Salina St & Jefferson St,Sy 20,2025-12-01 15:21:05+00:00,2025-12-01 15:24:01+00:00,2025-12-01 15:24:01+00:00,2236,43.046499844255116,-76.15225219726562,176,2025-12-01
1759844,10:21:55,17670,3,0.7147,21337,1,123 James - East Syracuse - Walmart,268626,S Salina St & Water St (mid-block),Sy 20,2025-12-01 15:21:55+00:00,2025-12-01 15:27:02+00:00,2025-12-01 15:27:02+00:00,2236,43.04942103794643,-76.15221350533622,307,2025-12-01
1759844,10:22:38,423,4,0.9848,21337,1,123 James - East Syracuse - Walmart,268626,James St & N Warren St,Sy 20,2025-12-01 15:22:38+00:00,2025-12-01 15:29:01+00:00,2025-12-01 15:29:01+00:00,2236,43.0512984703327,-76.15069632694639,383,2025-12-01
1759844,10:23:19,420,5,1.2412,21337,1,123 James - East Syracuse - Walmart,268626,James St & N State St,Sy 20,2025-12-01 15:23:19+00:00,2025-12-01 15:30:02+00:00,2025-12-01 15:30:02+00:00,2236,43.052262353115395,-76.14870252765593,403,2025-12-01
1759844,10:23:51,421,6,1.4442,21337,1,123 James - East Syracuse - Walmart,268626,James St & N Townsend St,Sy 20,2025-12-01 15:23:51+00:00,,2025-12-01 15:30:36.655671296+00:00,2236,,,405,2025-12-01
1759844,10:24:14,442,7,1.5868,21337,1,123 James - East Syracuse - Walmart,268626,James St & N McBride St,Sy 20,2025-12-01 15:24:14+00:00,2025-12-01 15:31:01+00:00,2025-12-01 15:31:01+00:00,2236,43.054013799448484,-76.14514622922803,407,2025-12-01
1759844,10:24:40,432,8,1.7532,21337,1,123 James - East Syracuse - Walmart,268626,James St & Catherine St,Sy 20,2025-12-01 15:24:40+00:00,2025-12-01 15:32:01+00:00,2025-12-01 15:32:01+00:00,2236,43.05505533421293,-76.1429620296397,441,2025-12-01
1759844,10:25:18,14776,9,1.9920,21337,1,123 James - East Syracuse - Walmart,268626,James St & Lodi St,Sy 20,2025-12-01 15:25:18+00:00,2025-12-01 15:33:01+00:00,2025-12-01 15:33:01+00:00,2236,43.056333133152556,-76.14041600908551,463,2025-12-01
1759844,10:25:50,446,10,2.1944,21337,1,123 James - East Syracuse - Walmart,268626,James St & Highland St,Sy 20,2025-12-01 15:25:50+00:00,,2025-12-01 15:33:15.990741883+00:00,2236,,,445,2025-12-01
1759844,10:26:18,5088,11,2.3722,21337,1,123 James - East Syracuse - Walmart,268626,960 James St,Sy 20,2025-12-01 15:26:18+00:00,,2025-12-01 15:33:29.159486483+00:00,2236,,,431,2025-12-01
1759844,10:27:00,444,12,2.5905,21337,1,123 James - East Syracuse - Walmart,268626,James St & Oak St,Sy 20,2025-12-01 15:27:00+00:00,,2025-12-01 15:33:45.327860757+00:00,2236,,,405,2025-12-01
1759844,10:27:36,2120,13,2.8021,21337,1,123 James - East Syracuse - Walmart,268626,James St & WSYR,Sy 20,2025-12-01 15:27:36+00:00,2025-12-01 15:34:01+00:00,2025-12-01 15:34:01+00:00,2236,43.06011977850222,-76.13269850786995,385,2025-12-01
1759844,10:27:50,450,14,2.8895,21337,1,123 James - East Syracuse - Walmart,268626,James St & Dewitt St,Sy 20,2025-12-01 15:27:50+00:00,,2025-12-01 15:34:13.846643802+00:00,2236,,,383,2025-12-01
1759844,10:28:06,453,15,2.9863,21337,1,123 James - East Syracuse - Walmart,268626,James St & Sedgwick Dr,Sy 20,2025-12-01 15:28:06+00:00,,2025-12-01 15:34:28.074963253+00:00,2236,,,382,2025-12-01
1759844,10:28:44,459,16,3.2103,21337,1,123 James - East Syracuse - Walmart,268626,James St & Vine St,Sy 20,2025-12-01 15:28:44+00:00,2025-12-01 15:35:01+00:00,2025-12-01 15:35:01+00:00,2236,43.06242633256756,-76.12797571401127,377,2025-12-01
1759844,10:29:16,464,17,3.3991,21337,1,123 James - East Syracuse - Walmart,268626,James St & Wilson St,Sy 20,2025-12-01 15:29:16+00:00,,2025-12-01 15:35:21.330222541+00:00,2236,,,365,2025-12-01
1759844,10:29:56,469,18,3.6374,21337,1,123 James - East Syracuse - Walmart,268626,James St & Hampton Rd,Sy 20,2025-12-01 15:29:56+00:00,,2025-12-01 15:35:46.990667623+00:00,2236,,,350,2025-12-01
1759844,10:30:18,10678,19,3.7675,21337,1,123 James - East Syracuse - Walmart,268626,James St & Teall Ave,Sy 20,2025-12-01 15:30:18+00:00,2025-12-01 15:36:01+00:00,2025-12-01 15:36:01+00:00,2236,43.06492457670324,-76.12289742862477,343,2025-12-01
1759844,10:30:53,479,20,3.9788,21337,1,123 James - East Syracuse - Walmart,268626,James St & Rugby Rd,Sy 20,2025-12-01 15:30:53+00:00,,2025-12-01 15:36:25.470179502+00:00,2236,,,332,2025-12-01
1759844,10:31:13,481,21,4.0984,21337,1,123 James - East Syracuse - Walmart,268626,James St & Cook Ave,Sy 20,2025-12-01 15:31:13+00:00,,2025-12-01 15:36:39.320787492+00:00,2236,,,326,2025-12-01
1759844,10:31:29,487,22,4.1927,21337,1,123 James - East Syracuse - Walmart,268626,James St & Hastings Pl,Sy 20,2025-12-01 15:31:29+00:00,,2025-12-01 15:36:50.241459177+00:00,2236,,,321,2025-12-01
1759844,10:31:44,491,23,4.2856,21337,1,123 James - East Syracuse - Walmart,268626,James St & Clifton Pl,Sy 20,2025-12-01 15:31:44+00:00,2025-12-01 15:37:01+00:00,2025-12-01 15:37:01+00:00,2236,43.06755529131208,-76.11752564566476,317,2025-12-01
1759844,10:32:00,1759,24,4.3533,21337,1,123 James - East Syracuse - Walmart,268626,James St & Shotwell Pk,Sy 20,2025-12-01 15:32:00+00:00,2025-12-01 15:38:01+00:00,2025-12-01 15:38:01+00:00,2236,43.06818809509277,-76.11616477966308,361,2025-12-01
1759844,10:32:31,506,25,4.5363,21337,1,123 James - East Syracuse - Walmart,268626,James St & Hickok Ave,Sy 20,2025-12-01 15:32:31+00:00,2025-12-01 15:39:01+00:00,2025-12-01 15:39:01+00:00,2236,43.06848250044153,-76.11352392967711,390,2025-12-01
1759844,10:32:50,507,26,4.6515,21337,1,123 James - East Syracuse - Walmart,268626,James St & Stafford Ave,Sy 20,2025-12-01 15:32:50+00:00,,2025-12-01 15:39:31.249452954+00:00,2236,,,401,2025-12-01
1759844,10:33:09,515,27,4.7648,21337,1,123 James - East Syracuse - Walmart,268626,James St & Forest Hill Dr,Sy 20,2025-12-01 15:33:09+00:00,2025-12-01 15:40:01+00:00,2025-12-01 15:40:01+00:00,2236,43.06854433626742,-76.11156566722973,412,2025-12-01
1759844,10:33:26,523,28,4.8640,21337,1,123 James - East Syracuse - Walmart,268626,James St & Woodbine Ave,Sy 20,2025-12-01 15:33:26+00:00,,2025-12-01 15:40:20.470068694+00:00,2236,,,414,2025-12-01
1759844,10:33:43,522,29,4.9633,21337,1,123 James - East Syracuse - Walmart,268626,James St & Hillsdale Ave,Sy 20,2025-12-01 15:33:43+00:00,,2025-12-01 15:40:39.959764474+00:00,2236,,,416,2025-12-01
1759844,10:34:01,532,30,5.0705,21337,1,123 James - East Syracuse - Walmart,268626,James St & S Collingwood Ave,Sy 20,2025-12-01 15:34:01+00:00,2025-12-01 15:41:01+00:00,2025-12-01 15:41:01+00:00,2236,43.06873253210267,-76.10822273368267,420,2025-12-01
1759844,10:34:17,533,31,5.1667,21337,1,123 James - East Syracuse - Walmart,268626,James St & S Edwards Ave,Sy 20,2025-12-01 15:34:17+00:00,,2025-12-01 15:41:32.977839335+00:00,2236,,,435,2025-12-01
1759844,10:34:31,541,32,5.2510,21337,1,123 James - East Syracuse - Walmart,268626,James St & S Midler Ave,Sy 20,2025-12-01 15:34:31+00:00,2025-12-01 15:42:01+00:00,2025-12-01 15:42:01+00:00,2236,43.06886515897863,-76.10590183033662,450,2025-12-01
1759844,10:34:50,547,33,5.3662,21337,1,123 James - East Syracuse - Walmart,268626,James St & Nichols Ave,Sy 20,2025-12-01 15:34:50+00:00,,2025-12-01 15:42:33.238805970+00:00,2236,,,463,2025-12-01
1759844,10:35:07,552,34,5.4654,21337,1,123 James - East Syracuse - Walmart,268626,James St & Homecroft Rd,Sy 20,2025-12-01 15:35:07+00:00,2025-12-01 15:43:01+00:00,2025-12-01 15:43:01+00:00,2236,43.06902860245615,-76.10261607619951,474,2025-12-01
1759844,10:35:27,567,35,5.5837,21337,1,123 James - East Syracuse - Walmart,268626,James St & Mosley Dr,Sy 20,2025-12-01 15:35:27+00:00,,2025-12-01 15:43:14.438091631+00:00,2236,,,467,2025-12-01
1759844,10:35:43,558,36,5.6769,21337,1,123 James - East Syracuse - Walmart,268626,James St & Plymouth Dr,Sy 20,2025-12-01 15:35:43+00:00,,2025-12-01 15:43:25.024990533+00:00,2236,,,462,2025-12-01
1759844,10:35:58,562,37,5.7671,21337,1,123 James - East Syracuse - Walmart,268626,James St & W Milford Dr,Sy 20,2025-12-01 15:35:58+00:00,,2025-12-01 15:43:35.271109428+00:00,2236,,,457,2025-12-01
1759844,10:36:36,578,38,5.9936,21337,1,123 James - East Syracuse - Walmart,268626,James St & E Milford Dr,Sy 20,2025-12-01 15:36:36+00:00,2025-12-01 15:44:01+00:00,2025-12-01 15:44:01+00:00,2236,43.06930436479284,-76.09679185583236,445,2025-12-01
1759844,10:37:05,575,39,6.1661,21337,1,123 James - East Syracuse - Walmart,268626,James St & Ridgewood Dr,Sy 20,2025-12-01 15:37:05+00:00,,2025-12-01 15:44:23.898230088+00:00,2236,,,438,2025-12-01
1759844,10:38:00,7471,40,6.4456,21337,1,123 James - East Syracuse - Walmart,268626,James St & Thompson Rd,Sy 20,2025-12-01 15:38:00+00:00,2025-12-01 15:45:01+00:00,2025-12-01 15:45:01+00:00,2236,43.06949046872697,-76.09158900998673,421,2025-12-01
1759844,10:38:30,2547,41,6.6732,21337,1,123 James - East Syracuse - Walmart,268626,James St & Wegman's Plaza,Sy 20,2025-12-01 15:38:30+00:00,2025-12-01 15:46:02+00:00,2025-12-01 15:46:02+00:00,2236,43.06963424682617,-76.08872833251954,452,2025-12-01
1759844,10:39:06,2432,42,6.9448,21337,1,123 James - East Syracuse - Walmart,268626,James St & Worth St,Sy 20,2025-12-01 15:39:06+00:00,,2025-12-01 15:46:23.095839915+00:00,2236,,,437,2025-12-01
1759844,10:39:19,2440,43,7.0480,21337,1,123 James - East Syracuse - Walmart,268626,James St & Schoeder St,Sy 20,2025-12-01 15:39:19+00:00,,2025-12-01 15:46:31.111637704+00:00,2236,,,432,2025-12-01
1759844,10:39:30,2444,44,7.1352,21337,1,123 James - East Syracuse - Walmart,268626,James St & Allen St,Sy 20,2025-12-01 15:39:30+00:00,,2025-12-01 15:46:37.884676145+00:00,2236,,,427,2025-12-01
1759844,10:39:42,2448,45,7.2264,21337,1,123 James - East Syracuse - Walmart,268626,James St & West Ave,Sy 20,2025-12-01 15:39:42+00:00,,2025-12-01 15:46:44.968404423+00:00,2236,,,422,2025-12-01
1759844,10:39:54,2452,46,7.3206,21337,1,123 James - East Syracuse - Walmart,268626,James St & Highland Ave,Sy 20,2025-12-01 15:39:54+00:00,,2025-12-01 15:46:52.285150078+00:00,2236,,,418,2025-12-01
1759844,10:40:08,2461,47,7.4328,21337,1,123 James - East Syracuse - Walmart,268626,James St & East Ave,Sy 20,2025-12-01 15:40:08+00:00,2025-12-01 15:47:01+00:00,2025-12-01 15:47:01+00:00,2236,43.07013155379385,-76.07908356864498,413,2025-12-01
1759844,10:40:23,2464,48,7.5493,21337,1,123 James - East Syracuse - Walmart,268626,James St & Kinne St,Sy 20,2025-12-01 15:40:23+00:00,,2025-12-01 15:47:22.454880294+00:00,2236,,,419,2025-12-01
1759844,10:40:50,8146,49,7.7586,21337,1,123 James - East Syracuse - Walmart,268626,Kinne St & Midland St,Sy 20,2025-12-01 15:40:50+00:00,2025-12-01 15:48:01+00:00,2025-12-01 15:48:01+00:00,2236,43.06832662122003,-76.07686062516838,431,2025-12-01
1759844,10:41:16,8147,50,7.9540,21337,1,123 James - East Syracuse - Walmart,268626,Kinne St & W Yates St,Sy 20,2025-12-01 15:41:16+00:00,,2025-12-01 15:48:29.784679597+00:00,2236,,,433,2025-12-01
1759844,10:41:28,8148,51,8.0501,21337,1,123 James - East Syracuse - Walmart,268626,Kinne St & W Ellis St,Sy 20,2025-12-01 15:41:28+00:00,,2025-12-01 15:48:43.941320893+00:00,2236,,,435,2025-12-01
1759844,10:41:43,7237,52,8.1659,21337,1,123 James - East Syracuse - Walmart,268626,Kinne St & W Manlius St,Sy 20,2025-12-01 15:41:43+00:00,2025-12-01 15:49:01+00:00,2025-12-01 15:49:01+00:00,2236,43.0647204855214,-76.07671555228855,438,2025-12-01
1759844,10:41:59,7232,53,8.2861,21337,1,123 James - East Syracuse - Walmart,268626,W Manlius St & Charles St,Sy 20,2025-12-01 15:41:59+00:00,,2025-12-01 15:49:15.693787575+00:00,2236,,,436,2025-12-01
1759844,10:42:17,7267,54,8.4213,21337,1,123 James - East Syracuse - Walmart,268626,W Manlius St & Division St,Sy 20,2025-12-01 15:42:17+00:00,,2025-12-01 15:49:32.221242484+00:00,2236,,,435,2025-12-01
1759844,10:42:23,7274,55,8.4735,21337,1,123 James - East Syracuse - Walmart,268626,W Manlius St & Silver St,Sy 20,2025-12-01 15:42:23+00:00,,2025-12-01 15:49:38.602404809+00:00,2236,,,435,2025-12-01
1759844,10:42:36,7282,56,8.5777,21337,1,123 James - East Syracuse - Walmart,268626,W Manlius St & Ball St,Sy 20,2025-12-01 15:42:36+00:00,,2025-12-01 15:49:51.340280561+00:00,2236,,,435,2025-12-01
1759844,10:42:47,2523,57,8.6649,21337,1,123 James - East Syracuse - Walmart,268626,W Manlius St & N Center St,Sy 20,2025-12-01 15:42:47+00:00,2025-12-01 15:50:02+00:00,2025-12-01 15:50:02+00:00,2236,43.06396904638258,-76.07038077661547,435,2025-12-01
1759844,10:43:43,7257,58,9.0917,21337,1,123 James - East Syracuse - Walmart,268626,McCool Ave & E Ellis St,Sy 20,2025-12-01 15:43:43+00:00,2025-12-01 15:51:01+00:00,2025-12-01 15:51:01+00:00,2236,43.064979154672194,-76.06719617701289,438,2025-12-01
1759844,10:43:57,1179,59,9.1979,21337,1,123 James - East Syracuse - Walmart,268626,McCool Ave & E Yates St,Sy 20,2025-12-01 15:43:57+00:00,,2025-12-01 15:51:13.647876141+00:00,2236,,,436,2025-12-01
1759844,10:44:11,2633,60,9.3030,21337,1,123 James - East Syracuse - Walmart,268626,McCool Ave & E Heman St,Sy 20,2025-12-01 15:44:11+00:00,,2025-12-01 15:51:26.164747915+00:00,2236,,,435,2025-12-01
1759844,10:44:34,4320,61,9.4783,21337,1,123 James - East Syracuse - Walmart,268626,McCool Ave & E Irving St,Sy 20,2025-12-01 15:44:34+00:00,,2025-12-01 15:51:47.042080190+00:00,2236,,,433,2025-12-01
1759844,10:45:00,2556,62,9.5955,21337,1,123 James - East Syracuse - Walmart,268626,E Irving St & Hartwell Ave,Sy 20,2025-12-01 15:45:00+00:00,2025-12-01 15:52:01+00:00,2025-12-01 15:52:01+00:00,2236,43.068444924276385,-76.0666636482614,421,2025-12-01
1759844,10:47:00,7887,63,9.9640,21337,1,123 James - East Syracuse - Walmart,268626,Bennett Manor,Sy 20,2025-12-01 15:47:00+00:00,2025-12-01 15:53:00+00:00,2025-12-01 15:53:00+00:00,2236,43.068231391906735,-76.06239776611328,360,2025-12-01
1759844,10:49:45,2550,64,10.6333,21337,1,123 James - East Syracuse - Walmart,268626,Hartwell Ave & E Heman St,Sy 20,2025-12-01 15:49:45+00:00,,2025-12-01 15:54:13.723532089+00:00,2236,,,268,2025-12-01
1759844,10:50:10,2542,65,10.7344,21337,1,123 James - East Syracuse - Walmart,268626,Hartwell Ave & E Yates St,Sy 20,2025-12-01 15:50:10+00:00,,2025-12-01 15:54:24.859717796+00:00,2236,,,254,2025-12-01
1759844,10:50:34,7276,66,10.8346,21337,1,123 James - East Syracuse - Walmart,268626,Hartwell Ave & E Ellis St,Sy 20,2025-12-01 15:50:34+00:00,,2025-12-01 15:54:35.896768320+00:00,2236,,,241,2025-12-01
1759844,10:51:30,7256,67,11.0625,21337,1,123 James - East Syracuse - Walmart,268626,E Manlius St & McCool Ave,Sy 20,2025-12-01 15:51:30+00:00,2025-12-01 15:55:01+00:00,2025-12-01 15:55:01+00:00,2236,43.06380081176758,-76.0665283203125,211,2025-12-01
1759844,10:52:10,2527,68,11.2247,21337,1,123 James - East Syracuse - Walmart,268626,E Manlius St & Upton St,Sy 20,2025-12-01 15:52:10+00:00,,2025-12-01 15:55:25.813870474+00:00,2236,,,195,2025-12-01
1759844,10:53:07,4281,69,11.4547,21337,1,123 James - East Syracuse - Walmart,268626,Bridge St & E 2nd St,Sy 20,2025-12-01 15:53:07+00:00,2025-12-01 15:56:01+00:00,2025-12-01 15:56:01+00:00,2236,43.06187057495117,-76.0672607421875,174,2025-12-01
1759844,10:54:20,8169,70,11.7516,21337,1,123 James - East Syracuse - Walmart,268626,Chevy Dr & Bridge St,Sy 20,2025-12-01 15:54:20+00:00,2025-12-01 15:57:02+00:00,2025-12-01 15:57:02+00:00,2236,43.0612907409668,-76.0665054321289,162,2025-12-01
1759844,10:57:00,7888,71,12.3843,21337,1,123 James - East Syracuse - Walmart,268626,Walmart - East Syracuse,Sy 20,2025-12-01 15:57:00+00:00,2025-12-01 15:58:01+00:00,2025-12-01 15:58:01+00:00,2236,43.062538146972656,-76.0619888305664,61,2025-12-01
1759845,11:40:00,17651,1,,21337,1,123 James - East Syracuse - Walmart,268633,B12,Sy 20,2025-12-01 16:40:00+00:00,2025-12-01 16:42:01+00:00,2025-12-01 16:42:01+00:00,1778,43.043837121192446,-76.15197299389129,121,2025-12-01
1759845,11:41:05,102,2,0.4057,21337,1,123 James - East Syracuse - Walmart,268633,S Salina St & Jefferson St,Sy 20,2025-12-01 16:41:05+00:00,2025-12-01 16:43:01+00:00,2025-12-01 16:43:01+00:00,1778,43.046902338663735,-76.15224965413411,116,2025-12-01
1759845,11:41:55,17670,3,0.7147,21337,1,123 James - East Syracuse - Walmart,268633,S Salina St & Water St (mid-block),Sy 20,2025-12-01 16:41:55+00:00,2025-12-01 16:45:01+00:00,2025-12-01 16:45:01+00:00,1778,43.04983413920683,-76.15220642089844,186,2025-12-01
1759845,11:42:38,423,4,0.9848,21337,1,123 James - East Syracuse - Walmart,268633,James St & N Warren St,Sy 20,2025-12-01 16:42:38+00:00,2025-12-01 16:46:01+00:00,2025-12-01 16:46:01+00:00,1778,43.05127638578415,-76.15188217163086,203,2025-12-01
1759845,11:43:19,420,5,1.2412,21337,1,123 James - East Syracuse - Walmart,268633,James St & N State St,Sy 20,2025-12-01 16:43:19+00:00,2025-12-01 16:47:01+00:00,2025-12-01 16:47:01+00:00,1778,43.052063412136505,-76.14909278021918,222,2025-12-01
1759845,11:43:51,421,6,1.4442,21337,1,123 James - East Syracuse - Walmart,268633,James St & N Townsend St,Sy 20,2025-12-01 16:43:51+00:00,,2025-12-01 16:47:36.830439814+00:00,1778,,,225,2025-12-01
1759845,11:44:14,442,7,1.5868,21337,1,123 James - East Syracuse - Walmart,268633,James St & N McBride St,Sy 20,2025-12-01 16:44:14+00:00,2025-12-01 16:48:02+00:00,2025-12-01 16:48:02+00:00,1778,43.0543212890625,-76.14451313018799,228,2025-12-01
1759845,11:44:40,432,8,1.7532,21337,1,123 James - East Syracuse - Walmart,268633,James St & Catherine St,Sy 20,2025-12-01 16:44:40+00:00,2025-12-01 16:49:01+00:00,2025-12-01 16:49:01+00:00,1778,43.0548578306686,-76.14342764920967,261,2025-12-01
1759845,11:45:18,14776,9,1.9920,21337,1,123 James - East Syracuse - Walmart,268633,James St & Lodi St,Sy 20,2025-12-01 16:45:18+00:00,2025-12-01 16:51:01+00:00,2025-12-01 16:51:01+00:00,1778,43.05632822854178,-76.14042581830707,343,2025-12-01
1759845,11:45:50,446,10,2.1944,21337,1,123 James - East Syracuse - Walmart,268633,James St & Highland St,Sy 20,2025-12-01 16:45:50+00:00,2025-12-01 16:52:02+00:00,2025-12-01 16:52:02+00:00,1778,43.057325744628905,-76.13839965820313,372,2025-12-01
1759845,11:46:18,5088,11,2.3722,21337,1,123 James - East Syracuse - Walmart,268633,960 James St,Sy 20,2025-12-01 16:46:18+00:00,,2025-12-01 16:52:28.483716233+00:00,1778,,,370,2025-12-01
1759845,11:47:00,444,12,2.5905,21337,1,123 James - East Syracuse - Walmart,268633,James St & Oak St,Sy 20,2025-12-01 16:47:00+00:00,2025-12-01 16:53:01+00:00,2025-12-01 16:53:01+00:00,1778,43.05902731596534,-76.13491103898234,361,2025-12-01
1759845,11:47:36,2120,13,2.8021,21337,1,123 James - East Syracuse - Walmart,268633,James St & WSYR,Sy 20,2025-12-01 16:47:36+00:00,,2025-12-01 16:53:33.076806467+00:00,1778,,,357,2025-12-01
1759845,11:47:50,450,14,2.8895,21337,1,123 James - East Syracuse - Walmart,268633,James St & Dewitt St,Sy 20,2025-12-01 16:47:50+00:00,,2025-12-01 16:53:46.325922182+00:00,1778,,,356,2025-12-01
1759845,11:48:06,453,15,2.9863,21337,1,123 James - East Syracuse - Walmart,268633,James St & Sedgwick Dr,Sy 20,2025-12-01 16:48:06+00:00,2025-12-01 16:54:01+00:00,2025-12-01 16:54:01+00:00,1778,43.061163584391274,-76.13057072957356,355,2025-12-01
1759845,11:48:44,459,16,3.2103,21337,1,123 James - East Syracuse - Walmart,268633,James St & Vine St,Sy 20,2025-12-01 16:48:44+00:00,2025-12-01 16:55:01+00:00,2025-12-01 16:55:01+00:00,1778,43.06244134121254,-76.1279444460009,377,2025-12-01
1759845,11:49:16,464,17,3.3991,21337,1,123 James - East Syracuse - Walmart,268633,James St & Wilson St,Sy 20,2025-12-01 16:49:16+00:00,,2025-12-01 16:55:27.523062514+00:00,1778,,,371,2025-12-01
1759845,11:49:56,469,18,3.6374,21337,1,123 James - East Syracuse - Walmart,268633,James St & Hampton Rd,Sy 20,2025-12-01 16:49:56+00:00,2025-12-01 16:56:01+00:00,2025-12-01 16:56:01+00:00,1778,43.064592325462485,-76.12355775653191,365,2025-12-01
1759845,11:50:18,10678,19,3.7675,21337,1,123 James - East Syracuse - Walmart,268633,James St & Teall Ave,Sy 20,2025-12-01 16:50:18+00:00,,2025-12-01 16:56:23.864674868+00:00,1778,,,365,2025-12-01
1759845,11:50:53,479,20,3.9788,21337,1,123 James - East Syracuse - Walmart,268633,James St & Rugby Rd,Sy 20,2025-12-01 16:50:53+00:00,2025-12-01 16:57:01+00:00,2025-12-01 16:57:01+00:00,1778,43.06600799560547,-76.1206771850586,368,2025-12-01
1759845,11:51:13,481,21,4.0984,21337,1,123 James - East Syracuse - Walmart,268633,James St & Cook Ave,Sy 20,2025-12-01 16:51:13+00:00,,2025-12-01 16:57:20.161548731+00:00,1778,,,367,2025-12-01
1759845,11:51:29,487,22,4.1927,21337,1,123 James - East Syracuse - Walmart,268633,James St & Hastings Pl,Sy 20,2025-12-01 16:51:29+00:00,,2025-12-01 16:57:35.269692923+00:00,1778,,,366,2025-12-01
1759845,11:51:44,491,23,4.2856,21337,1,123 James - East Syracuse - Walmart,268633,James St & Clifton Pl,Sy 20,2025-12-01 16:51:44+00:00,,2025-12-01 16:57:50.153538050+00:00,1778,,,366,2025-12-01
1759845,11:52:00,1759,24,4.3533,21337,1,123 James - East Syracuse - Walmart,268633,James St & Shotwell Pk,Sy 20,2025-12-01 16:52:00+00:00,2025-12-01 16:58:01+00:00,2025-12-01 16:58:01+00:00,1778,43.06817893981933,-76.11620445251465,361,2025-12-01
1759845,11:52:31,506,25,4.5363,21337,1,123 James - East Syracuse - Walmart,268633,James St & Hickok Ave,Sy 20,2025-12-01 16:52:31+00:00,,2025-12-01 16:58:37.207243460+00:00,1778,,,366,2025-12-01
1759845,11:52:50,507,26,4.6515,21337,1,123 James - East Syracuse - Walmart,268633,James St & Stafford Ave,Sy 20,2025-12-01 16:52:50+00:00,2025-12-01 16:59:00+00:00,2025-12-01 16:59:00+00:00,1778,43.06849150962018,-76.11333205852102,370,2025-12-01
1759845,11:53:09,515,27,4.7648,21337,1,123 James - East Syracuse - Walmart,268633,James St & Forest Hill Dr,Sy 20,2025-12-01 16:53:09+00:00,,2025-12-01 16:59:26.609666149+00:00,1778,,,377,2025-12-01
1759845,11:53:26,523,28,4.8640,21337,1,123 James - East Syracuse - Walmart,268633,James St & Woodbine Ave,Sy 20,2025-12-01 16:53:26+00:00,,2025-12-01 16:59:49.907802795+00:00,1778,,,383,2025-12-01
1759845,11:53:43,522,29,4.9633,21337,1,123 James - East Syracuse - Walmart,268633,James St & Hillsdale Ave,Sy 20,2025-12-01 16:53:43+00:00,,2025-12-01 17:00:13.229425465+00:00,1778,,,390,2025-12-01
1759845,11:54:01,532,30,5.0705,21337,1,123 James - East Syracuse - Walmart,268633,James St & S Collingwood Ave,Sy 20,2025-12-01 16:54:01+00:00,,2025-12-01 17:00:38.406444099+00:00,1778,,,397,2025-12-01
1759845,11:54:17,533,31,5.1667,21337,1,123 James - East Syracuse - Walmart,268633,James St & S Edwards Ave,Sy 20,2025-12-01 16:54:17+00:00,2025-12-01 17:01:01+00:00,2025-12-01 17:01:01+00:00,1778,43.068824315475204,-76.10701583603681,404,2025-12-01
1759845,11:54:31,541,32,5.2510,21337,1,123 James - East Syracuse - Walmart,268633,James St & S Midler Ave,Sy 20,2025-12-01 16:54:31+00:00,,2025-12-01 17:01:51.706766917+00:00,1778,,,440,2025-12-01
1759845,11:54:50,547,33,5.3662,21337,1,123 James - East Syracuse - Walmart,268633,James St & Nichols Ave,Sy 20,2025-12-01 16:54:50+00:00,2025-12-01 17:03:01+00:00,2025-12-01 17:03:01+00:00,1778,43.06892885480608,-76.10463242303757,491,2025-12-01
1759845,11:55:07,552,34,5.4654,21337,1,123 James - East Syracuse - Walmart,268633,James St & Homecroft Rd,Sy 20,2025-12-01 16:55:07+00:00,,2025-12-01 17:03:15.846595160+00:00,1778,,,488,2025-12-01
1759845,11:55:27,567,35,5.5837,21337,1,123 James - East Syracuse - Walmart,268633,James St & Mosley Dr,Sy 20,2025-12-01 16:55:27+00:00,,2025-12-01 17:03:33.551758543+00:00,1778,,,486,2025-12-01
1759845,11:55:43,558,36,5.6769,21337,1,123 James - East Syracuse - Walmart,268633,James St & Plymouth Dr,Sy 20,2025-12-01 16:55:43+00:00,,2025-12-01 17:03:47.500374158+00:00,1778,,,484,2025-12-01
1759845,11:55:58,562,37,5.7671,21337,1,123 James - East Syracuse - Walmart,268633,James St & W Milford Dr,Sy 20,2025-12-01 16:55:58+00:00,2025-12-01 17:04:01+00:00,2025-12-01 17:04:01+00:00,1778,43.0692006891424,-76.09886932373047,483,2025-12-01
1759845,11:56:36,578,38,5.9936,21337,1,123 James - East Syracuse - Walmart,268633,James St & E Milford Dr,Sy 20,2025-12-01 16:56:36+00:00,,2025-12-01 17:04:35.060150375+00:00,1778,,,479,2025-12-01
1759845,11:57:05,575,39,6.1661,21337,1,123 James - East Syracuse - Walmart,268633,James St & Ridgewood Dr,Sy 20,2025-12-01 16:57:05+00:00,2025-12-01 17:05:01+00:00,2025-12-01 17:05:01+00:00,1778,43.0693977355957,-76.09467010498047,476,2025-12-01
1759845,11:58:00,7471,40,6.4456,21337,1,123 James - East Syracuse - Walmart,268633,James St & Thompson Rd,Sy 20,2025-12-01 16:58:00+00:00,2025-12-01 17:06:01+00:00,2025-12-01 17:06:01+00:00,1778,43.06951601543124,-76.09213341606988,481,2025-12-01
1759845,11:59:06,2547,41,6.6732,21337,1,123 James - East Syracuse - Walmart,268633,James St & Wegman's Plaza,Sy 20,2025-12-01 16:59:06+00:00,2025-12-01 17:07:01+00:00,2025-12-01 17:07:01+00:00,1778,43.06967748006185,-76.08808822631836,475,2025-12-01
1759845,12:00:25,2432,42,6.9448,21337,1,123 James - East Syracuse - Walmart,268633,James St & Worth St,Sy 20,2025-12-01 17:00:25+00:00,,2025-12-01 17:07:22.453396524+00:00,1778,,,417,2025-12-01
1759845,12:00:55,2440,43,7.0480,21337,1,123 James - East Syracuse - Walmart,268633,James St & Schoeder St,Sy 20,2025-12-01 17:00:55+00:00,,2025-12-01 17:07:30.605055292+00:00,1778,,,395,2025-12-01
1759845,12:01:20,2444,44,7.1352,21337,1,123 James - East Syracuse - Walmart,268633,James St & Allen St,Sy 20,2025-12-01 17:01:20+00:00,,2025-12-01 17:07:37.492890995+00:00,1778,,,377,2025-12-01
1759845,12:01:46,2448,45,7.2264,21337,1,123 James - East Syracuse - Walmart,268633,James St & West Ave,Sy 20,2025-12-01 17:01:46+00:00,,2025-12-01 17:07:44.696682464+00:00,1778,,,358,2025-12-01
1759845,12:02:13,2452,46,7.3206,21337,1,123 James - East Syracuse - Walmart,268633,James St & Highland Ave,Sy 20,2025-12-01 17:02:13+00:00,,2025-12-01 17:07:52.137440758+00:00,1778,,,339,2025-12-01
1759845,12:02:45,2461,47,7.4328,21337,1,123 James - East Syracuse - Walmart,268633,James St & East Ave,Sy 20,2025-12-01 17:02:45+00:00,2025-12-01 17:08:01+00:00,2025-12-01 17:08:01+00:00,1778,43.07013169774469,-76.07907982592313,316,2025-12-01
1759845,12:03:18,2464,48,7.5493,21337,1,123 James - East Syracuse - Walmart,268633,James St & Kinne St,Sy 20,2025-12-01 17:03:18+00:00,,2025-12-01 17:08:22.454880294+00:00,1778,,,304,2025-12-01
1759845,12:04:18,8146,49,7.7586,21337,1,123 James - East Syracuse - Walmart,268633,Kinne St & Midland St,Sy 20,2025-12-01 17:04:18+00:00,2025-12-01 17:09:01+00:00,2025-12-01 17:09:01+00:00,1778,43.068824005126956,-76.07690249356357,283,2025-12-01
1759845,12:05:14,8147,50,7.9540,21337,1,123 James - East Syracuse - Walmart,268633,Kinne St & W Yates St,Sy 20,2025-12-01 17:05:14+00:00,,2025-12-01 17:09:41.219554030+00:00,1778,,,267,2025-12-01
1759845,12:05:42,8148,51,8.0501,21337,1,123 James - East Syracuse - Walmart,268633,Kinne St & W Ellis St,Sy 20,2025-12-01 17:05:42+00:00,2025-12-01 17:10:01+00:00,2025-12-01 17:10:01+00:00,1778,43.06573385941355,-76.07665413304379,259,2025-12-01
1759845,12:06:15,7237,52,8.1659,21337,1,123 James - East Syracuse - Walmart,268633,Kinne St & W Manlius St,Sy 20,2025-12-01 17:06:15+00:00,,2025-12-01 17:10:14.169067475+00:00,1778,,,239,2025-12-01
1759845,12:06:49,7232,53,8.2861,21337,1,123 James - East Syracuse - Walmart,268633,W Manlius St & Charles St,Sy 20,2025-12-01 17:06:49+00:00,,2025-12-01 17:10:27.838514025+00:00,1778,,,218,2025-12-01
1759845,12:07:28,7267,54,8.4213,21337,1,123 James - East Syracuse - Walmart,268633,W Manlius St & Division St,Sy 20,2025-12-01 17:07:28+00:00,,2025-12-01 17:10:43.213798332+00:00,1778,,,195,2025-12-01
1759845,12:07:43,7274,55,8.4735,21337,1,123 James - East Syracuse - Walmart,268633,W Manlius St & Silver St,Sy 20,2025-12-01 17:07:43+00:00,,2025-12-01 17:10:49.150113722+00:00,1778,,,186,2025-12-01
1759845,12:08:13,7282,56,8.5777,21337,1,123 James - East Syracuse - Walmart,268633,W Manlius St & Ball St,Sy 20,2025-12-01 17:08:13+00:00,2025-12-01 17:11:01+00:00,2025-12-01 17:11:01+00:00,1778,43.06406955061288,-76.07250213623047,168,2025-12-01
1759845,12:08:38,2523,57,8.6649,21337,1,123 James - East Syracuse - Walmart,268633,W Manlius St & N Center St,Sy 20,2025-12-01 17:08:38+00:00,,2025-12-01 17:11:13.069888813+00:00,1778,,,155,2025-12-01
1759845,12:10:20,4281,58,9.0184,21337,1,123 James - East Syracuse - Walmart,268633,Bridge St & E 2nd St,Sy 20,2025-12-01 17:10:20+00:00,2025-12-01 17:12:02+00:00,2025-12-01 17:12:02+00:00,1778,43.06207510765563,-76.06758133908535,102,2025-12-01
1759845,12:11:46,8169,59,9.3153,21337,1,123 James - East Syracuse - Walmart,268633,Chevy Dr & Bridge St,Sy 20,2025-12-01 17:11:46+00:00,2025-12-01 17:14:01+00:00,2025-12-01 17:14:01+00:00,1778,43.061073303222656,-76.06491220408472,135,2025-12-01
1759845,12:15:00,7888,60,9.9479,21337,1,123 James - East Syracuse - Walmart,268633,Walmart - East Syracuse,Sy 20,2025-12-01 17:15:00+00:00,2025-12-01 17:15:01+00:00,2025-12-01 17:15:01+00:00,1778,43.06264726739181,-76.06125319631477,1,2025-12-01
1759846,13:00:00,17651,1,,21337,1,123 James - East Syracuse - Walmart,268626,B12,Sy 20,2025-12-01 18:00:00+00:00,2025-12-01 18:01:01+00:00,2025-12-01 18:01:01+00:00,2236,43.044357712204395,-76.1522311648807,61,2025-12-01
1759846,13:01:05,102,2,0.4057,21337,1,123 James - East Syracuse - Walmart,268626,S Salina St & Jefferson St,Sy 20,2025-12-01 18:01:05+00:00,2025-12-01 18:02:01+00:00,2025-12-01 18:02:01+00:00,2236,43.046499844255116,-76.15225219726562,56,2025-12-01
1759846,13:01:55,17670,3,0.7147,21337,1,123 James - East Syracuse - Walmart,268626,S Salina St & Water St (mid-block),Sy 20,2025-12-01 18:01:55+00:00,2025-12-01 18:04:01+00:00,2025-12-01 18:04:01+00:00,2236,43.048458345474735,-76.15222930908203,126,2025-12-01
1759846,13:02:38,423,4,0.9848,21337,1,123 James - East Syracuse - Walmart,268626,James St & N Warren St,Sy 20,2025-12-01 18:02:38+00:00,2025-12-01 18:06:01+00:00,2025-12-01 18:06:01+00:00,2236,43.05126953125,-76.15136179109899,203,2025-12-01
1759846,13:03:19,420,5,1.2412,21337,1,123 James - East Syracuse - Walmart,268626,James St & N State St,Sy 20,2025-12-01 18:03:19+00:00,2025-12-01 18:07:01+00:00,2025-12-01 18:07:01+00:00,2236,43.05213320696795,-76.14895333184137,222,2025-12-01
1759846,13:03:51,421,6,1.4442,21337,1,123 James - East Syracuse - Walmart,268626,James St & N Townsend St,Sy 20,2025-12-01 18:03:51+00:00,2025-12-01 18:09:01+00:00,2025-12-01 18:09:01+00:00,2236,43.05344613393148,-76.14628918965657,310,2025-12-01
1759846,13:04:14,442,7,1.5868,21337,1,123 James - East Syracuse - Walmart,268626,James St & N McBride St,Sy 20,2025-12-01 18:04:14+00:00,2025-12-01 18:11:01+00:00,2025-12-01 18:11:01+00:00,2236,43.05421447753906,-76.1446533203125,407,2025-12-01
1759846,13:04:40,432,8,1.7532,21337,1,123 James - East Syracuse - Walmart,268626,James St & Catherine St,Sy 20,2025-12-01 18:04:40+00:00,2025-12-01 18:12:01+00:00,2025-12-01 18:12:01+00:00,2236,43.05506670916522,-76.14297909206815,441,2025-12-01
1759846,13:05:18,14776,9,1.9920,21337,1,123 James - East Syracuse - Walmart,268626,James St & Lodi St,Sy 20,2025-12-01 18:05:18+00:00,2025-12-01 18:13:01+00:00,2025-12-01 18:13:01+00:00,2236,43.05604421681371,-76.14101120521282,463,2025-12-01
1759846,13:05:50,446,10,2.1944,21337,1,123 James - East Syracuse - Walmart,268626,James St & Highland St,Sy 20,2025-12-01 18:05:50+00:00,,2025-12-01 18:13:21.290726817+00:00,2236,,,451,2025-12-01
1759846,13:06:18,5088,11,2.3722,21337,1,123 James - East Syracuse - Walmart,268626,960 James St,Sy 20,2025-12-01 18:06:18+00:00,,2025-12-01 18:13:39.115288220+00:00,2236,,,441,2025-12-01
1759846,13:07:00,444,12,2.5905,21337,1,123 James - East Syracuse - Walmart,268626,James St & Oak St,Sy 20,2025-12-01 18:07:00+00:00,2025-12-01 18:14:01+00:00,2025-12-01 18:14:01+00:00,2236,43.059022704167155,-76.13492060419338,421,2025-12-01
1759846,13:07:36,2120,13,2.8021,21337,1,123 James - East Syracuse - Walmart,268626,James St & WSYR,Sy 20,2025-12-01 18:07:36+00:00,2025-12-01 18:15:01+00:00,2025-12-01 18:15:01+00:00,2236,43.06054941813151,-76.1318154335022,445,2025-12-01
1759846,13:07:50,450,14,2.8895,21337,1,123 James - East Syracuse - Walmart,268626,James St & Dewitt St,Sy 20,2025-12-01 18:07:50+00:00,,2025-12-01 18:15:09.783919597+00:00,2236,,,439,2025-12-01
1759846,13:08:06,453,15,2.9863,21337,1,123 James - East Syracuse - Walmart,268626,James St & Sedgwick Dr,Sy 20,2025-12-01 18:08:06+00:00,,2025-12-01 18:15:19.512562814+00:00,2236,,,433,2025-12-01
1759846,13:08:44,459,16,3.2103,21337,1,123 James - East Syracuse - Walmart,268626,James St & Vine St,Sy 20,2025-12-01 18:08:44+00:00,,2025-12-01 18:15:42.025125628+00:00,2236,,,418,2025-12-01
1759846,13:09:16,464,17,3.3991,21337,1,123 James - East Syracuse - Walmart,268626,James St & Wilson St,Sy 20,2025-12-01 18:09:16+00:00,2025-12-01 18:16:01+00:00,2025-12-01 18:16:01+00:00,2236,43.063378969828285,-76.1260420481364,405,2025-12-01
1759846,13:09:56,469,18,3.6374,21337,1,123 James - East Syracuse - Walmart,268626,James St & Hampton Rd,Sy 20,2025-12-01 18:09:56+00:00,,2025-12-01 18:16:19.016633064+00:00,2236,,,383,2025-12-01
1759846,13:10:18,10678,19,3.7675,21337,1,123 James - East Syracuse - Walmart,268626,James St & Teall Ave,Sy 20,2025-12-01 18:10:18+00:00,,2025-12-01 18:16:28.852822580+00:00,2236,,,370,2025-12-01
1759846,13:10:53,479,20,3.9788,21337,1,123 James - East Syracuse - Walmart,268626,James St & Rugby Rd,Sy 20,2025-12-01 18:10:53+00:00,,2025-12-01 18:16:44.828124999+00:00,2236,,,351,2025-12-01
1759846,13:11:13,481,21,4.0984,21337,1,123 James - East Syracuse - Walmart,268626,James St & Cook Ave,Sy 20,2025-12-01 18:11:13+00:00,,2025-12-01 18:16:53.870463709+00:00,2236,,,340,2025-12-01
1759846,13:11:29,487,22,4.1927,21337,1,123 James - East Syracuse - Walmart,268626,James St & Hastings Pl,Sy 20,2025-12-01 18:11:29+00:00,2025-12-01 18:17:01+00:00,2025-12-01 18:17:01+00:00,2236,43.0673770904541,-76.11787986755371,332,2025-12-01
1759846,13:11:44,491,23,4.2856,21337,1,123 James - East Syracuse - Walmart,268626,James St & Clifton Pl,Sy 20,2025-12-01 18:11:44+00:00,,2025-12-01 18:17:17.222351571+00:00,2236,,,333,2025-12-01
1759846,13:12:00,1759,24,4.3533,21337,1,123 James - East Syracuse - Walmart,268626,James St & Shotwell Pk,Sy 20,2025-12-01 18:12:00+00:00,,2025-12-01 18:17:29.044237485+00:00,2236,,,329,2025-12-01
1759846,13:12:31,506,25,4.5363,21337,1,123 James - East Syracuse - Walmart,268626,James St & Hickok Ave,Sy 20,2025-12-01 18:12:31+00:00,2025-12-01 18:18:01+00:00,2025-12-01 18:18:01+00:00,2236,43.06844239007859,-76.11421712239583,330,2025-12-01
1759846,13:12:50,507,26,4.6515,21337,1,123 James - East Syracuse - Walmart,268626,James St & Stafford Ave,Sy 20,2025-12-01 18:12:50+00:00,,2025-12-01 18:18:22.092462618+00:00,2236,,,332,2025-12-01
1759846,13:13:09,515,27,4.7648,21337,1,123 James - East Syracuse - Walmart,268626,James St & Forest Hill Dr,Sy 20,2025-12-01 18:13:09+00:00,,2025-12-01 18:18:42.837046078+00:00,2236,,,333,2025-12-01
1759846,13:13:26,523,28,4.8640,21337,1,123 James - East Syracuse - Walmart,268626,James St & Woodbine Ave,Sy 20,2025-12-01 18:13:26+00:00,2025-12-01 18:19:01+00:00,2025-12-01 18:19:01+00:00,2236,43.06861961178663,-76.11068148729278,335,2025-12-01
1759846,13:13:43,522,29,4.9633,21337,1,123 James - East Syracuse - Walmart,268626,James St & Hillsdale Ave,Sy 20,2025-12-01 18:13:43+00:00,2025-12-01 18:20:01+00:00,2025-12-01 18:20:01+00:00,2236,43.06869204839071,-76.1089547475179,378,2025-12-01
1759846,13:14:01,532,30,5.0705,21337,1,123 James - East Syracuse - Walmart,268626,James St & S Collingwood Ave,Sy 20,2025-12-01 18:14:01+00:00,,2025-12-01 18:20:33.149459193+00:00,2236,,,392,2025-12-01
1759846,13:14:17,533,31,5.1667,21337,1,123 James - East Syracuse - Walmart,268626,James St & S Edwards Ave,Sy 20,2025-12-01 18:14:17+00:00,2025-12-01 18:21:02+00:00,2025-12-01 18:21:02+00:00,2236,43.068851470947266,-76.10644253817472,405,2025-12-01
1759846,13:14:31,541,32,5.2510,21337,1,123 James - East Syracuse - Walmart,268626,James St & S Midler Ave,Sy 20,2025-12-01 18:14:31+00:00,,2025-12-01 18:21:18.651155005+00:00,2236,,,407,2025-12-01
1759846,13:14:50,547,33,5.3662,21337,1,123 James - East Syracuse - Walmart,268626,James St & Nichols Ave,Sy 20,2025-12-01 18:14:50+00:00,,2025-12-01 18:21:41.405758285+00:00,2236,,,411,2025-12-01
1759846,13:15:07,552,34,5.4654,21337,1,123 James - East Syracuse - Walmart,268626,James St & Homecroft Rd,Sy 20,2025-12-01 18:15:07+00:00,2025-12-01 18:22:01+00:00,2025-12-01 18:22:01+00:00,2236,43.06902903430867,-76.10260830285414,414,2025-12-01
1759846,13:15:27,567,35,5.5837,21337,1,123 James - East Syracuse - Walmart,268626,James St & Mosley Dr,Sy 20,2025-12-01 18:15:27+00:00,,2025-12-01 18:22:14.438091631+00:00,2236,,,407,2025-12-01
1759846,13:15:43,558,36,5.6769,21337,1,123 James - East Syracuse - Walmart,268626,James St & Plymouth Dr,Sy 20,2025-12-01 18:15:43+00:00,,2025-12-01 18:22:25.024990533+00:00,2236,,,402,2025-12-01
1759846,13:15:58,562,37,5.7671,21337,1,123 James - East Syracuse - Walmart,268626,James St & W Milford Dr,Sy 20,2025-12-01 18:15:58+00:00,,2025-12-01 18:22:35.271109428+00:00,2236,,,397,2025-12-01
1759846,13:16:36,578,38,5.9936,21337,1,123 James - East Syracuse - Walmart,268626,James St & E Milford Dr,Sy 20,2025-12-01 18:16:36+00:00,2025-12-01 18:23:01+00:00,2025-12-01 18:23:01+00:00,2236,43.06932779947917,-76.0961405436198,385,2025-12-01
1759846,13:17:05,575,39,6.1661,21337,1,123 James - East Syracuse - Walmart,268626,James St & Ridgewood Dr,Sy 20,2025-12-01 18:17:05+00:00,,2025-12-01 18:23:23.898230088+00:00,2236,,,378,2025-12-01
1759846,13:18:00,7471,40,6.4456,21337,1,123 James - East Syracuse - Walmart,268626,James St & Thompson Rd,Sy 20,2025-12-01 18:18:00+00:00,2025-12-01 18:24:01+00:00,2025-12-01 18:24:01+00:00,2236,43.069518294988896,-76.09085741230086,361,2025-12-01
1759846,13:19:06,2547,41,6.6732,21337,1,123 James - East Syracuse - Walmart,268626,James St & Wegman's Plaza,Sy 20,2025-12-01 18:19:06+00:00,,2025-12-01 18:24:18.489754098+00:00,2236,,,312,2025-12-01
1759846,13:20:25,2432,42,6.9448,21337,1,123 James - East Syracuse - Walmart,268626,James St & Worth St,Sy 20,2025-12-01 18:20:25+00:00,,2025-12-01 18:24:39.360655737+00:00,2236,,,254,2025-12-01
1759846,13:20:55,2440,43,7.0480,21337,1,123 James - East Syracuse - Walmart,268626,James St & Schoeder St,Sy 20,2025-12-01 18:20:55+00:00,,2025-12-01 18:24:47.290983606+00:00,2236,,,232,2025-12-01
1759846,13:21:20,2444,44,7.1352,21337,1,123 James - East Syracuse - Walmart,268626,James St & Allen St,Sy 20,2025-12-01 18:21:20+00:00,,2025-12-01 18:24:53.991803278+00:00,2236,,,213,2025-12-01
1759846,13:21:46,2448,45,7.2264,21337,1,123 James - East Syracuse - Walmart,268626,James St & West Ave,Sy 20,2025-12-01 18:21:46+00:00,2025-12-01 18:25:01+00:00,2025-12-01 18:25:01+00:00,2236,43.07000541687012,-76.08160018920898,195,2025-12-01
1759846,13:22:13,2452,46,7.3206,21337,1,123 James - East Syracuse - Walmart,268626,James St & Highland Ave,Sy 20,2025-12-01 18:22:13+00:00,,2025-12-01 18:25:18.503871167+00:00,2236,,,185,2025-12-01
1759846,13:22:45,2461,47,7.4328,21337,1,123 James - East Syracuse - Walmart,268626,James St & East Ave,Sy 20,2025-12-01 18:22:45+00:00,,2025-12-01 18:25:39.352431093+00:00,2236,,,174,2025-12-01
1759846,13:23:18,2464,48,7.5493,21337,1,123 James - East Syracuse - Walmart,268626,James St & Kinne St,Sy 20,2025-12-01 18:23:18+00:00,2025-12-01 18:26:01+00:00,2025-12-01 18:26:01+00:00,2236,43.07018527984619,-76.07769050598145,163,2025-12-01
1759846,13:24:18,8146,49,7.7586,21337,1,123 James - East Syracuse - Walmart,268626,Kinne St & Midland St,Sy 20,2025-12-01 18:24:18+00:00,,2025-12-01 18:26:32.547566098+00:00,2236,,,134,2025-12-01
1759846,13:25:14,8147,50,7.9540,21337,1,123 James - East Syracuse - Walmart,268626,Kinne St & W Yates St,Sy 20,2025-12-01 18:25:14+00:00,2025-12-01 18:27:02+00:00,2025-12-01 18:27:02+00:00,2236,43.06659561840456,-76.07672335496589,108,2025-12-01
1759846,13:25:42,8148,51,8.0501,21337,1,123 James - East Syracuse - Walmart,268626,Kinne St & W Ellis St,Sy 20,2025-12-01 18:25:42+00:00,,2025-12-01 18:27:19.072869617+00:00,2236,,,97,2025-12-01
1759846,13:26:15,7237,52,8.1659,21337,1,123 James - East Syracuse - Walmart,268626,Kinne St & W Manlius St,Sy 20,2025-12-01 18:26:15+00:00,,2025-12-01 18:27:39.645588678+00:00,2236,,,84,2025-12-01
1759846,13:26:49,7232,53,8.2861,21337,1,123 James - East Syracuse - Walmart,268626,W Manlius St & Charles St,Sy 20,2025-12-01 18:26:49+00:00,2025-12-01 18:28:01+00:00,2025-12-01 18:28:01+00:00,2236,43.06430115991709,-76.07535926663145,72,2025-12-01
1759846,13:27:28,7267,54,8.4213,21337,1,123 James - East Syracuse - Walmart,268626,W Manlius St & Division St,Sy 20,2025-12-01 18:27:28+00:00,,2025-12-01 18:28:28.818930041+00:00,2236,,,60,2025-12-01
1759846,13:27:43,7274,55,8.4735,21337,1,123 James - East Syracuse - Walmart,268626,W Manlius St & Silver St,Sy 20,2025-12-01 18:27:43+00:00,,2025-12-01 18:28:39.559670781+00:00,2236,,,56,2025-12-01
1759846,13:28:13,7282,56,8.5777,21337,1,123 James - East Syracuse - Walmart,268626,W Manlius St & Ball St,Sy 20,2025-12-01 18:28:13+00:00,2025-12-01 18:29:01+00:00,2025-12-01 18:29:01+00:00,2236,43.06401598453522,-76.07149124145508,48,2025-12-01
1759846,13:28:38,2523,57,8.6649,21337,1,123 James - East Syracuse - Walmart,268626,W Manlius St & N Center St,Sy 20,2025-12-01 18:28:38+00:00,,2025-12-01 18:29:08.211496746+00:00,2236,,,30,2025-12-01
1759846,13:30:20,4281,58,9.0184,21337,1,123 James - East Syracuse - Walmart,268626,Bridge St & E 2nd St,Sy 20,2025-12-01 18:30:20+00:00,,2025-12-01 18:29:37.446176789+00:00,2236,,,-42,2025-12-01
1759846,13:31:46,8169,59,9.3153,21337,1,123 James - East Syracuse - Walmart,268626,Chevy Dr & Bridge St,Sy 20,2025-12-01 18:31:46+00:00,2025-12-01 18:30:02+00:00,2025-12-01 18:30:02+00:00,2236,43.060671997070315,-76.06539245605468,-104,2025-12-01
1759846,13:35:00,7888,60,9.9479,21337,1,123 James - East Syracuse - Walmart,268626,Walmart - East Syracuse,Sy 20,2025-12-01 18:35:00+00:00,2025-12-01 18:32:01+00:00,2025-12-01 18:32:01+00:00,2236,43.06201207637787,-76.06086277961731,-179,2025-12-01
1759847,14:20:00,17651,1,,21337,1,123 James - East Syracuse - Walmart,268633,B12,Sy 20,2025-12-01 19:20:00+00:00,2025-12-01 19:23:01+00:00,2025-12-01 19:23:01+00:00,1778,43.043680826822914,-76.1516596476237,181,2025-12-01
1759847,14:21:05,102,2,0.4057,21337,1,123 James - East Syracuse - Walmart,268633,S Salina St & Jefferson St,Sy 20,2025-12-01 19:21:05+00:00,2025-12-01 19:24:02+00:00,2025-12-01 19:24:02+00:00,1778,43.04650550053037,-76.15225219726562,177,2025-12-01
1759847,14:21:55,17670,3,0.7147,21337,1,123 James - East Syracuse - Walmart,268633,S Salina St & Water St (mid-block),Sy 20,2025-12-01 19:21:55+00:00,2025-12-01 19:27:01+00:00,2025-12-01 19:27:01+00:00,1778,43.049883618074304,-76.15220642089844,306,2025-12-01
1759847,14:22:38,423,4,0.9848,21337,1,123 James - East Syracuse - Walmart,268633,James St & N Warren St,Sy 20,2025-12-01 19:22:38+00:00,2025-12-01 19:28:02+00:00,2025-12-01 19:28:02+00:00,1778,43.050974140996516,-76.1521805472996,324,2025-12-01
1759847,14:23:19,420,5,1.2412,21337,1,123 James - East Syracuse - Walmart,268633,James St & N State St,Sy 20,2025-12-01 19:23:19+00:00,2025-12-01 19:29:01+00:00,2025-12-01 19:29:01+00:00,1778,43.052262353115395,-76.14870252765593,342,2025-12-01
1759847,14:23:51,421,6,1.4442,21337,1,123 James - East Syracuse - Walmart,268633,James St & N Townsend St,Sy 20,2025-12-01 19:23:51+00:00,2025-12-01 19:30:01+00:00,2025-12-01 19:30:01+00:00,1778,43.053289794921874,-76.1466121673584,370,2025-12-01
1759847,14:24:14,442,7,1.5868,21337,1,123 James - East Syracuse - Walmart,268633,James St & N McBride St,Sy 20,2025-12-01 19:24:14+00:00,2025-12-01 19:31:01+00:00,2025-12-01 19:31:01+00:00,1778,43.054061661905315,-76.1450492517272,407,2025-12-01
1759847,14:24:40,432,8,1.7532,21337,1,123 James - East Syracuse - Walmart,268633,James St & Catherine St,Sy 20,2025-12-01 19:24:40+00:00,2025-12-01 19:33:01+00:00,2025-12-01 19:33:01+00:00,1778,43.054978228629906,-76.1431741917387,501,2025-12-01
1759847,14:25:18,14776,9,1.9920,21337,1,123 James - East Syracuse - Walmart,268633,James St & Lodi St,Sy 20,2025-12-01 19:25:18+00:00,2025-12-01 19:35:01+00:00,2025-12-01 19:35:01+00:00,1778,43.0560109368686,-76.14108065901131,583,2025-12-01
1759847,14:25:50,446,10,2.1944,21337,1,123 James - East Syracuse - Walmart,268633,James St & Highland St,Sy 20,2025-12-01 19:25:50+00:00,2025-12-01 19:36:01+00:00,2025-12-01 19:36:01+00:00,1778,43.057048082351685,-76.13894391059875,611,2025-12-01
1759847,14:26:18,5088,11,2.3722,21337,1,123 James - East Syracuse - Walmart,268633,960 James St,Sy 20,2025-12-01 19:26:18+00:00,2025-12-01 19:37:01+00:00,2025-12-01 19:37:01+00:00,1778,43.05834990281325,-76.13629091702975,643,2025-12-01
1759847,14:27:00,444,12,2.5905,21337,1,123 James - East Syracuse - Walmart,268633,James St & Oak St,Sy 20,2025-12-01 19:27:00+00:00,2025-12-01 19:38:01+00:00,2025-12-01 19:38:01+00:00,1778,43.059271240234374,-76.13441791534424,661,2025-12-01
1759847,14:27:36,2120,13,2.8021,21337,1,123 James - East Syracuse - Walmart,268633,James St & WSYR,Sy 20,2025-12-01 19:27:36+00:00,2025-12-01 19:39:01+00:00,2025-12-01 19:39:01+00:00,1778,43.06014820173675,-76.13263881907744,685,2025-12-01
1759847,14:27:50,450,14,2.8895,21337,1,123 James - East Syracuse - Walmart,268633,James St & Dewitt St,Sy 20,2025-12-01 19:27:50+00:00,,2025-12-01 19:39:29.469055374+00:00,1778,,,699,2025-12-01
1759847,14:28:06,453,15,2.9863,21337,1,123 James - East Syracuse - Walmart,268633,James St & Sedgwick Dr,Sy 20,2025-12-01 19:28:06+00:00,2025-12-01 19:40:01+00:00,2025-12-01 19:40:01+00:00,1778,43.061028572820845,-76.13083894791141,715,2025-12-01
1759847,14:28:44,459,16,3.2103,21337,1,123 James - East Syracuse - Walmart,268633,James St & Vine St,Sy 20,2025-12-01 19:28:44+00:00,,2025-12-01 19:40:33.015503875+00:00,1778,,,709,2025-12-01
1759847,14:29:16,464,17,3.3991,21337,1,123 James - East Syracuse - Walmart,268633,James St & Wilson St,Sy 20,2025-12-01 19:29:16+00:00,2025-12-01 19:41:00+00:00,2025-12-01 19:41:00+00:00,1778,43.063377449729224,-76.12604508833452,704,2025-12-01
1759847,14:29:56,469,18,3.6374,21337,1,123 James - East Syracuse - Walmart,268633,James St & Hampton Rd,Sy 20,2025-12-01 19:29:56+00:00,,2025-12-01 19:41:25.075556322+00:00,1778,,,689,2025-12-01
1759847,14:30:18,10678,19,3.7675,21337,1,123 James - East Syracuse - Walmart,268633,James St & Teall Ave,Sy 20,2025-12-01 19:30:18+00:00,,2025-12-01 19:41:38.765568397+00:00,1778,,,680,2025-12-01
1759847,14:30:53,479,20,3.9788,21337,1,123 James - East Syracuse - Walmart,268633,James St & Rugby Rd,Sy 20,2025-12-01 19:30:53+00:00,2025-12-01 19:42:01+00:00,2025-12-01 19:42:01+00:00,1778,43.066009521484375,-76.12067413330078,668,2025-12-01
1759847,14:31:13,481,21,4.0984,21337,1,123 James - East Syracuse - Walmart,268633,James St & Cook Ave,Sy 20,2025-12-01 19:31:13+00:00,,2025-12-01 19:42:20.480907877+00:00,1778,,,667,2025-12-01
1759847,14:31:29,487,22,4.1927,21337,1,123 James - East Syracuse - Walmart,268633,James St & Hastings Pl,Sy 20,2025-12-01 19:31:29+00:00,,2025-12-01 19:42:35.840854472+00:00,1778,,,666,2025-12-01
1759847,14:31:44,491,23,4.2856,21337,1,123 James - East Syracuse - Walmart,268633,James St & Clifton Pl,Sy 20,2025-12-01 19:31:44+00:00,,2025-12-01 19:42:50.972763684+00:00,1778,,,666,2025-12-01
1759847,14:32:00,1759,24,4.3533,21337,1,123 James - East Syracuse - Walmart,268633,James St & Shotwell Pk,Sy 20,2025-12-01 19:32:00+00:00,2025-12-01 19:43:02+00:00,2025-12-01 19:43:02+00:00,1778,43.06833829377827,-76.11564917313426,662,2025-12-01
1759847,14:32:31,506,25,4.5363,21337,1,123 James - East Syracuse - Walmart,268633,James St & Hickok Ave,Sy 20,2025-12-01 19:32:31+00:00,2025-12-01 19:44:01+00:00,2025-12-01 19:44:01+00:00,1778,43.06844947451637,-76.11411794026692,690,2025-12-01
1759847,14:32:50,507,26,4.6515,21337,1,123 James - East Syracuse - Walmart,268633,James St & Stafford Ave,Sy 20,2025-12-01 19:32:50+00:00,2025-12-01 19:46:01+00:00,2025-12-01 19:46:01+00:00,1778,43.068491347292635,-76.11333579205453,791,2025-12-01
1759847,14:33:09,515,27,4.7648,21337,1,123 James - East Syracuse - Walmart,268633,James St & Forest Hill Dr,Sy 20,2025-12-01 19:33:09+00:00,2025-12-01 19:47:01+00:00,2025-12-01 19:47:01+00:00,1778,43.06858269642975,-76.11139834129204,832,2025-12-01
1759847,14:33:26,523,28,4.8640,21337,1,123 James - East Syracuse - Walmart,268633,James St & Woodbine Ave,Sy 20,2025-12-01 19:33:26+00:00,,2025-12-01 19:47:30.984886649+00:00,1778,,,844,2025-12-01
1759847,14:33:43,522,29,4.9633,21337,1,123 James - East Syracuse - Walmart,268633,James St & Hillsdale Ave,Sy 20,2025-12-01 19:33:43+00:00,2025-12-01 19:48:01+00:00,2025-12-01 19:48:01+00:00,1778,43.068664419239965,-76.1095199584961,858,2025-12-01
1759847,14:34:01,532,30,5.0705,21337,1,123 James - East Syracuse - Walmart,268633,James St & S Collingwood Ave,Sy 20,2025-12-01 19:34:01+00:00,,2025-12-01 19:48:32.622418879+00:00,1778,,,871,2025-12-01
1759847,14:34:17,533,31,5.1667,21337,1,123 James - East Syracuse - Walmart,268633,James St & S Edwards Ave,Sy 20,2025-12-01 19:34:17+00:00,2025-12-01 19:49:01+00:00,2025-12-01 19:49:01+00:00,1778,43.06882405685166,-76.10702359474311,884,2025-12-01
1759847,14:34:31,541,32,5.2510,21337,1,123 James - East Syracuse - Walmart,268633,James St & S Midler Ave,Sy 20,2025-12-01 19:34:31+00:00,2025-12-01 19:50:01+00:00,2025-12-01 19:50:01+00:00,1778,43.0688642614028,-76.10591678993374,930,2025-12-01
1759847,14:34:50,547,33,5.3662,21337,1,123 James - East Syracuse - Walmart,268633,James St & Nichols Ave,Sy 20,2025-12-01 19:34:50+00:00,2025-12-01 19:51:02+00:00,2025-12-01 19:51:02+00:00,1778,43.06893412272135,-76.10449727376302,972,2025-12-01
1759847,14:35:07,552,34,5.4654,21337,1,123 James - East Syracuse - Walmart,268633,James St & Homecroft Rd,Sy 20,2025-12-01 19:35:07+00:00,,2025-12-01 19:51:20.837463791+00:00,1778,,,973,2025-12-01
1759847,14:35:27,567,35,5.5837,21337,1,123 James - East Syracuse - Walmart,268633,James St & Mosley Dr,Sy 20,2025-12-01 19:35:27+00:00,,2025-12-01 19:51:43.301898937+00:00,1778,,,976,2025-12-01
1759847,14:35:43,558,36,5.6769,21337,1,123 James - East Syracuse - Walmart,268633,James St & Plymouth Dr,Sy 20,2025-12-01 19:35:43+00:00,2025-12-01 19:52:01+00:00,2025-12-01 19:52:01+00:00,1778,43.06911401187672,-76.10073807660271,978,2025-12-01
1759847,14:35:58,562,37,5.7671,21337,1,123 James - East Syracuse - Walmart,268633,James St & W Milford Dr,Sy 20,2025-12-01 19:35:58+00:00,,2025-12-01 19:52:18.088727502+00:00,1778,,,980,2025-12-01
1759847,14:36:36,578,38,5.9936,21337,1,123 James - East Syracuse - Walmart,268633,James St & E Milford Dr,Sy 20,2025-12-01 19:36:36+00:00,2025-12-01 19:53:01+00:00,2025-12-01 19:53:01+00:00,1778,43.06930387781021,-76.09680841324177,985,2025-12-01
1759847,14:37:05,575,39,6.1661,21337,1,123 James - East Syracuse - Walmart,268633,James St & Ridgewood Dr,Sy 20,2025-12-01 19:37:05+00:00,2025-12-01 19:54:01+00:00,2025-12-01 19:54:01+00:00,1778,43.06942652232611,-76.09408398528598,1016,2025-12-01
1759847,14:38:00,7471,40,6.4456,21337,1,123 James - East Syracuse - Walmart,268633,James St & Thompson Rd,Sy 20,2025-12-01 19:38:00+00:00,2025-12-01 19:55:01+00:00,2025-12-01 19:55:01+00:00,1778,43.06950372457504,-76.0913655757904,1021,2025-12-01
1759847,14:38:30,2547,41,6.6732,21337,1,123 James - East Syracuse - Walmart,268633,James St & Wegman's Plaza,Sy 20,2025-12-01 19:38:30+00:00,2025-12-01 19:57:01+00:00,2025-12-01 19:57:01+00:00,1778,43.0696767171224,-76.08810424804688,1111,2025-12-01
1759847,14:39:06,2432,42,6.9448,21337,1,123 James - East Syracuse - Walmart,268633,James St & Worth St,Sy 20,2025-12-01 19:39:06+00:00,,2025-12-01 19:57:26.171455050+00:00,1778,,,1100,2025-12-01
1759847,14:39:19,2440,43,7.0480,21337,1,123 James - East Syracuse - Walmart,268633,James St & Schoeder St,Sy 20,2025-12-01 19:39:19+00:00,,2025-12-01 19:57:35.735866543+00:00,1778,,,1096,2025-12-01
1759847,14:39:30,2444,44,7.1352,21337,1,123 James - East Syracuse - Walmart,268633,James St & Allen St,Sy 20,2025-12-01 19:39:30+00:00,,2025-12-01 19:57:43.817423540+00:00,1778,,,1093,2025-12-01
1759847,14:39:42,2448,45,7.2264,21337,1,123 James - East Syracuse - Walmart,268633,James St & West Ave,Sy 20,2025-12-01 19:39:42+00:00,,2025-12-01 19:57:52.269694161+00:00,1778,,,1090,2025-12-01
1759847,14:39:54,2452,46,7.3206,21337,1,123 James - East Syracuse - Walmart,268633,James St & Highland Ave,Sy 20,2025-12-01 19:39:54+00:00,2025-12-01 19:58:01+00:00,2025-12-01 19:58:01+00:00,1778,43.0700626373291,-76.08040618896484,1087,2025-12-01
1759847,14:40:08,2461,47,7.4328,21337,1,123 James - East Syracuse - Walmart,268633,James St & East Ave,Sy 20,2025-12-01 19:40:08+00:00,,2025-12-01 19:58:29.945343244+00:00,1778,,,1101,2025-12-01
1759847,14:40:23,2464,48,7.5493,21337,1,123 James - East Syracuse - Walmart,268633,James St & Kinne St,Sy 20,2025-12-01 19:40:23+00:00,2025-12-01 19:59:00+00:00,2025-12-01 19:59:00+00:00,1778,43.0701789855957,-76.07718658447266,1117,2025-12-01
1759847,14:40:50,8146,49,7.7586,21337,1,123 James - East Syracuse - Walmart,268633,Kinne St & Midland St,Sy 20,2025-12-01 19:40:50+00:00,,2025-12-01 19:59:25.911741214+00:00,1778,,,1115,2025-12-01
1759847,14:41:16,8147,50,7.9540,21337,1,123 James - East Syracuse - Walmart,268633,Kinne St & W Yates St,Sy 20,2025-12-01 19:41:16+00:00,,2025-12-01 19:59:50.102635782+00:00,1778,,,1114,2025-12-01
1759847,14:41:28,8148,51,8.0501,21337,1,123 James - East Syracuse - Walmart,268633,Kinne St & W Ellis St,Sy 20,2025-12-01 19:41:28+00:00,2025-12-01 20:00:02+00:00,2025-12-01 20:00:02+00:00,1778,43.06573966241652,-76.07665449573147,1114,2025-12-01
1759847,14:41:43,7237,52,8.1659,21337,1,123 James - East Syracuse - Walmart,268633,Kinne St & W Manlius St,Sy 20,2025-12-01 19:41:43+00:00,,2025-12-01 20:00:14.949583017+00:00,1778,,,1111,2025-12-01
1759847,14:41:59,7232,53,8.2861,21337,1,123 James - East Syracuse - Walmart,268633,W Manlius St & Charles St,Sy 20,2025-12-01 19:41:59+00:00,,2025-12-01 20:00:28.391205458+00:00,1778,,,1109,2025-12-01
1759847,14:42:17,7267,54,8.4213,21337,1,123 James - East Syracuse - Walmart,268633,W Manlius St & Division St,Sy 20,2025-12-01 19:42:17+00:00,,2025-12-01 20:00:43.510235026+00:00,1778,,,1106,2025-12-01
1759847,14:42:23,7274,55,8.4735,21337,1,123 James - East Syracuse - Walmart,268633,W Manlius St & Silver St,Sy 20,2025-12-01 19:42:23+00:00,,2025-12-01 20:00:49.347611827+00:00,1778,,,1106,2025-12-01
1759847,14:42:36,7282,56,8.5777,21337,1,123 James - East Syracuse - Walmart,268633,W Manlius St & Ball St,Sy 20,2025-12-01 19:42:36+00:00,2025-12-01 20:01:01+00:00,2025-12-01 20:01:01+00:00,1778,43.064069747924805,-76.07250595092773,1105,2025-12-01
1759847,14:42:47,2523,57,8.6649,21337,1,123 James - East Syracuse - Walmart,268633,W Manlius St & N Center St,Sy 20,2025-12-01 19:42:47+00:00,,2025-12-01 20:01:02.976577257+00:00,1778,,,1095,2025-12-01
1759847,14:43:43,7257,58,9.0917,21337,1,123 James - East Syracuse - Walmart,268633,McCool Ave & E Ellis St,Sy 20,2025-12-01 19:43:43+00:00,,2025-12-01 20:01:12.650925576+00:00,1778,,,1049,2025-12-01
1759847,14:43:57,1179,59,9.1979,21337,1,123 James - East Syracuse - Walmart,268633,McCool Ave & E Yates St,Sy 20,2025-12-01 19:43:57+00:00,,2025-12-01 20:01:15.058179070+00:00,1778,,,1038,2025-12-01
1759847,14:44:11,2633,60,9.3030,21337,1,123 James - East Syracuse - Walmart,268633,McCool Ave & E Heman St,Sy 20,2025-12-01 19:44:11+00:00,,2025-12-01 20:01:17.440498677+00:00,1778,,,1026,2025-12-01
1759847,14:44:34,4320,61,9.4783,21337,1,123 James - East Syracuse - Walmart,268633,McCool Ave & E Irving St,Sy 20,2025-12-01 19:44:34+00:00,,2025-12-01 20:01:21.414053645+00:00,1778,,,1007,2025-12-01
1759847,14:45:00,2556,62,9.5955,21337,1,123 James - East Syracuse - Walmart,268633,E Irving St & Hartwell Ave,Sy 20,2025-12-01 19:45:00+00:00,,2025-12-01 20:01:24.070646014+00:00,1778,,,984,2025-12-01
1759847,14:47:00,7887,63,9.9640,21337,1,123 James - East Syracuse - Walmart,268633,Bennett Manor,Sy 20,2025-12-01 19:47:00+00:00,,2025-12-01 20:01:32.423498299+00:00,1778,,,872,2025-12-01
1759847,14:49:45,2550,64,10.6333,21337,1,123 James - East Syracuse - Walmart,268633,Hartwell Ave & E Heman St,Sy 20,2025-12-01 19:49:45+00:00,,2025-12-01 20:01:47.594635436+00:00,1778,,,722,2025-12-01
1759847,14:50:10,2542,65,10.7344,21337,1,123 James - East Syracuse - Walmart,268633,Hartwell Ave & E Yates St,Sy 20,2025-12-01 19:50:10+00:00,,2025-12-01 20:01:49.886286361+00:00,1778,,,699,2025-12-01
1759847,14:50:34,7276,66,10.8346,21337,1,123 James - East Syracuse - Walmart,268633,Hartwell Ave & E Ellis St,Sy 20,2025-12-01 19:50:34+00:00,,2025-12-01 20:01:52.157536834+00:00,1778,,,678,2025-12-01
1759847,14:51:30,7256,67,11.0625,21337,1,123 James - East Syracuse - Walmart,268633,E Manlius St & McCool Ave,Sy 20,2025-12-01 19:51:30+00:00,,2025-12-01 20:01:57.323384964+00:00,1778,,,627,2025-12-01
1759847,14:52:10,2527,68,11.2247,21337,1,123 James - East Syracuse - Walmart,268633,E Manlius St & Upton St,Sy 20,2025-12-01 19:52:10+00:00,2025-12-01 20:02:01+00:00,2025-12-01 20:02:01+00:00,1778,43.0639367537065,-76.06968064741655,591,2025-12-01
1759847,14:53:07,4281,69,11.4547,21337,1,123 James - East Syracuse - Walmart,268633,Bridge St & E 2nd St,Sy 20,2025-12-01 19:53:07+00:00,,2025-12-01 20:05:30.527424558+00:00,1778,,,743,2025-12-01
1759847,14:54:20,8169,70,11.7516,21337,1,123 James - East Syracuse - Walmart,268633,Chevy Dr & Bridge St,Sy 20,2025-12-01 19:54:20+00:00,2025-12-01 20:10:01+00:00,2025-12-01 20:10:01+00:00,1778,43.0612907409668,-76.0665054321289,941,2025-12-01
1759847,14:57:00,7888,71,12.3843,21337,1,123 James - East Syracuse - Walmart,268633,Walmart - East Syracuse,Sy 20,2025-12-01 19:57:00+00:00,2025-12-01 20:12:01+00:00,2025-12-01 20:12:01+00:00,1778,43.062599999564036,-76.06161480858212,901,2025-12-01
1759848,15:40:00,17651,1,,21337,1,123 James - East Syracuse - Walmart,268626,B12,Sy 20,2025-12-01 20:40:00+00:00,2025-12-01 20:49:01+00:00,2025-12-01 20:49:01+00:00,2236,43.04431997763144,-76.15221817429001,541,2025-12-01
1759848,15:41:05,102,2,0.4057,21337,1,123 James - East Syracuse - Walmart,268626,S Salina St & Jefferson St,Sy 20,2025-12-01 20:41:05+00:00,2025-12-01 20:50:01+00:00,2025-12-01 20:50:01+00:00,2236,43.04650550053037,-76.15225219726562,536,2025-12-01
1759848,15:41:55,17670,3,0.7147,21337,1,123 James - East Syracuse - Walmart,268626,S Salina St & Water St (mid-block),Sy 20,2025-12-01 20:41:55+00:00,2025-12-01 20:52:02+00:00,2025-12-01 20:52:02+00:00,2236,43.04867680867513,-76.15222930908203,607,2025-12-01
1759848,15:42:38,423,4,0.9848,21337,1,123 James - East Syracuse - Walmart,268626,James St & N Warren St,Sy 20,2025-12-01 20:42:38+00:00,2025-12-01 20:55:01+00:00,2025-12-01 20:55:01+00:00,2236,43.05130281119511,-76.15068725059773,743,2025-12-01
1759848,15:43:19,420,5,1.2412,21337,1,123 James - East Syracuse - Walmart,268626,James St & N State St,Sy 20,2025-12-01 20:43:19+00:00,,2025-12-01 20:55:26.554817275+00:00,2236,,,727,2025-12-01
1759848,15:43:51,421,6,1.4442,21337,1,123 James - East Syracuse - Walmart,268626,James St & N Townsend St,Sy 20,2025-12-01 20:43:51+00:00,,2025-12-01 20:55:46.787375415+00:00,2236,,,715,2025-12-01
1759848,15:44:14,442,7,1.5868,21337,1,123 James - East Syracuse - Walmart,268626,James St & N McBride St,Sy 20,2025-12-01 20:44:14+00:00,2025-12-01 20:56:01+00:00,2025-12-01 20:56:01+00:00,2236,43.05402630665263,-76.14512121481974,707,2025-12-01
1759848,15:44:40,432,8,1.7532,21337,1,123 James - East Syracuse - Walmart,268626,James St & Catherine St,Sy 20,2025-12-01 20:44:40+00:00,2025-12-01 20:57:01+00:00,2025-12-01 20:57:01+00:00,2236,43.05487211360488,-76.14339890590934,741,2025-12-01
1759848,15:45:18,14776,9,1.9920,21337,1,123 James - East Syracuse - Walmart,268626,James St & Lodi St,Sy 20,2025-12-01 20:45:18+00:00,,2025-12-01 20:57:34.016319129+00:00,2236,,,736,2025-12-01
1759848,15:45:50,446,10,2.1944,21337,1,123 James - East Syracuse - Walmart,268626,James St & Highland St,Sy 20,2025-12-01 20:45:50+00:00,2025-12-01 20:58:02+00:00,2025-12-01 20:58:02+00:00,2236,43.05736236572265,-76.13832275390625,732,2025-12-01
1759848,15:46:18,5088,11,2.3722,21337,1,123 James - East Syracuse - Walmart,268626,960 James St,Sy 20,2025-12-01 20:46:18+00:00,,2025-12-01 20:58:15.246874605+00:00,2236,,,717,2025-12-01
1759848,15:47:00,444,12,2.5905,21337,1,123 James - East Syracuse - Walmart,268626,James St & Oak St,Sy 20,2025-12-01 20:47:00+00:00,,2025-12-01 20:58:31.511175653+00:00,2236,,,691,2025-12-01
1759848,15:47:36,2120,13,2.8021,21337,1,123 James - East Syracuse - Walmart,268626,James St & WSYR,Sy 20,2025-12-01 20:47:36+00:00,,2025-12-01 20:58:47.276297512+00:00,2236,,,671,2025-12-01
1759848,15:47:50,450,14,2.8895,21337,1,123 James - East Syracuse - Walmart,268626,James St & Dewitt St,Sy 20,2025-12-01 20:47:50+00:00,,2025-12-01 20:58:53.787978280+00:00,2236,,,663,2025-12-01
1759848,15:48:06,453,15,2.9863,21337,1,123 James - East Syracuse - Walmart,268626,James St & Sedgwick Dr,Sy 20,2025-12-01 20:48:06+00:00,2025-12-01 20:59:01+00:00,2025-12-01 20:59:01+00:00,2236,43.061027157691214,-76.13084190122542,655,2025-12-01
1759848,15:48:44,459,16,3.2103,21337,1,123 James - East Syracuse - Walmart,268626,James St & Vine St,Sy 20,2025-12-01 20:48:44+00:00,,2025-12-01 21:00:03.270004607+00:00,2236,,,679,2025-12-01
1759848,15:49:16,464,17,3.3991,21337,1,123 James - East Syracuse - Walmart,268626,James St & Wilson St,Sy 20,2025-12-01 20:49:16+00:00,,2025-12-01 21:00:55.754722776+00:00,2236,,,699,2025-12-01
1759848,15:49:56,469,18,3.6374,21337,1,123 James - East Syracuse - Walmart,268626,James St & Hampton Rd,Sy 20,2025-12-01 20:49:56+00:00,2025-12-01 21:02:02+00:00,2025-12-01 21:02:02+00:00,2236,43.064275680049775,-76.12420728129726,726,2025-12-01
1759848,15:50:18,10678,19,3.7675,21337,1,123 James - East Syracuse - Walmart,268626,James St & Teall Ave,Sy 20,2025-12-01 20:50:18+00:00,2025-12-01 21:03:01+00:00,2025-12-01 21:03:01+00:00,2236,43.065238214308216,-76.12224726523122,763,2025-12-01
1759848,15:50:53,479,20,3.9788,21337,1,123 James - East Syracuse - Walmart,268626,James St & Rugby Rd,Sy 20,2025-12-01 20:50:53+00:00,,2025-12-01 21:03:22.642198702+00:00,2236,,,749,2025-12-01
1759848,15:51:13,481,21,4.0984,21337,1,123 James - East Syracuse - Walmart,268626,James St & Cook Ave,Sy 20,2025-12-01 20:51:13+00:00,,2025-12-01 21:03:34.892113349+00:00,2236,,,741,2025-12-01
1759848,15:51:29,487,22,4.1927,21337,1,123 James - East Syracuse - Walmart,268626,James St & Hastings Pl,Sy 20,2025-12-01 20:51:29+00:00,,2025-12-01 21:03:44.550699897+00:00,2236,,,735,2025-12-01
1759848,15:51:44,491,23,4.2856,21337,1,123 James - East Syracuse - Walmart,268626,James St & Clifton Pl,Sy 20,2025-12-01 20:51:44+00:00,,2025-12-01 21:03:54.065892796+00:00,2236,,,730,2025-12-01
1759848,15:52:00,1759,24,4.3533,21337,1,123 James - East Syracuse - Walmart,268626,James St & Shotwell Pk,Sy 20,2025-12-01 20:52:00+00:00,2025-12-01 21:04:01+00:00,2025-12-01 21:04:01+00:00,2236,43.06818809509277,-76.11616477966308,721,2025-12-01
1759848,15:52:31,506,25,4.5363,21337,1,123 James - East Syracuse - Walmart,268626,James St & Hickok Ave,Sy 20,2025-12-01 20:52:31+00:00,,2025-12-01 21:04:37.820925553+00:00,2236,,,726,2025-12-01
1759848,15:52:50,507,26,4.6515,21337,1,123 James - East Syracuse - Walmart,268626,James St & Stafford Ave,Sy 20,2025-12-01 20:52:50+00:00,2025-12-01 21:05:01+00:00,2025-12-01 21:05:01+00:00,2236,43.06852047259991,-76.11269848163312,731,2025-12-01
1759848,15:53:09,515,27,4.7648,21337,1,123 James - East Syracuse - Walmart,268626,James St & Forest Hill Dr,Sy 20,2025-12-01 20:53:09+00:00,,2025-12-01 21:05:33.523764705+00:00,2236,,,744,2025-12-01
1759848,15:53:26,523,28,4.8640,21337,1,123 James - East Syracuse - Walmart,268626,James St & Woodbine Ave,Sy 20,2025-12-01 20:53:26+00:00,2025-12-01 21:06:02+00:00,2025-12-01 21:06:02+00:00,2236,43.06861905353825,-76.11069041926686,756,2025-12-01
1759848,15:53:43,522,29,4.9633,21337,1,123 James - East Syracuse - Walmart,268626,James St & Hillsdale Ave,Sy 20,2025-12-01 20:53:43+00:00,,2025-12-01 21:06:21.354806739+00:00,2236,,,758,2025-12-01
1759848,15:54:01,532,30,5.0705,21337,1,123 James - East Syracuse - Walmart,268626,James St & S Collingwood Ave,Sy 20,2025-12-01 20:54:01+00:00,,2025-12-01 21:06:42.249421869+00:00,2236,,,761,2025-12-01
1759848,15:54:17,533,31,5.1667,21337,1,123 James - East Syracuse - Walmart,268626,James St & S Edwards Ave,Sy 20,2025-12-01 20:54:17+00:00,2025-12-01 21:07:01+00:00,2025-12-01 21:07:01+00:00,2236,43.06882353960457,-76.10703911215572,764,2025-12-01
1759848,15:54:31,541,32,5.2510,21337,1,123 James - East Syracuse - Walmart,268626,James St & S Midler Ave,Sy 20,2025-12-01 20:54:31+00:00,,2025-12-01 21:07:17.933377971+00:00,2236,,,766,2025-12-01
1759848,15:54:50,547,33,5.3662,21337,1,123 James - East Syracuse - Walmart,268626,James St & Nichols Ave,Sy 20,2025-12-01 20:54:50+00:00,,2025-12-01 21:07:41.073652494+00:00,2236,,,771,2025-12-01
1759848,15:55:07,552,34,5.4654,21337,1,123 James - East Syracuse - Walmart,268626,James St & Homecroft Rd,Sy 20,2025-12-01 20:55:07+00:00,2025-12-01 21:08:01+00:00,2025-12-01 21:08:01+00:00,2236,43.068990610413636,-76.1033382092492,774,2025-12-01
1759848,15:55:27,567,35,5.5837,21337,1,123 James - East Syracuse - Walmart,268626,James St & Mosley Dr,Sy 20,2025-12-01 20:55:27+00:00,,2025-12-01 21:08:24.526682134+00:00,2236,,,777,2025-12-01
1759848,15:55:43,558,36,5.6769,21337,1,123 James - East Syracuse - Walmart,268626,James St & Plymouth Dr,Sy 20,2025-12-01 20:55:43+00:00,,2025-12-01 21:08:43.061650646+00:00,2236,,,780,2025-12-01
1759848,15:55:58,562,37,5.7671,21337,1,123 James - East Syracuse - Walmart,268626,James St & W Milford Dr,Sy 20,2025-12-01 20:55:58+00:00,2025-12-01 21:09:01+00:00,2025-12-01 21:09:01+00:00,2236,43.06921618917714,-76.09864608101223,783,2025-12-01
1759848,15:56:36,578,38,5.9936,21337,1,123 James - East Syracuse - Walmart,268626,James St & E Milford Dr,Sy 20,2025-12-01 20:56:36+00:00,,2025-12-01 21:09:21.029476787+00:00,2236,,,765,2025-12-01
1759848,15:57:05,575,39,6.1661,21337,1,123 James - East Syracuse - Walmart,268626,James St & Ridgewood Dr,Sy 20,2025-12-01 20:57:05+00:00,,2025-12-01 21:09:36.283714075+00:00,2236,,,751,2025-12-01
1759848,15:58:00,7471,40,6.4456,21337,1,123 James - East Syracuse - Walmart,268626,James St & Thompson Rd,Sy 20,2025-12-01 20:58:00+00:00,2025-12-01 21:10:01+00:00,2025-12-01 21:10:01+00:00,2236,43.06947708129883,-76.09158066340855,721,2025-12-01
1759848,15:59:06,2547,41,6.6732,21337,1,123 James - East Syracuse - Walmart,268626,James St & Wegman's Plaza,Sy 20,2025-12-01 20:59:06+00:00,2025-12-01 21:12:01+00:00,2025-12-01 21:12:01+00:00,2236,43.06967709859212,-76.08809623718261,775,2025-12-01
1759848,16:00:25,2432,42,6.9448,21337,1,123 James - East Syracuse - Walmart,268626,James St & Worth St,Sy 20,2025-12-01 21:00:25+00:00,,2025-12-01 21:12:26.171455050+00:00,2236,,,721,2025-12-01
1759848,16:00:55,2440,43,7.0480,21337,1,123 James - East Syracuse - Walmart,268626,James St & Schoeder St,Sy 20,2025-12-01 21:00:55+00:00,,2025-12-01 21:12:35.735866543+00:00,2236,,,700,2025-12-01
1759848,16:01:20,2444,44,7.1352,21337,1,123 James - East Syracuse - Walmart,268626,James St & Allen St,Sy 20,2025-12-01 21:01:20+00:00,,2025-12-01 21:12:43.817423540+00:00,2236,,,683,2025-12-01
1759848,16:01:46,2448,45,7.2264,21337,1,123 James - East Syracuse - Walmart,268626,James St & West Ave,Sy 20,2025-12-01 21:01:46+00:00,,2025-12-01 21:12:52.269694161+00:00,2236,,,666,2025-12-01
1759848,16:02:13,2452,46,7.3206,21337,1,123 James - East Syracuse - Walmart,268626,James St & Highland Ave,Sy 20,2025-12-01 21:02:13+00:00,2025-12-01 21:13:01+00:00,2025-12-01 21:13:01+00:00,2236,43.07005811992445,-76.08047190883704,648,2025-12-01
1759848,16:02:45,2461,47,7.4328,21337,1,123 James - East Syracuse - Walmart,268626,James St & East Ave,Sy 20,2025-12-01 21:02:45+00:00,2025-12-01 21:14:01+00:00,2025-12-01 21:14:01+00:00,2236,43.07013169774469,-76.07907982592313,676,2025-12-01
1759848,16:03:18,2464,48,7.5493,21337,1,123 James - East Syracuse - Walmart,268626,James St & Kinne St,Sy 20,2025-12-01 21:03:18+00:00,,2025-12-01 21:14:22.454880294+00:00,2236,,,664,2025-12-01
1759848,16:04:18,8146,49,7.7586,21337,1,123 James - East Syracuse - Walmart,268626,Kinne St & Midland St,Sy 20,2025-12-01 21:04:18+00:00,2025-12-01 21:15:01+00:00,2025-12-01 21:15:01+00:00,2236,43.068318202577785,-76.07685957283809,643,2025-12-01
1759848,16:05:14,8147,50,7.9540,21337,1,123 James - East Syracuse - Walmart,268626,Kinne St & W Yates St,Sy 20,2025-12-01 21:05:14+00:00,,2025-12-01 21:15:30.264424257+00:00,2236,,,616,2025-12-01
1759848,16:05:42,8148,51,8.0501,21337,1,123 James - East Syracuse - Walmart,268626,Kinne St & W Ellis St,Sy 20,2025-12-01 21:05:42+00:00,,2025-12-01 21:15:44.657009575+00:00,2236,,,602,2025-12-01
1759848,16:06:15,7237,52,8.1659,21337,1,123 James - East Syracuse - Walmart,268626,Kinne St & W Manlius St,Sy 20,2025-12-01 21:06:15+00:00,2025-12-01 21:16:02+00:00,2025-12-01 21:16:02+00:00,2236,43.06511705571955,-76.07662998546253,587,2025-12-01
1759848,16:06:49,7232,53,8.2861,21337,1,123 James - East Syracuse - Walmart,268626,W Manlius St & Charles St,Sy 20,2025-12-01 21:06:49+00:00,,2025-12-01 21:16:19.221466731+00:00,2236,,,570,2025-12-01
1759848,16:07:28,7267,54,8.4213,21337,1,123 James - East Syracuse - Walmart,268626,W Manlius St & Division St,Sy 20,2025-12-01 21:07:28+00:00,,2025-12-01 21:16:38.592034968+00:00,2236,,,550,2025-12-01
1759848,16:07:43,7274,55,8.4735,21337,1,123 James - East Syracuse - Walmart,268626,W Manlius St & Silver St,Sy 20,2025-12-01 21:07:43+00:00,,2025-12-01 21:16:46.070908207+00:00,2236,,,543,2025-12-01
1759848,16:08:13,7282,56,8.5777,21337,1,123 James - East Syracuse - Walmart,268626,W Manlius St & Ball St,Sy 20,2025-12-01 21:08:13+00:00,2025-12-01 21:17:01+00:00,2025-12-01 21:17:01+00:00,2236,43.06406994523673,-76.072509765625,528,2025-12-01
1759848,16:08:38,2523,57,8.6649,21337,1,123 James - East Syracuse - Walmart,268626,W Manlius St & N Center St,Sy 20,2025-12-01 21:08:38+00:00,2025-12-01 21:18:01+00:00,2025-12-01 21:18:01+00:00,2236,43.06398747331005,-76.07072965977555,563,2025-12-01
1759848,16:10:20,4281,58,9.0184,21337,1,123 James - East Syracuse - Walmart,268626,Bridge St & E 2nd St,Sy 20,2025-12-01 21:10:20+00:00,,2025-12-01 21:18:33.610701107+00:00,2236,,,493,2025-12-01
1759848,16:11:46,8169,59,9.3153,21337,1,123 James - East Syracuse - Walmart,268626,Chevy Dr & Bridge St,Sy 20,2025-12-01 21:11:46+00:00,2025-12-01 21:19:01+00:00,2025-12-01 21:19:01+00:00,2236,43.061073303222656,-76.06491220408472,435,2025-12-01
1759848,16:15:00,7888,60,9.9479,21337,1,123 James - East Syracuse - Walmart,268626,Walmart - East Syracuse,Sy 20,2025-12-01 21:15:00+00:00,2025-12-01 21:20:01+00:00,2025-12-01 21:20:01+00:00,2236,43.061472447713214,-76.06079216003418,301,2025-12-01
1759849,17:00:00,17651,1,,21337,1,123 James - East Syracuse - Walmart,268633,B12,Sy 20,2025-12-01 22:00:00+00:00,2025-12-01 22:20:01+00:00,2025-12-01 22:20:01+00:00,1772,43.0436732643529,-76.15194059673108,1201,2025-12-01
1759849,17:01:05,102,2,0.4057,21337,1,123 James - East Syracuse - Walmart,268633,S Salina St & Jefferson St,Sy 20,2025-12-01 22:01:05+00:00,2025-12-01 22:21:01+00:00,2025-12-01 22:21:01+00:00,1772,43.04692782777728,-76.15224757339016,1196,2025-12-01
1759849,17:01:55,17670,3,0.7147,21337,1,123 James - East Syracuse - Walmart,268633,S Salina St & Water St (mid-block),Sy 20,2025-12-01 22:01:55+00:00,2025-12-01 22:23:01+00:00,2025-12-01 22:23:01+00:00,1772,43.049913855159986,-76.15220642089844,1266,2025-12-01
1759849,17:02:38,423,4,0.9848,21337,1,123 James - East Syracuse - Walmart,268633,James St & N Warren St,Sy 20,2025-12-01 22:02:38+00:00,2025-12-01 22:24:01+00:00,2025-12-01 22:24:01+00:00,1772,43.05126953125,-76.15137667772247,1283,2025-12-01
1759849,17:03:19,420,5,1.2412,21337,1,123 James - East Syracuse - Walmart,268633,James St & N State St,Sy 20,2025-12-01 22:03:19+00:00,,2025-12-01 22:24:26.554817275+00:00,1772,,,1267,2025-12-01
1759849,17:03:51,421,6,1.4442,21337,1,123 James - East Syracuse - Walmart,268633,James St & N Townsend St,Sy 20,2025-12-01 22:03:51+00:00,,2025-12-01 22:24:46.787375415+00:00,1772,,,1255,2025-12-01
1759849,17:04:14,442,7,1.5868,21337,1,123 James - East Syracuse - Walmart,268633,James St & N McBride St,Sy 20,2025-12-01 22:04:14+00:00,2025-12-01 22:25:01+00:00,2025-12-01 22:25:01+00:00,1772,43.05433654785156,-76.14448070526123,1247,2025-12-01
1759849,17:04:40,432,8,1.7532,21337,1,123 James - East Syracuse - Walmart,268633,James St & Catherine St,Sy 20,2025-12-01 22:04:40+00:00,2025-12-01 22:26:01+00:00,2025-12-01 22:26:01+00:00,1772,43.05519808255709,-76.14273716853215,1281,2025-12-01
1759849,17:05:18,14776,9,1.9920,21337,1,123 James - East Syracuse - Walmart,268633,James St & Lodi St,Sy 20,2025-12-01 22:05:18+00:00,2025-12-01 22:27:02+00:00,2025-12-01 22:27:02+00:00,1772,43.05636324201311,-76.14035361153739,1304,2025-12-01
1759849,17:05:50,446,10,2.1944,21337,1,123 James - East Syracuse - Walmart,268633,James St & Highland St,Sy 20,2025-12-01 22:05:50+00:00,2025-12-01 22:28:01+00:00,2025-12-01 22:28:01+00:00,1772,43.05732421875,-76.13840286254883,1331,2025-12-01
1759849,17:06:18,5088,11,2.3722,21337,1,123 James - East Syracuse - Walmart,268633,960 James St,Sy 20,2025-12-01 22:06:18+00:00,,2025-12-01 22:28:16.347432024+00:00,1772,,,1318,2025-12-01
1759849,17:07:00,444,12,2.5905,21337,1,123 James - East Syracuse - Walmart,268633,James St & Oak St,Sy 20,2025-12-01 22:07:00+00:00,,2025-12-01 22:28:35.190763918+00:00,1772,,,1295,2025-12-01
1759849,17:07:36,2120,13,2.8021,21337,1,123 James - East Syracuse - Walmart,268633,James St & WSYR,Sy 20,2025-12-01 22:07:36+00:00,,2025-12-01 22:28:53.455761760+00:00,1772,,,1277,2025-12-01
1759849,17:07:50,450,14,2.8895,21337,1,123 James - East Syracuse - Walmart,268633,James St & Dewitt St,Sy 20,2025-12-01 22:07:50+00:00,2025-12-01 22:29:01+00:00,2025-12-01 22:29:01+00:00,1772,43.06059749921163,-76.13171450297038,1271,2025-12-01
1759849,17:08:06,453,15,2.9863,21337,1,123 James - East Syracuse - Walmart,268633,James St & Sedgwick Dr,Sy 20,2025-12-01 22:08:06+00:00,,2025-12-01 22:29:12.397174254+00:00,1772,,,1266,2025-12-01
1759849,17:08:44,459,16,3.2103,21337,1,123 James - East Syracuse - Walmart,268633,James St & Vine St,Sy 20,2025-12-01 22:08:44+00:00,,2025-12-01 22:29:38.770800627+00:00,1772,,,1254,2025-12-01
1759849,17:09:16,464,17,3.3991,21337,1,123 James - East Syracuse - Walmart,268633,James St & Wilson St,Sy 20,2025-12-01 22:09:16+00:00,2025-12-01 22:30:01+00:00,2025-12-01 22:30:01+00:00,1772,43.06339180686257,-76.12601637406783,1245,2025-12-01
1759849,17:09:56,469,18,3.6374,21337,1,123 James - East Syracuse - Walmart,268633,James St & Hampton Rd,Sy 20,2025-12-01 22:09:56+00:00,,2025-12-01 22:30:21.446160446+00:00,1772,,,1225,2025-12-01
1759849,17:10:18,10678,19,3.7675,21337,1,123 James - East Syracuse - Walmart,268633,James St & Teall Ave,Sy 20,2025-12-01 22:10:18+00:00,,2025-12-01 22:30:32.608751608+00:00,1772,,,1214,2025-12-01
1759849,17:10:53,479,20,3.9788,21337,1,123 James - East Syracuse - Walmart,268633,James St & Rugby Rd,Sy 20,2025-12-01 22:10:53+00:00,,2025-12-01 22:30:50.738309738+00:00,1772,,,1197,2025-12-01
1759849,17:11:13,481,21,4.0984,21337,1,123 James - East Syracuse - Walmart,268633,James St & Cook Ave,Sy 20,2025-12-01 22:11:13+00:00,2025-12-01 22:31:01+00:00,2025-12-01 22:31:01+00:00,1772,43.067057389479416,-76.11853637695313,1188,2025-12-01
1759849,17:11:29,487,22,4.1927,21337,1,123 James - East Syracuse - Walmart,268633,James St & Hastings Pl,Sy 20,2025-12-01 22:11:29+00:00,,2025-12-01 22:31:31.728098290+00:00,1772,,,1202,2025-12-01
1759849,17:11:44,491,23,4.2856,21337,1,123 James - East Syracuse - Walmart,268633,James St & Clifton Pl,Sy 20,2025-12-01 22:11:44+00:00,2025-12-01 22:32:02+00:00,2025-12-01 22:32:02+00:00,1772,43.06780336905217,-76.11701014421988,1218,2025-12-01
1759849,17:12:00,1759,24,4.3533,21337,1,123 James - East Syracuse - Walmart,268633,James St & Shotwell Pk,Sy 20,2025-12-01 22:12:00+00:00,,2025-12-01 22:32:17.932588751+00:00,1772,,,1217,2025-12-01
1759849,17:12:31,506,25,4.5363,21337,1,123 James - East Syracuse - Walmart,268633,James St & Hickok Ave,Sy 20,2025-12-01 22:12:31+00:00,2025-12-01 22:33:01+00:00,2025-12-01 22:33:01+00:00,1772,43.06842960630144,-76.11451189858573,1230,2025-12-01
1759849,17:12:50,507,26,4.6515,21337,1,123 James - East Syracuse - Walmart,268633,James St & Stafford Ave,Sy 20,2025-12-01 22:12:50+00:00,,2025-12-01 22:33:31.249452954+00:00,1772,,,1241,2025-12-01
1759849,17:13:09,515,27,4.7648,21337,1,123 James - East Syracuse - Walmart,268633,James St & Forest Hill Dr,Sy 20,2025-12-01 22:13:09+00:00,2025-12-01 22:34:01+00:00,2025-12-01 22:34:01+00:00,1772,43.0685454546395,-76.11209714210639,1252,2025-12-01
1759849,17:13:26,523,28,4.8640,21337,1,123 James - East Syracuse - Walmart,268633,James St & Woodbine Ave,Sy 20,2025-12-01 22:13:26+00:00,,2025-12-01 22:34:20.470068694+00:00,1772,,,1254,2025-12-01
1759849,17:13:43,522,29,4.9633,21337,1,123 James - East Syracuse - Walmart,268633,James St & Hillsdale Ave,Sy 20,2025-12-01 22:13:43+00:00,,2025-12-01 22:34:39.959764474+00:00,1772,,,1256,2025-12-01
1759849,17:14:01,532,30,5.0705,21337,1,123 James - East Syracuse - Walmart,268633,James St & S Collingwood Ave,Sy 20,2025-12-01 22:14:01+00:00,2025-12-01 22:35:01+00:00,2025-12-01 22:35:01+00:00,1772,43.06873321533203,-76.10820770263672,1260,2025-12-01
1759849,17:14:17,533,31,5.1667,21337,1,123 James - East Syracuse - Walmart,268633,James St & S Edwards Ave,Sy 20,2025-12-01 22:14:17+00:00,,2025-12-01 22:36:04.955678670+00:00,1772,,,1307,2025-12-01
1759849,17:14:31,541,32,5.2510,21337,1,123 James - East Syracuse - Walmart,268633,James St & S Midler Ave,Sy 20,2025-12-01 22:14:31+00:00,2025-12-01 22:37:01+00:00,2025-12-01 22:37:01+00:00,1772,43.06889582488496,-76.10529288599047,1350,2025-12-01
1759849,17:14:50,547,33,5.3662,21337,1,123 James - East Syracuse - Walmart,268633,James St & Nichols Ave,Sy 20,2025-12-01 22:14:50+00:00,,2025-12-01 22:37:33.238805970+00:00,1772,,,1363,2025-12-01
1759849,17:15:07,552,34,5.4654,21337,1,123 James - East Syracuse - Walmart,268633,James St & Homecroft Rd,Sy 20,2025-12-01 22:15:07+00:00,2025-12-01 22:38:01+00:00,2025-12-01 22:38:01+00:00,1772,43.06903133752211,-76.10256223858528,1374,2025-12-01
1759849,17:15:27,567,35,5.5837,21337,1,123 James - East Syracuse - Walmart,268633,James St & Mosley Dr,Sy 20,2025-12-01 22:15:27+00:00,,2025-12-01 22:38:24.526682134+00:00,1772,,,1377,2025-12-01
1759849,17:15:43,558,36,5.6769,21337,1,123 James - East Syracuse - Walmart,268633,James St & Plymouth Dr,Sy 20,2025-12-01 22:15:43+00:00,,2025-12-01 22:38:43.061650646+00:00,1772,,,1380,2025-12-01
1759849,17:15:58,562,37,5.7671,21337,1,123 James - East Syracuse - Walmart,268633,James St & W Milford Dr,Sy 20,2025-12-01 22:15:58+00:00,2025-12-01 22:39:01+00:00,2025-12-01 22:39:01+00:00,1772,43.069202249700375,-76.09884643554688,1383,2025-12-01
1759849,17:16:36,578,38,5.9936,21337,1,123 James - East Syracuse - Walmart,268633,James St & E Milford Dr,Sy 20,2025-12-01 22:16:36+00:00,,2025-12-01 22:39:21.029476787+00:00,1772,,,1365,2025-12-01
1759849,17:17:05,575,39,6.1661,21337,1,123 James - East Syracuse - Walmart,268633,James St & Ridgewood Dr,Sy 20,2025-12-01 22:17:05+00:00,,2025-12-01 22:39:36.283714075+00:00,1772,,,1351,2025-12-01
1759849,17:18:00,7471,40,6.4456,21337,1,123 James - East Syracuse - Walmart,268633,James St & Thompson Rd,Sy 20,2025-12-01 22:18:00+00:00,2025-12-01 22:40:01+00:00,2025-12-01 22:40:01+00:00,1772,43.06951904296875,-76.0908432006836,1321,2025-12-01
1759849,17:18:30,2547,41,6.6732,21337,1,123 James - East Syracuse - Walmart,268633,James St & Wegman's Plaza,Sy 20,2025-12-01 22:18:30+00:00,2025-12-01 22:41:01+00:00,2025-12-01 22:41:01+00:00,1772,43.06963297526042,-76.08874677022298,1351,2025-12-01
1759849,17:19:06,2432,42,6.9448,21337,1,123 James - East Syracuse - Walmart,268633,James St & Worth St,Sy 20,2025-12-01 22:19:06+00:00,,2025-12-01 22:41:30.948662328+00:00,1772,,,1344,2025-12-01
1759849,17:19:19,2440,43,7.0480,21337,1,123 James - East Syracuse - Walmart,268633,James St & Schoeder St,Sy 20,2025-12-01 22:19:19+00:00,,2025-12-01 22:41:42.328271872+00:00,1772,,,1343,2025-12-01
1759849,17:19:30,2444,44,7.1352,21337,1,123 James - East Syracuse - Walmart,268633,James St & Allen St,Sy 20,2025-12-01 22:19:30+00:00,,2025-12-01 22:41:51.943600867+00:00,1772,,,1341,2025-12-01
1759849,17:19:42,2448,45,7.2264,21337,1,123 James - East Syracuse - Walmart,268633,James St & West Ave,Sy 20,2025-12-01 22:19:42+00:00,2025-12-01 22:42:02+00:00,2025-12-01 22:42:02+00:00,1772,43.07003681476299,-76.08091735839844,1340,2025-12-01
1759849,17:19:54,2452,46,7.3206,21337,1,123 James - East Syracuse - Walmart,268633,James St & Highland Ave,Sy 20,2025-12-01 22:19:54+00:00,,2025-12-01 22:42:19.212139981+00:00,1772,,,1345,2025-12-01
1759849,17:20:08,2461,47,7.4328,21337,1,123 James - East Syracuse - Walmart,268633,James St & East Ave,Sy 20,2025-12-01 22:20:08+00:00,,2025-12-01 22:42:39.713223908+00:00,1772,,,1351,2025-12-01
1759849,17:20:23,2464,48,7.5493,21337,1,123 James - East Syracuse - Walmart,268633,James St & Kinne St,Sy 20,2025-12-01 22:20:23+00:00,2025-12-01 22:43:01+00:00,2025-12-01 22:43:01+00:00,1772,43.070227154230665,-76.07705287610071,1358,2025-12-01
1759849,17:20:50,8146,49,7.7586,21337,1,123 James - East Syracuse - Walmart,268633,Kinne St & Midland St,Sy 20,2025-12-01 22:20:50+00:00,2025-12-01 22:44:01+00:00,2025-12-01 22:44:01+00:00,1772,43.06830978393555,-76.07685852050781,1391,2025-12-01
1759849,17:21:16,8147,50,7.9540,21337,1,123 James - East Syracuse - Walmart,268633,Kinne St & W Yates St,Sy 20,2025-12-01 22:21:16+00:00,2025-12-01 22:45:02+00:00,2025-12-01 22:45:02+00:00,1772,43.066272963338825,-76.07669705063549,1426,2025-12-01
1759849,17:21:28,8148,51,8.0501,21337,1,123 James - East Syracuse - Walmart,268633,Kinne St & W Ellis St,Sy 20,2025-12-01 22:21:28+00:00,,2025-12-01 22:45:14.133319066+00:00,1772,,,1426,2025-12-01
1759849,17:21:43,7237,52,8.1659,21337,1,123 James - East Syracuse - Walmart,268633,Kinne St & W Manlius St,Sy 20,2025-12-01 22:21:43+00:00,,2025-12-01 22:45:28.753905414+00:00,1772,,,1425,2025-12-01
1759849,17:21:59,7232,53,8.2861,21337,1,123 James - East Syracuse - Walmart,268633,W Manlius St & Charles St,Sy 20,2025-12-01 22:21:59+00:00,,2025-12-01 22:45:43.930023539+00:00,1772,,,1424,2025-12-01
1759849,17:22:17,7267,54,8.4213,21337,1,123 James - East Syracuse - Walmart,268633,W Manlius St & Division St,Sy 20,2025-12-01 22:22:17+00:00,2025-12-01 22:46:01+00:00,2025-12-01 22:46:01+00:00,1772,43.064123939065375,-76.07368828268612,1424,2025-12-01
1759849,17:22:23,7274,55,8.4735,21337,1,123 James - East Syracuse - Walmart,268633,W Manlius St & Silver St,Sy 20,2025-12-01 22:22:23+00:00,,2025-12-01 22:46:21.025575447+00:00,1772,,,1438,2025-12-01
1759849,17:22:36,7282,56,8.5777,21337,1,123 James - East Syracuse - Walmart,268633,W Manlius St & Ball St,Sy 20,2025-12-01 22:22:36+00:00,2025-12-01 22:47:01+00:00,2025-12-01 22:47:01+00:00,1772,43.06407211566793,-76.07255172729492,1465,2025-12-01
1759849,17:22:47,2523,57,8.6649,21337,1,123 James - East Syracuse - Walmart,268633,W Manlius St & N Center St,Sy 20,2025-12-01 22:22:47+00:00,2025-12-01 22:48:01+00:00,2025-12-01 22:48:01+00:00,1772,43.063988637116,-76.07075216002383,1514,2025-12-01
1759849,17:23:43,7257,58,9.0917,21337,1,123 James - East Syracuse - Walmart,268633,McCool Ave & E Ellis St,Sy 20,2025-12-01 22:23:43+00:00,2025-12-01 22:49:01+00:00,2025-12-01 22:49:01+00:00,1772,43.06498735342453,-76.06719686024225,1518,2025-12-01
1759849,17:23:57,1179,59,9.1979,21337,1,123 James - East Syracuse - Walmart,268633,McCool Ave & E Yates St,Sy 20,2025-12-01 22:23:57+00:00,,2025-12-01 22:49:17.482152095+00:00,1772,,,1520,2025-12-01
1759849,17:24:11,2633,60,9.3030,21337,1,123 James - East Syracuse - Walmart,268633,McCool Ave & E Heman St,Sy 20,2025-12-01 22:24:11+00:00,,2025-12-01 22:49:33.793585100+00:00,1772,,,1522,2025-12-01
1759849,17:24:34,4320,61,9.4783,21337,1,123 James - East Syracuse - Walmart,268633,McCool Ave & E Irving St,Sy 20,2025-12-01 22:24:34+00:00,2025-12-01 22:50:01+00:00,2025-12-01 22:50:01+00:00,1772,43.0683232820951,-76.0674555851863,1527,2025-12-01
1759849,17:25:00,2556,62,9.5955,21337,1,123 James - East Syracuse - Walmart,268633,E Irving St & Hartwell Ave,Sy 20,2025-12-01 22:25:00+00:00,,2025-12-01 22:50:15.478072884+00:00,1772,,,1515,2025-12-01
1759849,17:27:00,7887,63,9.9640,21337,1,123 James - East Syracuse - Walmart,268633,Bennett Manor,Sy 20,2025-12-01 22:27:00+00:00,2025-12-01 22:51:01+00:00,2025-12-01 22:51:01+00:00,1772,43.068558674938274,-76.06364296967129,1441,2025-12-01
1759849,17:29:45,2550,64,10.6333,21337,1,123 James - East Syracuse - Walmart,268633,Hartwell Ave & E Heman St,Sy 20,2025-12-01 22:29:45+00:00,,2025-12-01 22:52:34.022398345+00:00,1772,,,1369,2025-12-01
1759849,17:30:10,2542,65,10.7344,21337,1,123 James - East Syracuse - Walmart,268633,Hartwell Ave & E Yates St,Sy 20,2025-12-01 22:30:10+00:00,,2025-12-01 22:52:48.073742246+00:00,1772,,,1358,2025-12-01
1759849,17:30:34,7276,66,10.8346,21337,1,123 James - East Syracuse - Walmart,268633,Hartwell Ave & E Ellis St,Sy 20,2025-12-01 22:30:34+00:00,2025-12-01 22:53:02+00:00,2025-12-01 22:53:02+00:00,1772,43.064952725269755,-76.06570572149558,1348,2025-12-01
1759849,17:31:30,7256,67,11.0625,21337,1,123 James - East Syracuse - Walmart,268633,E Manlius St & McCool Ave,Sy 20,2025-12-01 22:31:30+00:00,,2025-12-01 22:53:36.468341450+00:00,1772,,,1326,2025-12-01
1759849,17:32:10,2527,68,11.2247,21337,1,123 James - East Syracuse - Walmart,268633,E Manlius St & Upton St,Sy 20,2025-12-01 22:32:10+00:00,2025-12-01 22:54:01+00:00,2025-12-01 22:54:01+00:00,1772,43.063824046741836,-76.06913757324219,1311,2025-12-01
1759849,17:33:07,4281,69,11.4547,21337,1,123 James - East Syracuse - Walmart,268633,Bridge St & E 2nd St,Sy 20,2025-12-01 22:33:07+00:00,,2025-12-01 22:54:27.190928069+00:00,1772,,,1280,2025-12-01
1759849,17:34:20,8169,70,11.7516,21337,1,123 James - East Syracuse - Walmart,268633,Chevy Dr & Bridge St,Sy 20,2025-12-01 22:34:20+00:00,2025-12-01 22:55:01+00:00,2025-12-01 22:55:01+00:00,1772,43.061332855224606,-76.06657501220702,1241,2025-12-01
1759849,17:37:00,7888,71,12.3843,21337,1,123 James - East Syracuse - Walmart,268633,Walmart - East Syracuse,Sy 20,2025-12-01 22:37:00+00:00,2025-12-01 22:57:01+00:00,2025-12-01 22:57:01+00:00,1772,43.06258119855608,-76.06173597063336,1201,2025-12-01
1759850,19:40:00,17651,1,,21337,1,123 James - East Syracuse - Walmart,268633,B12,Sy 20,2025-12-02 00:40:00+00:00,2025-12-02 00:42:01+00:00,2025-12-02 00:42:01+00:00,1772,43.043784856796265,-76.15169620513916,121,2025-12-01
1759850,19:41:05,102,2,0.4057,21337,1,123 James - East Syracuse - Walmart,268633,S Salina St & Jefferson St,Sy 20,2025-12-02 00:41:05+00:00,,2025-12-02 00:42:31+00:00,1772,,,86,2025-12-01
1759850,19:41:55,17670,3,0.7147,21337,1,123 James - East Syracuse - Walmart,268633,S Salina St & Water St (mid-block),Sy 20,2025-12-02 00:41:55+00:00,2025-12-02 00:43:01+00:00,2025-12-02 00:43:01+00:00,1772,43.049425397600444,-76.15221332368397,66,2025-12-01
1759850,19:42:38,423,4,0.9848,21337,1,123 James - East Syracuse - Walmart,268633,James St & N Warren St,Sy 20,2025-12-02 00:42:38+00:00,2025-12-02 00:44:02+00:00,2025-12-02 00:44:02+00:00,1772,43.051321621598866,-76.1506479197535,84,2025-12-01
1759850,19:43:19,420,5,1.2412,21337,1,123 James - East Syracuse - Walmart,268633,James St & N State St,Sy 20,2025-12-02 00:43:19+00:00,,2025-12-02 00:44:34.929037875+00:00,1772,,,75,2025-12-01
1759850,19:43:51,421,6,1.4442,21337,1,123 James - East Syracuse - Walmart,268633,James St & N Townsend St,Sy 20,2025-12-02 00:43:51+00:00,2025-12-02 00:45:01+00:00,2025-12-02 00:45:01+00:00,1772,43.05329895019531,-76.14659309387207,70,2025-12-01
1759850,19:44:14,442,7,1.5868,21337,1,123 James - East Syracuse - Walmart,268633,James St & N McBride St,Sy 20,2025-12-02 00:44:14+00:00,,2025-12-02 00:45:29.150809061+00:00,1772,,,75,2025-12-01
1759850,19:44:40,432,8,1.7532,21337,1,123 James - East Syracuse - Walmart,268633,James St & Catherine St,Sy 20,2025-12-02 00:44:40+00:00,2025-12-02 00:46:02+00:00,2025-12-02 00:46:02+00:00,1772,43.05485995980196,-76.14342339094296,82,2025-12-01
1759850,19:45:18,14776,9,1.9920,21337,1,123 James - East Syracuse - Walmart,268633,James St & Lodi St,Sy 20,2025-12-02 00:45:18+00:00,2025-12-02 00:47:01+00:00,2025-12-02 00:47:01+00:00,1772,43.056339263916016,-76.1404037475586,103,2025-12-01
1759850,19:45:50,446,10,2.1944,21337,1,123 James - East Syracuse - Walmart,268633,James St & Highland St,Sy 20,2025-12-02 00:45:50+00:00,,2025-12-02 00:47:21.290726817+00:00,1772,,,91,2025-12-01
1759850,19:46:18,5088,11,2.3722,21337,1,123 James - East Syracuse - Walmart,268633,960 James St,Sy 20,2025-12-02 00:46:18+00:00,,2025-12-02 00:47:39.115288220+00:00,1772,,,81,2025-12-01
1759850,19:47:00,444,12,2.5905,21337,1,123 James - East Syracuse - Walmart,268633,James St & Oak St,Sy 20,2025-12-02 00:47:00+00:00,2025-12-02 00:48:01+00:00,2025-12-02 00:48:01+00:00,1772,43.059024241433214,-76.1349174157897,61,2025-12-01
1759850,19:47:36,2120,13,2.8021,21337,1,123 James - East Syracuse - Walmart,268633,James St & WSYR,Sy 20,2025-12-02 00:47:36+00:00,,2025-12-02 00:48:33.076806467+00:00,1772,,,57,2025-12-01
1759850,19:47:50,450,14,2.8895,21337,1,123 James - East Syracuse - Walmart,268633,James St & Dewitt St,Sy 20,2025-12-02 00:47:50+00:00,,2025-12-02 00:48:46.325922182+00:00,1772,,,56,2025-12-01
1759850,19:48:06,453,15,2.9863,21337,1,123 James - East Syracuse - Walmart,268633,James St & Sedgwick Dr,Sy 20,2025-12-02 00:48:06+00:00,2025-12-02 00:49:01+00:00,2025-12-02 00:49:01+00:00,1772,43.061028572820845,-76.13083894791141,55,2025-12-01
1759850,19:48:44,459,16,3.2103,21337,1,123 James - East Syracuse - Walmart,268633,James St & Vine St,Sy 20,2025-12-02 00:48:44+00:00,,2025-12-02 00:49:21.986023652+00:00,1772,,,37,2025-12-01
1759850,19:49:16,464,17,3.3991,21337,1,123 James - East Syracuse - Walmart,268633,James St & Wilson St,Sy 20,2025-12-02 00:49:16+00:00,,2025-12-02 00:49:39.674243587+00:00,1772,,,23,2025-12-01
1759850,19:49:56,469,18,3.6374,21337,1,123 James - East Syracuse - Walmart,268633,James St & Hampton Rd,Sy 20,2025-12-02 00:49:56+00:00,2025-12-02 00:50:02+00:00,2025-12-02 00:50:02+00:00,1772,43.06427721823415,-76.12420408187374,6,2025-12-01
1759850,19:50:18,10678,19,3.7675,21337,1,123 James - East Syracuse - Walmart,268633,James St & Teall Ave,Sy 20,2025-12-02 00:50:18+00:00,2025-12-02 00:51:01+00:00,2025-12-02 00:51:01+00:00,1772,43.06492053761202,-76.12290550680721,43,2025-12-01
1759850,19:50:53,479,20,3.9788,21337,1,123 James - East Syracuse - Walmart,268633,James St & Rugby Rd,Sy 20,2025-12-02 00:50:53+00:00,,2025-12-02 00:51:23.002902014+00:00,1772,,,30,2025-12-01
1759850,19:51:13,481,21,4.0984,21337,1,123 James - East Syracuse - Walmart,268633,James St & Cook Ave,Sy 20,2025-12-02 00:51:13+00:00,,2025-12-02 00:51:35.456981905+00:00,1772,,,22,2025-12-01
1759850,19:51:29,487,22,4.1927,21337,1,123 James - East Syracuse - Walmart,268633,James St & Hastings Pl,Sy 20,2025-12-02 00:51:29+00:00,,2025-12-02 00:51:45.276544895+00:00,1772,,,16,2025-12-01
1759850,19:51:44,491,23,4.2856,21337,1,123 James - East Syracuse - Walmart,268633,James St & Clifton Pl,Sy 20,2025-12-02 00:51:44+00:00,,2025-12-02 00:51:54.950324342+00:00,1772,,,10,2025-12-01
1759850,19:52:00,1759,24,4.3533,21337,1,123 James - East Syracuse - Walmart,268633,James St & Shotwell Pk,Sy 20,2025-12-02 00:52:00+00:00,2025-12-02 00:52:02+00:00,2025-12-02 00:52:02+00:00,1772,43.068183517456056,-76.11618461608887,2,2025-12-01
1759850,19:52:31,506,25,4.5363,21337,1,123 James - East Syracuse - Walmart,268633,James St & Hickok Ave,Sy 20,2025-12-02 00:52:31+00:00,,2025-12-02 00:52:38.207243460+00:00,1772,,,7,2025-12-01
1759850,19:52:50,507,26,4.6515,21337,1,123 James - East Syracuse - Walmart,268633,James St & Stafford Ave,Sy 20,2025-12-02 00:52:50+00:00,2025-12-02 00:53:01+00:00,2025-12-02 00:53:01+00:00,1772,43.06852233104217,-76.11262786082732,11,2025-12-01
1759850,19:53:09,515,27,4.7648,21337,1,123 James - East Syracuse - Walmart,268633,James St & Forest Hill Dr,Sy 20,2025-12-02 00:53:09+00:00,,2025-12-02 00:53:17.224343675+00:00,1772,,,8,2025-12-01
1759850,19:53:26,523,28,4.8640,21337,1,123 James - East Syracuse - Walmart,268633,James St & Woodbine Ave,Sy 20,2025-12-02 00:53:26+00:00,,2025-12-02 00:53:31.429594272+00:00,1772,,,5,2025-12-01
1759850,19:53:43,522,29,4.9633,21337,1,123 James - East Syracuse - Walmart,268633,James St & Hillsdale Ave,Sy 20,2025-12-02 00:53:43+00:00,,2025-12-02 00:53:45.649164677+00:00,1772,,,2,2025-12-01
1759850,19:54:01,532,30,5.0705,21337,1,123 James - East Syracuse - Walmart,268633,James St & S Collingwood Ave,Sy 20,2025-12-02 00:54:01+00:00,2025-12-02 00:54:01+00:00,2025-12-02 00:54:01+00:00,1772,43.06873304452469,-76.10821146039821,0,2025-12-01
1759850,19:54:17,533,31,5.1667,21337,1,123 James - East Syracuse - Walmart,268633,James St & S Edwards Ave,Sy 20,2025-12-02 00:54:17+00:00,2025-12-02 00:55:01+00:00,2025-12-02 00:55:01+00:00,1772,43.06877136230469,-76.10653686523438,44,2025-12-01
1759850,19:54:31,541,32,5.2510,21337,1,123 James - East Syracuse - Walmart,268633,James St & S Midler Ave,Sy 20,2025-12-02 00:54:31+00:00,,2025-12-02 00:55:26.353383458+00:00,1772,,,55,2025-12-01
1759850,19:54:50,547,33,5.3662,21337,1,123 James - East Syracuse - Walmart,268633,James St & Nichols Ave,Sy 20,2025-12-02 00:54:50+00:00,2025-12-02 00:56:01+00:00,2025-12-02 00:56:01+00:00,1772,43.06895983421197,-76.10386696508375,71,2025-12-01
1759850,19:55:07,552,34,5.4654,21337,1,123 James - East Syracuse - Walmart,268633,James St & Homecroft Rd,Sy 20,2025-12-02 00:55:07+00:00,,2025-12-02 00:56:15.846595160+00:00,1772,,,68,2025-12-01
1759850,19:55:27,567,35,5.5837,21337,1,123 James - East Syracuse - Walmart,268633,James St & Mosley Dr,Sy 20,2025-12-02 00:55:27+00:00,,2025-12-02 00:56:33.551758543+00:00,1772,,,66,2025-12-01
1759850,19:55:43,558,36,5.6769,21337,1,123 James - East Syracuse - Walmart,268633,James St & Plymouth Dr,Sy 20,2025-12-02 00:55:43+00:00,,2025-12-02 00:56:47.500374158+00:00,1772,,,64,2025-12-01
1759850,19:55:58,562,37,5.7671,21337,1,123 James - East Syracuse - Walmart,268633,James St & W Milford Dr,Sy 20,2025-12-02 00:55:58+00:00,2025-12-02 00:57:01+00:00,2025-12-02 00:57:01+00:00,1772,43.069212374479875,-76.09869948677395,63,2025-12-01
1759850,19:56:36,578,38,5.9936,21337,1,123 James - East Syracuse - Walmart,268633,James St & E Milford Dr,Sy 20,2025-12-02 00:56:36+00:00,,2025-12-02 00:57:21.029476787+00:00,1772,,,45,2025-12-01
1759850,19:57:05,575,39,6.1661,21337,1,123 James - East Syracuse - Walmart,268633,James St & Ridgewood Dr,Sy 20,2025-12-02 00:57:05+00:00,,2025-12-02 00:57:36.283714075+00:00,1772,,,31,2025-12-01
1759850,19:58:00,7471,40,6.4456,21337,1,123 James - East Syracuse - Walmart,268633,James St & Thompson Rd,Sy 20,2025-12-02 00:58:00+00:00,2025-12-02 00:58:01+00:00,2025-12-02 00:58:01+00:00,1772,43.06947565078735,-76.09132766723633,1,2025-12-01
1759850,19:59:06,2547,41,6.6732,21337,1,123 James - East Syracuse - Walmart,268633,James St & Wegman's Plaza,Sy 20,2025-12-02 00:59:06+00:00,2025-12-02 00:59:01+00:00,2025-12-02 00:59:01+00:00,1772,43.06967945098877,-76.08804702758789,-5,2025-12-01
1759850,20:00:25,2432,42,6.9448,21337,1,123 James - East Syracuse - Walmart,268633,James St & Worth St,Sy 20,2025-12-02 01:00:25+00:00,,2025-12-02 00:59:19.600616367+00:00,1772,,,-65,2025-12-01
1759850,20:00:55,2440,43,7.0480,21337,1,123 James - East Syracuse - Walmart,268633,James St & Schoeder St,Sy 20,2025-12-02 01:00:55+00:00,,2025-12-02 00:59:26.668302705+00:00,1772,,,-88,2025-12-01
1759850,20:01:20,2444,44,7.1352,21337,1,123 James - East Syracuse - Walmart,268633,James St & Allen St,Sy 20,2025-12-02 01:01:20+00:00,,2025-12-02 00:59:32.640223718+00:00,1772,,,-107,2025-12-01
1759850,20:01:46,2448,45,7.2264,21337,1,123 James - East Syracuse - Walmart,268633,James St & West Ave,Sy 20,2025-12-02 01:01:46+00:00,,2025-12-02 00:59:38.886086063+00:00,1772,,,-127,2025-12-01
1759850,20:02:13,2452,46,7.3206,21337,1,123 James - East Syracuse - Walmart,268633,James St & Highland Ave,Sy 20,2025-12-02 01:02:13+00:00,,2025-12-02 00:59:45.337404405+00:00,1772,,,-147,2025-12-01
1759850,20:02:45,2461,47,7.4328,21337,1,123 James - East Syracuse - Walmart,268633,James St & East Ave,Sy 20,2025-12-02 01:02:45+00:00,,2025-12-02 00:59:53.021458737+00:00,1772,,,-171,2025-12-01
1759850,20:03:18,2464,48,7.5493,21337,1,123 James - East Syracuse - Walmart,268633,James St & Kinne St,Sy 20,2025-12-02 01:03:18+00:00,2025-12-02 01:00:01+00:00,2025-12-02 01:00:01+00:00,1772,43.07018871307373,-76.07762413024902,-197,2025-12-01
1759850,20:04:18,8146,49,7.7586,21337,1,123 James - East Syracuse - Walmart,268633,Kinne St & Midland St,Sy 20,2025-12-02 01:04:18+00:00,,2025-12-02 01:00:26.075878594+00:00,1772,,,-231,2025-12-01
1759850,20:05:14,8147,50,7.9540,21337,1,123 James - East Syracuse - Walmart,268633,Kinne St & W Yates St,Sy 20,2025-12-02 01:05:14+00:00,,2025-12-02 01:00:49.486421725+00:00,1772,,,-264,2025-12-01
1759850,20:05:42,8148,51,8.0501,21337,1,123 James - East Syracuse - Walmart,268633,Kinne St & W Ellis St,Sy 20,2025-12-02 01:05:42+00:00,2025-12-02 01:01:01+00:00,2025-12-02 01:01:01+00:00,1772,43.065677977444835,-76.07664958217688,-281,2025-12-01
1759850,20:06:15,7237,52,8.1659,21337,1,123 James - East Syracuse - Walmart,268633,Kinne St & W Manlius St,Sy 20,2025-12-02 01:06:15+00:00,,2025-12-02 01:01:12.301236174+00:00,1772,,,-302,2025-12-01
1759850,20:06:49,7232,53,8.2861,21337,1,123 James - East Syracuse - Walmart,268633,W Manlius St & Charles St,Sy 20,2025-12-02 01:06:49+00:00,,2025-12-02 01:01:24.031880286+00:00,1772,,,-324,2025-12-01
1759850,20:07:28,7267,54,8.4213,21337,1,123 James - East Syracuse - Walmart,268633,W Manlius St & Division St,Sy 20,2025-12-02 01:07:28+00:00,,2025-12-02 01:01:37.226415094+00:00,1772,,,-350,2025-12-01
1759850,20:07:43,7274,55,8.4735,21337,1,123 James - East Syracuse - Walmart,268633,W Manlius St & Silver St,Sy 20,2025-12-02 01:07:43+00:00,,2025-12-02 01:01:42.320754716+00:00,1772,,,-360,2025-12-01
1759850,20:08:13,7282,56,8.5777,21337,1,123 James - East Syracuse - Walmart,268633,W Manlius St & Ball St,Sy 20,2025-12-02 01:08:13+00:00,,2025-12-02 01:01:52.489915419+00:00,1772,,,-380,2025-12-01
1759850,20:08:38,2523,57,8.6649,21337,1,123 James - East Syracuse - Walmart,268633,W Manlius St & N Center St,Sy 20,2025-12-02 01:08:38+00:00,2025-12-02 01:02:01+00:00,2025-12-02 01:02:01+00:00,1772,43.063985921568786,-76.07069965944451,-397,2025-12-01
1759850,20:10:20,4281,58,9.0184,21337,1,123 James - East Syracuse - Walmart,268633,Bridge St & E 2nd St,Sy 20,2025-12-02 01:10:20+00:00,,2025-12-02 01:02:33.610701107+00:00,1772,,,-466,2025-12-01
1759850,20:11:46,8169,59,9.3153,21337,1,123 James - East Syracuse - Walmart,268633,Chevy Dr & Bridge St,Sy 20,2025-12-02 01:11:46+00:00,2025-12-02 01:03:01+00:00,2025-12-02 01:03:01+00:00,1772,43.06111798967634,-76.0648676554362,-525,2025-12-01
1759850,20:15:00,7888,60,9.9479,21337,1,123 James - East Syracuse - Walmart,268633,Walmart - East Syracuse,Sy 20,2025-12-02 01:15:00+00:00,2025-12-02 01:04:01+00:00,2025-12-02 01:04:01+00:00,1772,43.0623939037323,-76.06091284751892,-659,2025-12-01
1759851,21:00:00,17651,1,,21337,1,123 James - East Syracuse - Walmart,268631,B12,Sy 20,2025-12-02 02:00:00+00:00,2025-12-02 02:01:01+00:00,2025-12-02 02:01:01+00:00,1900,43.044389879381335,-76.15223858807538,61,2025-12-01
1759851,21:01:05,102,2,0.4057,21337,1,123 James - East Syracuse - Walmart,268631,S Salina St & Jefferson St,Sy 20,2025-12-02 02:01:05+00:00,2025-12-02 02:02:01+00:00,2025-12-02 02:02:01+00:00,1900,43.04692782777728,-76.15224757339016,56,2025-12-01
1759851,21:01:55,17670,3,0.7147,21337,1,123 James - East Syracuse - Walmart,268631,S Salina St & Water St (mid-block),Sy 20,2025-12-02 02:01:55+00:00,2025-12-02 02:03:01+00:00,2025-12-02 02:03:01+00:00,1900,43.04940518465909,-76.15221416588986,66,2025-12-01
1759851,21:02:38,423,4,0.9848,21337,1,123 James - East Syracuse - Walmart,268631,James St & N Warren St,Sy 20,2025-12-02 02:02:38+00:00,2025-12-02 02:04:01+00:00,2025-12-02 02:04:01+00:00,1900,43.05114984512329,-76.15217351913452,83,2025-12-01
1759851,21:03:19,420,5,1.2412,21337,1,123 James - East Syracuse - Walmart,268631,James St & N State St,Sy 20,2025-12-02 02:03:19+00:00,2025-12-02 02:06:01+00:00,2025-12-02 02:06:01+00:00,1900,43.05226372890785,-76.14869977607101,162,2025-12-01
1759851,21:03:51,421,6,1.4442,21337,1,123 James - East Syracuse - Walmart,268631,James St & N Townsend St,Sy 20,2025-12-02 02:03:51+00:00,,2025-12-02 02:06:36.830439814+00:00,1900,,,165,2025-12-01
1759851,21:04:14,442,7,1.5868,21337,1,123 James - East Syracuse - Walmart,268631,James St & N McBride St,Sy 20,2025-12-02 02:04:14+00:00,2025-12-02 02:07:02+00:00,2025-12-02 02:07:02+00:00,1900,43.05401223604797,-76.14514935602907,168,2025-12-01
1759851,21:04:40,432,8,1.7532,21337,1,123 James - East Syracuse - Walmart,268631,James St & Catherine St,Sy 20,2025-12-02 02:04:40+00:00,2025-12-02 02:08:01+00:00,2025-12-02 02:08:01+00:00,1900,43.055135585643626,-76.14285504376447,201,2025-12-01
1759851,21:05:18,14776,9,1.9920,21337,1,123 James - East Syracuse - Walmart,268631,James St & Lodi St,Sy 20,2025-12-02 02:05:18+00:00,,2025-12-02 02:08:33.475067996+00:00,1900,,,195,2025-12-01
1759851,21:05:50,446,10,2.1944,21337,1,123 James - East Syracuse - Walmart,268631,James St & Highland St,Sy 20,2025-12-02 02:05:50+00:00,2025-12-02 02:09:01+00:00,2025-12-02 02:09:01+00:00,1900,43.05704188346863,-76.13895678520203,191,2025-12-01
1759851,21:06:18,5088,11,2.3722,21337,1,123 James - East Syracuse - Walmart,268631,960 James St,Sy 20,2025-12-02 02:06:18+00:00,2025-12-02 02:10:01+00:00,2025-12-02 02:10:01+00:00,1900,43.05828377508348,-76.13642317248929,223,2025-12-01
1759851,21:07:00,444,12,2.5905,21337,1,123 James - East Syracuse - Walmart,268631,James St & Oak St,Sy 20,2025-12-02 02:07:00+00:00,2025-12-02 02:11:02+00:00,2025-12-02 02:11:02+00:00,1900,43.05958139896393,-76.13379740715027,242,2025-12-01
1759851,21:07:36,2120,13,2.8021,21337,1,123 James - East Syracuse - Walmart,268631,James St & WSYR,Sy 20,2025-12-02 02:07:36+00:00,,2025-12-02 02:11:22.142626653+00:00,1900,,,226,2025-12-01
1759851,21:07:50,450,14,2.8895,21337,1,123 James - East Syracuse - Walmart,268631,James St & Dewitt St,Sy 20,2025-12-02 02:07:50+00:00,,2025-12-02 02:11:30.462407228+00:00,1900,,,220,2025-12-01
1759851,21:08:06,453,15,2.9863,21337,1,123 James - East Syracuse - Walmart,268631,James St & Sedgwick Dr,Sy 20,2025-12-02 02:08:06+00:00,,2025-12-02 02:11:39.676992578+00:00,1900,,,213,2025-12-01
1759851,21:08:44,459,16,3.2103,21337,1,123 James - East Syracuse - Walmart,268631,James St & Vine St,Sy 20,2025-12-02 02:08:44+00:00,2025-12-02 02:12:01+00:00,2025-12-02 02:12:01+00:00,1900,43.062164306640625,-76.12850952148438,197,2025-12-01
1759851,21:09:16,464,17,3.3991,21337,1,123 James - East Syracuse - Walmart,268631,James St & Wilson St,Sy 20,2025-12-02 02:09:16+00:00,,2025-12-02 02:12:21.330222541+00:00,1900,,,185,2025-12-01
1759851,21:09:56,469,18,3.6374,21337,1,123 James - East Syracuse - Walmart,268631,James St & Hampton Rd,Sy 20,2025-12-02 02:09:56+00:00,,2025-12-02 02:12:46.990667623+00:00,1900,,,170,2025-12-01
1759851,21:10:18,10678,19,3.7675,21337,1,123 James - East Syracuse - Walmart,268631,James St & Teall Ave,Sy 20,2025-12-02 02:10:18+00:00,2025-12-02 02:13:01+00:00,2025-12-02 02:13:01+00:00,1900,43.064936693976904,-76.12287319407744,163,2025-12-01
1759851,21:10:53,479,20,3.9788,21337,1,123 James - East Syracuse - Walmart,268631,James St & Rugby Rd,Sy 20,2025-12-02 02:10:53+00:00,,2025-12-02 02:13:25.878015827+00:00,1900,,,152,2025-12-01
1759851,21:11:13,481,21,4.0984,21337,1,123 James - East Syracuse - Walmart,268631,James St & Cook Ave,Sy 20,2025-12-02 02:11:13+00:00,,2025-12-02 02:13:39.959467284+00:00,1900,,,146,2025-12-01
1759851,21:11:29,487,22,4.1927,21337,1,123 James - East Syracuse - Walmart,268631,James St & Hastings Pl,Sy 20,2025-12-02 02:11:29+00:00,,2025-12-02 02:13:51.062150164+00:00,1900,,,142,2025-12-01
1759851,21:11:44,491,23,4.2856,21337,1,123 James - East Syracuse - Walmart,268631,James St & Clifton Pl,Sy 20,2025-12-02 02:11:44+00:00,2025-12-02 02:14:02+00:00,2025-12-02 02:14:02+00:00,1900,43.06759125845773,-76.11745044163295,138,2025-12-01
1759851,21:12:00,1759,24,4.3533,21337,1,123 James - East Syracuse - Walmart,268631,James St & Shotwell Pk,Sy 20,2025-12-02 02:12:00+00:00,,2025-12-02 02:14:12.916370593+00:00,1900,,,132,2025-12-01
1759851,21:12:31,506,25,4.5363,21337,1,123 James - East Syracuse - Walmart,268631,James St & Hickok Ave,Sy 20,2025-12-02 02:12:31+00:00,,2025-12-02 02:14:42.424432905+00:00,1900,,,131,2025-12-01
1759851,21:12:50,507,26,4.6515,21337,1,123 James - East Syracuse - Walmart,268631,James St & Stafford Ave,Sy 20,2025-12-02 02:12:50+00:00,2025-12-02 02:15:01+00:00,2025-12-02 02:15:01+00:00,1900,43.06849150962018,-76.11333205852102,131,2025-12-01
1759851,21:13:09,515,27,4.7648,21337,1,123 James - East Syracuse - Walmart,268631,James St & Forest Hill Dr,Sy 20,2025-12-02 02:13:09+00:00,,2025-12-02 02:15:23.165811417+00:00,1900,,,134,2025-12-01
1759851,21:13:26,523,28,4.8640,21337,1,123 James - East Syracuse - Walmart,268631,James St & Woodbine Ave,Sy 20,2025-12-02 02:13:26+00:00,,2025-12-02 02:15:42.573123797+00:00,1900,,,136,2025-12-01
1759851,21:13:43,522,29,4.9633,21337,1,123 James - East Syracuse - Walmart,268631,James St & Hillsdale Ave,Sy 20,2025-12-02 02:13:43+00:00,2025-12-02 02:16:02+00:00,2025-12-02 02:16:02+00:00,1900,43.06870079040527,-76.10878880818684,139,2025-12-01
1759851,21:14:01,532,30,5.0705,21337,1,123 James - East Syracuse - Walmart,268631,James St & S Collingwood Ave,Sy 20,2025-12-02 02:14:01+00:00,,2025-12-02 02:16:33.622418879+00:00,1900,,,152,2025-12-01
1759851,21:14:17,533,31,5.1667,21337,1,123 James - East Syracuse - Walmart,268631,James St & S Edwards Ave,Sy 20,2025-12-02 02:14:17+00:00,2025-12-02 02:17:02+00:00,2025-12-02 02:17:02+00:00,1900,43.06882405685166,-76.10702359474311,165,2025-12-01
1759851,21:14:31,541,32,5.2510,21337,1,123 James - East Syracuse - Walmart,268631,James St & S Midler Ave,Sy 20,2025-12-02 02:14:31+00:00,2025-12-02 02:18:01+00:00,2025-12-02 02:18:01+00:00,1900,43.06886560776655,-76.10589435053807,210,2025-12-01
1759851,21:14:50,547,33,5.3662,21337,1,123 James - East Syracuse - Walmart,268631,James St & Nichols Ave,Sy 20,2025-12-02 02:14:50+00:00,,2025-12-02 02:18:33.238805970+00:00,1900,,,223,2025-12-01
1759851,21:15:07,552,34,5.4654,21337,1,123 James - East Syracuse - Walmart,268631,James St & Homecroft Rd,Sy 20,2025-12-02 02:15:07+00:00,2025-12-02 02:19:01+00:00,2025-12-02 02:19:01+00:00,1900,43.06902968208745,-76.10259664283609,234,2025-12-01
1759851,21:15:27,567,35,5.5837,21337,1,123 James - East Syracuse - Walmart,268631,James St & Mosley Dr,Sy 20,2025-12-02 02:15:27+00:00,,2025-12-02 02:19:14.438091631+00:00,1900,,,227,2025-12-01
1759851,21:15:43,558,36,5.6769,21337,1,123 James - East Syracuse - Walmart,268631,James St & Plymouth Dr,Sy 20,2025-12-02 02:15:43+00:00,,2025-12-02 02:19:25.024990533+00:00,1900,,,222,2025-12-01
1759851,21:15:58,562,37,5.7671,21337,1,123 James - East Syracuse - Walmart,268631,James St & W Milford Dr,Sy 20,2025-12-02 02:15:58+00:00,,2025-12-02 02:19:35.271109428+00:00,1900,,,217,2025-12-01
1759851,21:16:36,578,38,5.9936,21337,1,123 James - East Syracuse - Walmart,268631,James St & E Milford Dr,Sy 20,2025-12-02 02:16:36+00:00,2025-12-02 02:20:01+00:00,2025-12-02 02:20:01+00:00,1900,43.069340445778586,-76.095947265625,205,2025-12-01
1759851,21:17:05,575,39,6.1661,21337,1,123 James - East Syracuse - Walmart,268631,James St & Ridgewood Dr,Sy 20,2025-12-02 02:17:05+00:00,2025-12-02 02:21:01+00:00,2025-12-02 02:21:01+00:00,1900,43.06942686394079,-76.09407920268045,236,2025-12-01
1759851,21:18:00,7471,40,6.4456,21337,1,123 James - East Syracuse - Walmart,268631,James St & Thompson Rd,Sy 20,2025-12-02 02:18:00+00:00,,2025-12-02 02:21:34.621573654+00:00,1900,,,214,2025-12-01
1759851,21:19:06,2547,41,6.6732,21337,1,123 James - East Syracuse - Walmart,268631,James St & Wegman's Plaza,Sy 20,2025-12-02 02:19:06+00:00,2025-12-02 02:22:02+00:00,2025-12-02 02:22:02+00:00,1900,43.06967697143555,-76.08809890747071,176,2025-12-01
1759851,21:20:25,2432,42,6.9448,21337,1,123 James - East Syracuse - Walmart,268631,James St & Worth St,Sy 20,2025-12-02 02:20:25+00:00,,2025-12-02 02:22:44.549236440+00:00,1900,,,139,2025-12-01
1759851,21:20:55,2440,43,7.0480,21337,1,123 James - East Syracuse - Walmart,268631,James St & Schoeder St,Sy 20,2025-12-02 02:20:55+00:00,,2025-12-02 02:23:00.716692996+00:00,1900,,,125,2025-12-01
1759851,21:21:20,2444,44,7.1352,21337,1,123 James - East Syracuse - Walmart,268631,James St & Allen St,Sy 20,2025-12-02 02:21:20+00:00,,2025-12-02 02:23:14.377567140+00:00,1900,,,114,2025-12-01
1759851,21:21:46,2448,45,7.2264,21337,1,123 James - East Syracuse - Walmart,268631,James St & West Ave,Sy 20,2025-12-02 02:21:46+00:00,,2025-12-02 02:23:28.665086887+00:00,1900,,,102,2025-12-01
1759851,21:22:13,2452,46,7.3206,21337,1,123 James - East Syracuse - Walmart,268631,James St & Highland Ave,Sy 20,2025-12-02 02:22:13+00:00,,2025-12-02 02:23:43.422590837+00:00,1900,,,90,2025-12-01
1759851,21:22:45,2461,47,7.4328,21337,1,123 James - East Syracuse - Walmart,268631,James St & East Ave,Sy 20,2025-12-02 02:22:45+00:00,2025-12-02 02:24:01+00:00,2025-12-02 02:24:01+00:00,1900,43.070131841695535,-76.07907608320129,76,2025-12-01
1759851,21:23:18,2464,48,7.5493,21337,1,123 James - East Syracuse - Walmart,268631,James St & Kinne St,Sy 20,2025-12-02 02:23:18+00:00,,2025-12-02 02:24:22.812461632+00:00,1900,,,64,2025-12-01
1759851,21:24:18,8146,49,7.7586,21337,1,123 James - East Syracuse - Walmart,268631,Kinne St & Midland St,Sy 20,2025-12-02 02:24:18+00:00,2025-12-02 02:25:02+00:00,2025-12-02 02:25:02+00:00,1900,43.068824005126956,-76.07690249356357,44,2025-12-01
1759851,21:25:14,8147,50,7.9540,21337,1,123 James - East Syracuse - Walmart,268631,Kinne St & W Yates St,Sy 20,2025-12-02 02:25:14+00:00,,2025-12-02 02:25:30.304934937+00:00,1900,,,16,2025-12-01
1759851,21:25:42,8148,51,8.0501,21337,1,123 James - East Syracuse - Walmart,268631,Kinne St & W Ellis St,Sy 20,2025-12-02 02:25:42+00:00,,2025-12-02 02:25:44.225632212+00:00,1900,,,2,2025-12-01
1759851,21:26:15,7237,52,8.1659,21337,1,123 James - East Syracuse - Walmart,268631,Kinne St & W Manlius St,Sy 20,2025-12-02 02:26:15+00:00,2025-12-02 02:26:01+00:00,2025-12-02 02:26:01+00:00,1900,43.0648015829233,-76.07670754652757,-14,2025-12-01
1759851,21:26:49,7232,53,8.2861,21337,1,123 James - East Syracuse - Walmart,268631,W Manlius St & Charles St,Sy 20,2025-12-02 02:26:49+00:00,,2025-12-02 02:26:18.513355998+00:00,1900,,,-30,2025-12-01
1759851,21:27:28,7267,54,8.4213,21337,1,123 James - East Syracuse - Walmart,268631,W Manlius St & Division St,Sy 20,2025-12-02 02:27:28+00:00,,2025-12-02 02:26:38.212238950+00:00,1900,,,-49,2025-12-01
1759851,21:27:43,7274,55,8.4735,21337,1,123 James - East Syracuse - Walmart,268631,W Manlius St & Silver St,Sy 20,2025-12-02 02:27:43+00:00,,2025-12-02 02:26:45.817872753+00:00,1900,,,-57,2025-12-01
1759851,21:28:13,7282,56,8.5777,21337,1,123 James - East Syracuse - Walmart,268631,W Manlius St & Ball St,Sy 20,2025-12-02 02:28:13+00:00,2025-12-02 02:27:01+00:00,2025-12-02 02:27:01+00:00,1900,43.064070734484446,-76.07252502441406,-72,2025-12-01
1759851,21:28:38,2523,57,8.6649,21337,1,123 James - East Syracuse - Walmart,268631,W Manlius St & N Center St,Sy 20,2025-12-02 02:28:38+00:00,,2025-12-02 02:27:12.872021783+00:00,1900,,,-85,2025-12-01
1759851,21:30:20,4281,58,9.0184,21337,1,123 James - East Syracuse - Walmart,268631,Bridge St & E 2nd St,Sy 20,2025-12-02 02:30:20+00:00,2025-12-02 02:28:01+00:00,2025-12-02 02:28:01+00:00,1900,43.062076974422375,-76.0675840986536,-139,2025-12-01
1759851,21:31:46,8169,59,9.3153,21337,1,123 James - East Syracuse - Walmart,268631,Chevy Dr & Bridge St,Sy 20,2025-12-02 02:31:46+00:00,,2025-12-02 02:28:20.165142549+00:00,1900,,,-205,2025-12-01
1759851,21:35:00,7888,60,9.9479,21337,1,123 James - East Syracuse - Walmart,268631,Walmart - East Syracuse,Sy 20,2025-12-02 02:35:00+00:00,2025-12-02 02:29:01+00:00,2025-12-02 02:29:01+00:00,1900,43.06245979895959,-76.06250704251804,-359,2025-12-01
1759852,22:20:00,17651,1,,21337,1,122 James - Rt 298 - Fly Rd,268632,B12,Sy 20,2025-12-02 03:20:00+00:00,2025-12-02 03:23:02+00:00,2025-12-02 03:23:02+00:00,2454,43.043768564860024,-76.15163675944011,182,2025-12-01
1759852,22:21:05,102,2,0.4057,21337,1,122 James - Rt 298 - Fly Rd,268632,S Salina St & Jefferson St,Sy 20,2025-12-02 03:21:05+00:00,,2025-12-02 03:23:31.500000+00:00,2454,,,146,2025-12-01
1759852,22:21:55,17670,3,0.7147,21337,1,122 James - Rt 298 - Fly Rd,268632,S Salina St & Water St (mid-block),Sy 20,2025-12-02 03:21:55+00:00,2025-12-02 03:24:01+00:00,2025-12-02 03:24:01+00:00,2454,43.049889115726245,-76.15220642089844,126,2025-12-01
1759852,22:22:38,423,4,0.9848,21337,1,122 James - Rt 298 - Fly Rd,268632,James St & N Warren St,Sy 20,2025-12-02 03:22:38+00:00,,2025-12-02 03:24:32.293637226+00:00,2454,,,114,2025-12-01
1759852,22:23:19,420,5,1.2412,21337,1,122 James - Rt 298 - Fly Rd,268632,James St & N State St,Sy 20,2025-12-02 03:23:19+00:00,2025-12-02 03:25:02+00:00,2025-12-02 03:25:02+00:00,2454,43.05226097732294,-76.14870527924084,103,2025-12-01
1759852,22:23:51,421,6,1.4442,21337,1,122 James - Rt 298 - Fly Rd,268632,James St & N Townsend St,Sy 20,2025-12-02 03:23:51+00:00,2025-12-02 03:26:00+00:00,2025-12-02 03:26:00+00:00,2454,43.05329284667969,-76.14660580952962,129,2025-12-01
1759852,22:24:14,442,7,1.5868,21337,1,122 James - Rt 298 - Fly Rd,268632,James St & N McBride St,Sy 20,2025-12-02 03:24:14+00:00,,2025-12-02 03:26:55.840129449+00:00,2454,,,161,2025-12-01
1759852,22:24:40,432,8,1.7532,21337,1,122 James - Rt 298 - Fly Rd,268632,James St & Catherine St,Sy 20,2025-12-02 03:24:40+00:00,2025-12-02 03:28:01+00:00,2025-12-02 03:28:01+00:00,2454,43.05513071130823,-76.14286436858,201,2025-12-01
1759852,22:25:18,14776,9,1.9920,21337,1,122 James - Rt 298 - Fly Rd,268632,James St & Lodi St,Sy 20,2025-12-02 03:25:18+00:00,,2025-12-02 03:28:33.475067996+00:00,2454,,,195,2025-12-01
1759852,22:25:50,446,10,2.1944,21337,1,122 James - Rt 298 - Fly Rd,268632,James St & Highland St,Sy 20,2025-12-02 03:25:50+00:00,2025-12-02 03:29:01+00:00,2025-12-02 03:29:01+00:00,2454,43.05704653263092,-76.13894712924957,191,2025-12-01
1759852,22:26:18,5088,11,2.3722,21337,1,122 James - Rt 298 - Fly Rd,268632,960 James St,Sy 20,2025-12-02 03:26:18+00:00,2025-12-02 03:30:01+00:00,2025-12-02 03:30:01+00:00,2454,43.05824119567871,-76.13651107788085,223,2025-12-01
1759852,22:27:00,444,12,2.5905,21337,1,122 James - Rt 298 - Fly Rd,268632,James St & Oak St,Sy 20,2025-12-02 03:27:00+00:00,2025-12-02 03:31:02+00:00,2025-12-02 03:31:02+00:00,2454,43.05964183807373,-76.13367652893066,242,2025-12-01
1759852,22:27:36,2120,13,2.8021,21337,1,122 James - Rt 298 - Fly Rd,268632,James St & WSYR,Sy 20,2025-12-02 03:27:36+00:00,,2025-12-02 03:31:34.076806467+00:00,2454,,,238,2025-12-01
1759852,22:27:50,450,14,2.8895,21337,1,122 James - Rt 298 - Fly Rd,268632,James St & Dewitt St,Sy 20,2025-12-02 03:27:50+00:00,,2025-12-02 03:31:47.325922182+00:00,2454,,,237,2025-12-01
1759852,22:28:06,453,15,2.9863,21337,1,122 James - Rt 298 - Fly Rd,268632,James St & Sedgwick Dr,Sy 20,2025-12-02 03:28:06+00:00,2025-12-02 03:32:02+00:00,2025-12-02 03:32:02+00:00,2454,43.061276884639966,-76.13033653708065,236,2025-12-01
1759852,22:28:44,459,16,3.2103,21337,1,122 James - Rt 298 - Fly Rd,268632,James St & Vine St,Sy 20,2025-12-02 03:28:44+00:00,2025-12-02 03:33:01+00:00,2025-12-02 03:33:01+00:00,2454,43.06242633256756,-76.12797571401127,257,2025-12-01
1759852,22:29:16,464,17,3.3991,21337,1,122 James - Rt 298 - Fly Rd,268632,James St & Wilson St,Sy 20,2025-12-02 03:29:16+00:00,,2025-12-02 03:33:21.669059583+00:00,2454,,,245,2025-12-01
1759852,22:29:56,469,18,3.6374,21337,1,122 James - Rt 298 - Fly Rd,268632,James St & Hampton Rd,Sy 20,2025-12-02 03:29:56+00:00,,2025-12-02 03:33:47.757178750+00:00,2454,,,231,2025-12-01
1759852,22:30:18,10678,19,3.7675,21337,1,122 James - Rt 298 - Fly Rd,268632,James St & Teall Ave,Sy 20,2025-12-02 03:30:18+00:00,2025-12-02 03:34:02+00:00,2025-12-02 03:34:02+00:00,2454,43.0649346744313,-76.12287723316865,224,2025-12-01
1759852,22:30:53,479,20,3.9788,21337,1,122 James - Rt 298 - Fly Rd,268632,James St & Rugby Rd,Sy 20,2025-12-02 03:30:53+00:00,2025-12-02 03:35:02+00:00,2025-12-02 03:35:02+00:00,2454,43.066009521484375,-76.12067413330078,249,2025-12-01
1759852,22:31:13,481,21,4.0984,21337,1,122 James - Rt 298 - Fly Rd,268632,James St & Cook Ave,Sy 20,2025-12-02 03:31:13+00:00,,2025-12-02 03:35:24.999999999+00:00,2454,,,251,2025-12-01
1759852,22:31:29,487,22,4.1927,21337,1,122 James - Rt 298 - Fly Rd,268632,James St & Hastings Pl,Sy 20,2025-12-02 03:31:29+00:00,,2025-12-02 03:35:43.134615384+00:00,2454,,,254,2025-12-01
1759852,22:31:44,491,23,4.2856,21337,1,122 James - Rt 298 - Fly Rd,268632,James St & Clifton Pl,Sy 20,2025-12-02 03:31:44+00:00,2025-12-02 03:36:01+00:00,2025-12-02 03:36:01+00:00,2454,43.06780762603317,-76.11700163025787,257,2025-12-01
1759852,22:32:00,1759,24,4.3533,21337,1,122 James - Rt 298 - Fly Rd,268632,James St & Shotwell Pk,Sy 20,2025-12-02 03:32:00+00:00,,2025-12-02 03:36:07.093699276+00:00,2454,,,247,2025-12-01
1759852,22:32:30,506,25,4.5363,21337,1,122 James - Rt 298 - Fly Rd,268632,James St & Hickok Ave,Sy 20,2025-12-02 03:32:30+00:00,,2025-12-02 03:36:23.565589493+00:00,2454,,,233,2025-12-01
1759852,22:32:49,507,26,4.6515,21337,1,122 James - Rt 298 - Fly Rd,268632,James St & Stafford Ave,Sy 20,2025-12-02 03:32:49+00:00,,2025-12-02 03:36:33.934779400+00:00,2454,,,224,2025-12-01
1759852,22:33:08,515,27,4.7648,21337,1,122 James - Rt 298 - Fly Rd,268632,James St & Forest Hill Dr,Sy 20,2025-12-02 03:33:08+00:00,,2025-12-02 03:36:44.132949682+00:00,2454,,,216,2025-12-01
1759852,22:33:24,523,28,4.8640,21337,1,122 James - Rt 298 - Fly Rd,268632,James St & Woodbine Ave,Sy 20,2025-12-02 03:33:24+00:00,,2025-12-02 03:36:53.061974324+00:00,2454,,,209,2025-12-01
1759852,22:33:40,522,29,4.9633,21337,1,122 James - Rt 298 - Fly Rd,268632,James St & Hillsdale Ave,Sy 20,2025-12-02 03:33:40+00:00,2025-12-02 03:37:02+00:00,2025-12-02 03:37:02+00:00,2454,43.068664945405104,-76.10950469970703,202,2025-12-01
1759852,22:33:58,532,30,5.0705,21337,1,122 James - Rt 298 - Fly Rd,268632,James St & S Collingwood Ave,Sy 20,2025-12-02 03:33:58+00:00,,2025-12-02 03:37:23.984011122+00:00,2454,,,205,2025-12-01
1759852,22:34:14,533,31,5.1667,21337,1,122 James - Rt 298 - Fly Rd,268632,James St & S Edwards Ave,Sy 20,2025-12-02 03:34:14+00:00,,2025-12-02 03:37:43.712200208+00:00,2454,,,209,2025-12-01
1759852,22:34:28,541,32,5.2510,21337,1,122 James - Rt 298 - Fly Rd,268632,James St & S Midler Ave,Sy 20,2025-12-02 03:34:28+00:00,2025-12-02 03:38:01+00:00,2025-12-02 03:38:01+00:00,2454,43.06888961791992,-76.10537465413411,213,2025-12-01
1759852,22:34:47,547,33,5.3662,21337,1,122 James - Rt 298 - Fly Rd,268632,James St & Nichols Ave,Sy 20,2025-12-02 03:34:47+00:00,,2025-12-02 03:38:21.775473399+00:00,2454,,,214,2025-12-01
1759852,22:35:03,552,34,5.4654,21337,1,122 James - Rt 298 - Fly Rd,268632,James St & Homecroft Rd,Sy 20,2025-12-02 03:35:03+00:00,,2025-12-02 03:38:39.665464382+00:00,2454,,,216,2025-12-01
1759852,22:35:23,567,35,5.5837,21337,1,122 James - Rt 298 - Fly Rd,268632,James St & Mosley Dr,Sy 20,2025-12-02 03:35:23+00:00,2025-12-02 03:39:01+00:00,2025-12-02 03:39:01+00:00,2454,43.06911317039938,-76.10075658910415,218,2025-12-01
1759852,22:35:38,558,36,5.6769,21337,1,122 James - Rt 298 - Fly Rd,268632,James St & Plymouth Dr,Sy 20,2025-12-02 03:35:38+00:00,,2025-12-02 03:39:10.761675824+00:00,2454,,,212,2025-12-01
1759852,22:35:53,562,37,5.7671,21337,1,122 James - Rt 298 - Fly Rd,268632,James St & W Milford Dr,Sy 20,2025-12-02 03:35:53+00:00,,2025-12-02 03:39:20.209134615+00:00,2454,,,207,2025-12-01
1759852,22:36:31,578,38,5.9936,21337,1,122 James - Rt 298 - Fly Rd,268632,James St & E Milford Dr,Sy 20,2025-12-02 03:36:31+00:00,,2025-12-02 03:39:43.932520604+00:00,2454,,,192,2025-12-01
1759852,22:37:00,575,39,6.1661,21337,1,122 James - Rt 298 - Fly Rd,268632,James St & Ridgewood Dr,Sy 20,2025-12-02 03:37:00+00:00,2025-12-02 03:40:02+00:00,2025-12-02 03:40:02+00:00,2454,43.06937518362272,-76.09400849423166,182,2025-12-01
1759852,22:38:00,7468,40,6.4805,21337,1,122 James - Rt 298 - Fly Rd,268632,Thompson Rd & James St,Sy 20,2025-12-02 03:38:00+00:00,,2025-12-02 03:40:30.456780811+00:00,2454,,,150,2025-12-01
1759852,22:38:39,6624,41,6.8290,21337,1,122 James - Rt 298 - Fly Rd,268632,Thompson Rd & Exeter St,Sy 20,2025-12-02 03:38:39+00:00,2025-12-02 03:41:02+00:00,2025-12-02 03:41:02+00:00,2454,43.07242979569869,-76.08927043568005,143,2025-12-01
1759852,22:39:00,8068,42,7.0160,21337,1,122 James - Rt 298 - Fly Rd,268632,Thompson Rd Tavern,Sy 20,2025-12-02 03:39:00+00:00,2025-12-02 03:42:01+00:00,2025-12-02 03:42:01+00:00,2454,43.074659035422584,-76.08921647505326,181,2025-12-01
1759852,22:39:49,8069,43,7.4523,21337,1,122 James - Rt 298 - Fly Rd,268632,Thompson Rd & NYNEX,Sy 20,2025-12-02 03:39:49+00:00,,2025-12-02 03:42:23.934992114+00:00,2454,,,154,2025-12-01
1759852,22:40:37,8070,44,7.8800,21337,1,122 James - Rt 298 - Fly Rd,268632,Thompson Rd & 1st Gate @ Carrier,Sy 20,2025-12-02 03:40:37+00:00,,2025-12-02 03:42:46.417907832+00:00,2454,,,129,2025-12-01
1759852,22:41:08,8071,45,8.1574,21337,1,122 James - Rt 298 - Fly Rd,268632,Comfort Inn Thompson Rd,Sy 20,2025-12-02 03:41:08+00:00,2025-12-02 03:43:01+00:00,2025-12-02 03:43:01+00:00,2454,43.084705587533804,-76.08974938025841,113,2025-12-01
1759852,22:42:13,6638,46,8.7368,21337,1,122 James - Rt 298 - Fly Rd,268632,Carrier Pky & Old Collamer Rd,Sy 20,2025-12-02 03:42:13+00:00,2025-12-02 03:44:01+00:00,2025-12-02 03:44:01+00:00,2454,43.086740493774414,-76.08611679077148,108,2025-12-01
1759852,22:42:32,14804,47,8.9076,21337,1,122 James - Rt 298 - Fly Rd,268632,Old Collamer Rd S & Carrier Pkwy,Sy 20,2025-12-02 03:42:32+00:00,,2025-12-02 03:44:28.252942715+00:00,2454,,,116,2025-12-01
1759852,22:43:00,14805,48,9.1191,21337,1,122 James - Rt 298 - Fly Rd,268632,Old Collamer Rd S & Court Street Rd,Sy 20,2025-12-02 03:43:00+00:00,2025-12-02 03:45:02+00:00,2025-12-02 03:45:02+00:00,2454,43.08968982181034,-76.08598059576912,122,2025-12-01
1759852,22:43:15,8104,49,9.3305,21337,1,122 James - Rt 298 - Fly Rd,268632,Court Street Rd & OnBank,Sy 20,2025-12-02 03:43:15+00:00,,2025-12-02 03:45:33.275325977+00:00,2454,,,138,2025-12-01
1759852,22:43:28,17402,50,9.5179,21337,1,122 James - Rt 298 - Fly Rd,268632,Court Street Rd & Weighlock Dr,Sy 20,2025-12-02 03:43:28+00:00,2025-12-02 03:46:01+00:00,2025-12-02 03:46:01+00:00,2454,43.09036705710671,-76.08115768432617,153,2025-12-01
1759852,22:43:50,14806,51,9.8192,21337,1,122 James - Rt 298 - Fly Rd,268632,NVG Dr & Sanders Creek Pkwy,Sy 20,2025-12-02 03:43:50+00:00,2025-12-02 03:47:01+00:00,2025-12-02 03:47:01+00:00,2454,43.09052857356285,-76.07636978377157,191,2025-12-01
1759852,22:44:14,14807,52,10.1409,21337,1,122 James - Rt 298 - Fly Rd,268632,New Venture Gear Dr & Campuswood Dr,Sy 20,2025-12-02 03:44:14+00:00,2025-12-02 03:48:01+00:00,2025-12-02 03:48:01+00:00,2454,43.092895993319424,-76.06885445334694,227,2025-12-01
1759852,22:46:11,2568,53,11.7110,21337,1,122 James - Rt 298 - Fly Rd,268632,Fly Rd & Chrysler Dr ramp,Sy 20,2025-12-02 03:46:11+00:00,2025-12-02 03:49:01+00:00,2025-12-02 03:49:01+00:00,2454,43.090983900912974,-76.05932191360829,170,2025-12-01
1759852,22:47:00,6690,54,12.3750,21337,1,122 James - Rt 298 - Fly Rd,268632,Fly Rd & Benedict Rd,Sy 20,2025-12-02 03:47:00+00:00,2025-12-02 03:50:01+00:00,2025-12-02 03:50:01+00:00,2454,43.0843612353007,-76.05874411265056,181,2025-12-01
1759852,22:48:02,2575,55,13.2184,21337,1,122 James - Rt 298 - Fly Rd,268632,Fly Rd & Kirkville Rd,Sy 20,2025-12-02 03:48:02+00:00,2025-12-02 03:51:02+00:00,2025-12-02 03:51:02+00:00,2454,43.07681188583374,-76.05819301605224,180,2025-12-01
1759852,22:48:26,14832,56,13.5471,21337,1,122 James - Rt 298 - Fly Rd,268632,Fly Rd & Swanka Blvd,Sy 20,2025-12-02 03:48:26+00:00,2025-12-02 03:52:01+00:00,2025-12-02 03:52:01+00:00,2454,43.07421112060547,-76.05796813964844,215,2025-12-01
1759852,22:49:55,7292,57,14.7435,21337,1,122 James - Rt 298 - Fly Rd,268632,Hartwell Ave & E Irving St,Sy 20,2025-12-02 03:49:55+00:00,2025-12-02 03:53:01+00:00,2025-12-02 03:53:01+00:00,2454,43.07072448730469,-76.0639877319336,186,2025-12-01
1759852,22:50:29,2550,58,14.9328,21337,1,122 James - Rt 298 - Fly Rd,268632,Hartwell Ave & E Heman St,Sy 20,2025-12-02 03:50:29+00:00,,2025-12-02 03:53:19.669846402+00:00,2454,,,170,2025-12-01
1759852,22:50:44,2542,59,15.0339,21337,1,122 James - Rt 298 - Fly Rd,268632,Hartwell Ave & E Yates St,Sy 20,2025-12-02 03:50:44+00:00,,2025-12-02 03:53:29.640905416+00:00,2454,,,165,2025-12-01
1759852,22:50:59,7276,60,15.1341,21337,1,122 James - Rt 298 - Fly Rd,268632,Hartwell Ave & E Ellis St,Sy 20,2025-12-02 03:50:59+00:00,,2025-12-02 03:53:39.523201293+00:00,2454,,,160,2025-12-01
1759852,22:51:34,7256,61,15.3620,21337,1,122 James - Rt 298 - Fly Rd,268632,E Manlius St & McCool Ave,Sy 20,2025-12-02 03:51:34+00:00,2025-12-02 03:54:02+00:00,2025-12-02 03:54:02+00:00,2454,43.06380081176758,-76.0665283203125,148,2025-12-01
1759852,22:51:59,2527,62,15.5242,21337,1,122 James - Rt 298 - Fly Rd,268632,E Manlius St & Upton St,Sy 20,2025-12-02 03:51:59+00:00,,2025-12-02 03:54:26.400305966+00:00,2454,,,147,2025-12-01
1759852,22:52:34,4281,63,15.7542,21337,1,122 James - Rt 298 - Fly Rd,268632,Bridge St & E 2nd St,Sy 20,2025-12-02 03:52:34+00:00,2025-12-02 03:55:01+00:00,2025-12-02 03:55:01+00:00,2454,43.061798095703125,-76.06719970703125,147,2025-12-01
1759852,22:53:19,8169,64,16.0511,21337,1,122 James - Rt 298 - Fly Rd,268632,Chevy Dr & Bridge St,Sy 20,2025-12-02 03:53:19+00:00,,2025-12-02 03:55:20.163080895+00:00,2454,,,121,2025-12-01
1759852,22:55:00,7888,65,16.6838,21337,1,122 James - Rt 298 - Fly Rd,268632,Walmart - East Syracuse,Sy 20,2025-12-02 03:55:00+00:00,2025-12-02 03:56:01+00:00,2025-12-02 03:56:01+00:00,2454,43.06257629394531,-76.061767578125,61,2025-12-01
1759853,23:40:00,17651,1,,21337,1,123 James - East Syracuse - Walmart,268631,B12,Sy 20,2025-12-02 04:40:00+00:00,2025-12-02 04:42:01+00:00,2025-12-02 04:42:01+00:00,1900,43.04406,-76.15216666666667,121,2025-12-01
1759853,23:41:05,102,2,0.4057,21337,1,123 James - East Syracuse - Walmart,268631,S Salina St & Jefferson St,Sy 20,2025-12-02 04:41:05+00:00,2025-12-02 04:43:01+00:00,2025-12-02 04:43:01+00:00,1900,43.0483283996582,-76.15222930908203,116,2025-12-01
1759853,23:41:55,17670,3,0.7147,21337,1,123 James - East Syracuse - Walmart,268631,S Salina St & Water St (mid-block),Sy 20,2025-12-02 04:41:55+00:00,2025-12-02 04:44:01+00:00,2025-12-02 04:44:01+00:00,1900,43.050201416015625,-76.15220642089844,126,2025-12-01
1759853,23:42:38,423,4,0.9848,21337,1,123 James - East Syracuse - Walmart,268631,James St & N Warren St,Sy 20,2025-12-02 04:42:38+00:00,,2025-12-02 04:44:32.293637226+00:00,1900,,,114,2025-12-01
1759853,23:43:19,420,5,1.2412,21337,1,123 James - East Syracuse - Walmart,268631,James St & N State St,Sy 20,2025-12-02 04:43:19+00:00,2025-12-02 04:45:02+00:00,2025-12-02 04:45:02+00:00,1900,43.05229949951172,-76.14862823486328,103,2025-12-01
1759853,23:43:51,421,6,1.4442,21337,1,123 James - East Syracuse - Walmart,268631,James St & N Townsend St,Sy 20,2025-12-02 04:43:51+00:00,,2025-12-02 04:46:11.898726851+00:00,1900,,,140,2025-12-01
1759853,23:44:14,442,7,1.5868,21337,1,123 James - East Syracuse - Walmart,268631,James St & N McBride St,Sy 20,2025-12-02 04:44:14+00:00,2025-12-02 04:47:01+00:00,2025-12-02 04:47:01+00:00,1900,43.05432281494141,-76.1445098876953,167,2025-12-01
1759853,23:44:40,432,8,1.7532,21337,1,123 James - East Syracuse - Walmart,268631,James St & Catherine St,Sy 20,2025-12-02 04:44:40+00:00,,2025-12-02 04:47:25.639684106+00:00,1900,,,165,2025-12-01
1759853,23:45:18,14776,9,1.9920,21337,1,123 James - East Syracuse - Walmart,268631,James St & Lodi St,Sy 20,2025-12-02 04:45:18+00:00,2025-12-02 04:48:01+00:00,2025-12-02 04:48:01+00:00,1900,43.05601547504293,-76.1410711880388,163,2025-12-01
1759853,23:45:50,446,10,2.1944,21337,1,123 James - East Syracuse - Walmart,268631,James St & Highland St,Sy 20,2025-12-02 04:45:50+00:00,,2025-12-02 04:48:32.941083640+00:00,1900,,,162,2025-12-01
1759853,23:46:18,5088,11,2.3722,21337,1,123 James - East Syracuse - Walmart,268631,960 James St,Sy 20,2025-12-02 04:46:18+00:00,2025-12-02 04:49:01+00:00,2025-12-02 04:49:01+00:00,1900,43.05794656098779,-76.13712048886427,163,2025-12-01
1759853,23:47:00,444,12,2.5905,21337,1,123 James - East Syracuse - Walmart,268631,James St & Oak St,Sy 20,2025-12-02 04:47:00+00:00,,2025-12-02 04:49:30.959758083+00:00,1900,,,150,2025-12-01
1759853,23:47:36,2120,13,2.8021,21337,1,123 James - East Syracuse - Walmart,268631,James St & WSYR,Sy 20,2025-12-02 04:47:36+00:00,2025-12-02 04:50:00+00:00,2025-12-02 04:50:00+00:00,1900,43.06041287153195,-76.13208516438802,144,2025-12-01
1759853,23:47:50,450,14,2.8895,21337,1,123 James - East Syracuse - Walmart,268631,James St & Dewitt St,Sy 20,2025-12-02 04:47:50+00:00,,2025-12-02 04:50:28.943539630+00:00,1900,,,158,2025-12-01
1759853,23:48:06,453,15,2.9863,21337,1,123 James - East Syracuse - Walmart,268631,James St & Sedgwick Dr,Sy 20,2025-12-02 04:48:06+00:00,2025-12-02 04:51:01+00:00,2025-12-02 04:51:01+00:00,1900,43.06131323646097,-76.13026114071117,175,2025-12-01
1759853,23:48:44,459,16,3.2103,21337,1,123 James - East Syracuse - Walmart,268631,James St & Vine St,Sy 20,2025-12-02 04:48:44+00:00,,2025-12-02 04:51:21.641990477+00:00,1900,,,157,2025-12-01
1759853,23:49:16,464,17,3.3991,21337,1,123 James - East Syracuse - Walmart,268631,James St & Wilson St,Sy 20,2025-12-02 04:49:16+00:00,,2025-12-02 04:51:39.040239594+00:00,1900,,,143,2025-12-01
1759853,23:49:56,469,18,3.6374,21337,1,123 James - East Syracuse - Walmart,268631,James St & Hampton Rd,Sy 20,2025-12-02 04:49:56+00:00,2025-12-02 04:52:01+00:00,2025-12-02 04:52:01+00:00,1900,43.06480555747872,-76.12312783767928,125,2025-12-01
1759853,23:50:18,10678,19,3.7675,21337,1,123 James - East Syracuse - Walmart,268631,James St & Teall Ave,Sy 20,2025-12-02 04:50:18+00:00,,2025-12-02 04:52:17.650542299+00:00,1900,,,119,2025-12-01
1759853,23:50:53,479,20,3.9788,21337,1,123 James - East Syracuse - Walmart,268631,James St & Rugby Rd,Sy 20,2025-12-02 04:50:53+00:00,,2025-12-02 04:52:44.693275488+00:00,1900,,,111,2025-12-01
1759853,23:51:13,481,21,4.0984,21337,1,123 James - East Syracuse - Walmart,268631,James St & Cook Ave,Sy 20,2025-12-02 04:51:13+00:00,2025-12-02 04:53:00+00:00,2025-12-02 04:53:00+00:00,1900,43.06689605712891,-76.11887054443359,107,2025-12-01
1759853,23:51:29,487,22,4.1927,21337,1,123 James - East Syracuse - Walmart,268631,James St & Hastings Pl,Sy 20,2025-12-02 04:51:29+00:00,,2025-12-02 04:53:13.136104133+00:00,1900,,,104,2025-12-01
1759853,23:51:44,491,23,4.2856,21337,1,123 James - East Syracuse - Walmart,268631,James St & Clifton Pl,Sy 20,2025-12-02 04:51:44+00:00,,2025-12-02 04:53:26.077186572+00:00,1900,,,102,2025-12-01
1759853,23:52:00,1759,24,4.3533,21337,1,123 James - East Syracuse - Walmart,268631,James St & Shotwell Pk,Sy 20,2025-12-02 04:52:00+00:00,,2025-12-02 04:53:35.507878511+00:00,1900,,,95,2025-12-01
1759853,23:52:31,506,25,4.5363,21337,1,123 James - East Syracuse - Walmart,268631,James St & Hickok Ave,Sy 20,2025-12-02 04:52:31+00:00,2025-12-02 04:54:01+00:00,2025-12-02 04:54:01+00:00,1900,43.06844820295061,-76.1141357421875,90,2025-12-01
1759853,23:52:50,507,26,4.6515,21337,1,123 James - East Syracuse - Walmart,268631,James St & Stafford Ave,Sy 20,2025-12-02 04:52:50+00:00,,2025-12-02 04:54:11.964467005+00:00,1900,,,81,2025-12-01
1759853,23:53:09,515,27,4.7648,21337,1,123 James - East Syracuse - Walmart,268631,James St & Forest Hill Dr,Sy 20,2025-12-02 04:53:09+00:00,,2025-12-02 04:54:22.748096446+00:00,1900,,,73,2025-12-01
1759853,23:53:26,523,28,4.8640,21337,1,123 James - East Syracuse - Walmart,268631,James St & Woodbine Ave,Sy 20,2025-12-02 04:53:26+00:00,,2025-12-02 04:54:32.189720812+00:00,1900,,,66,2025-12-01
1759853,23:53:43,522,29,4.9633,21337,1,123 James - East Syracuse - Walmart,268631,James St & Hillsdale Ave,Sy 20,2025-12-02 04:53:43+00:00,,2025-12-02 04:54:41.640862944+00:00,1900,,,58,2025-12-01
1759853,23:54:01,532,30,5.0705,21337,1,123 James - East Syracuse - Walmart,268631,James St & S Collingwood Ave,Sy 20,2025-12-02 04:54:01+00:00,,2025-12-02 04:54:51.843908629+00:00,1900,,,50,2025-12-01
1759853,23:54:17,533,31,5.1667,21337,1,123 James - East Syracuse - Walmart,268631,James St & S Edwards Ave,Sy 20,2025-12-02 04:54:17+00:00,2025-12-02 04:55:01+00:00,2025-12-02 04:55:01+00:00,1900,43.06885230324485,-76.10636388605292,44,2025-12-01
1759853,23:54:31,541,32,5.2510,21337,1,123 James - East Syracuse - Walmart,268631,James St & S Midler Ave,Sy 20,2025-12-02 04:54:31+00:00,,2025-12-02 04:55:13.331654676+00:00,1900,,,42,2025-12-01
1759853,23:54:50,547,33,5.3662,21337,1,123 James - East Syracuse - Walmart,268631,James St & Nichols Ave,Sy 20,2025-12-02 04:54:50+00:00,,2025-12-02 04:55:30.183453237+00:00,1900,,,40,2025-12-01
1759853,23:55:07,552,34,5.4654,21337,1,123 James - East Syracuse - Walmart,268631,James St & Homecroft Rd,Sy 20,2025-12-02 04:55:07+00:00,,2025-12-02 04:55:44.694724220+00:00,1900,,,37,2025-12-01
1759853,23:55:27,567,35,5.5837,21337,1,123 James - East Syracuse - Walmart,268631,James St & Mosley Dr,Sy 20,2025-12-02 04:55:27+00:00,2025-12-02 04:56:02+00:00,2025-12-02 04:56:02+00:00,1900,43.06909314323874,-76.10119718663833,35,2025-12-01
1759853,23:55:43,558,36,5.6769,21337,1,123 James - East Syracuse - Walmart,268631,James St & Plymouth Dr,Sy 20,2025-12-02 04:55:43+00:00,,2025-12-02 04:56:11.441620879+00:00,1900,,,28,2025-12-01
1759853,23:55:58,562,37,5.7671,21337,1,123 James - East Syracuse - Walmart,268631,James St & W Milford Dr,Sy 20,2025-12-02 04:55:58+00:00,,2025-12-02 04:56:20.579326923+00:00,1900,,,22,2025-12-01
1759853,23:56:36,578,38,5.9936,21337,1,123 James - East Syracuse - Walmart,268631,James St & E Milford Dr,Sy 20,2025-12-02 04:56:36+00:00,,2025-12-02 04:56:43.524896978+00:00,1900,,,7,2025-12-01
1759853,23:57:05,575,39,6.1661,21337,1,123 James - East Syracuse - Walmart,268631,James St & Ridgewood Dr,Sy 20,2025-12-02 04:57:05+00:00,2025-12-02 04:57:01+00:00,2025-12-02 04:57:01+00:00,1900,43.06942618071143,-76.0940887678915,-4,2025-12-01
1759853,23:58:00,7471,40,6.4456,21337,1,123 James - East Syracuse - Walmart,268631,James St & Thompson Rd,Sy 20,2025-12-02 04:58:00+00:00,,2025-12-02 04:57:34.621573654+00:00,1900,,,-25,2025-12-01
1759853,23:59:06,2547,41,6.6732,21337,1,123 James - East Syracuse - Walmart,268631,James St & Wegman's Plaza,Sy 20,2025-12-02 04:59:06+00:00,2025-12-02 04:58:02+00:00,2025-12-02 04:58:02+00:00,1900,43.06967735290527,-76.08809089660645,-64,2025-12-01
1759853,24:00:25,2432,42,6.9448,21337,1,123 James - East Syracuse - Walmart,268631,James St & Worth St,Sy 20,2025-12-02 05:00:25+00:00,,2025-12-02 04:58:20.600616367+00:00,1900,,,-124,2025-12-01
1759853,24:00:55,2440,43,7.0480,21337,1,123 James - East Syracuse - Walmart,268631,James St & Schoeder St,Sy 20,2025-12-02 05:00:55+00:00,,2025-12-02 04:58:27.668302705+00:00,1900,,,-147,2025-12-01
1759853,24:01:20,2444,44,7.1352,21337,1,123 James - East Syracuse - Walmart,268631,James St & Allen St,Sy 20,2025-12-02 05:01:20+00:00,,2025-12-02 04:58:33.640223718+00:00,1900,,,-166,2025-12-01
1759853,24:01:46,2448,45,7.2264,21337,1,123 James - East Syracuse - Walmart,268631,James St & West Ave,Sy 20,2025-12-02 05:01:46+00:00,,2025-12-02 04:58:39.886086063+00:00,1900,,,-186,2025-12-01
1759853,24:02:13,2452,46,7.3206,21337,1,123 James - East Syracuse - Walmart,268631,James St & Highland Ave,Sy 20,2025-12-02 05:02:13+00:00,,2025-12-02 04:58:46.337404405+00:00,1900,,,-206,2025-12-01
1759853,24:02:45,2461,47,7.4328,21337,1,123 James - East Syracuse - Walmart,268631,James St & East Ave,Sy 20,2025-12-02 05:02:45+00:00,,2025-12-02 04:58:54.021458737+00:00,1900,,,-230,2025-12-01
1759853,24:03:18,2464,48,7.5493,21337,1,123 James - East Syracuse - Walmart,268631,James St & Kinne St,Sy 20,2025-12-02 05:03:18+00:00,2025-12-02 04:59:02+00:00,2025-12-02 04:59:02+00:00,1900,43.0701847076416,-76.07770156860352,-256,2025-12-01
1759853,24:04:18,8146,49,7.7586,21337,1,123 James - East Syracuse - Walmart,268631,Kinne St & Midland St,Sy 20,2025-12-02 05:04:18+00:00,,2025-12-02 04:59:32.513219668+00:00,1900,,,-285,2025-12-01
1759853,24:05:14,8147,50,7.9540,21337,1,123 James - East Syracuse - Walmart,268631,Kinne St & W Yates St,Sy 20,2025-12-02 05:05:14+00:00,2025-12-02 05:00:01+00:00,2025-12-02 05:00:01+00:00,1900,43.06627023042138,-76.07669682289237,-313,2025-12-01
1759853,24:05:42,8148,51,8.0501,21337,1,123 James - East Syracuse - Walmart,268631,Kinne St & W Ellis St,Sy 20,2025-12-02 05:05:42+00:00,,2025-12-02 05:00:12.099133782+00:00,1900,,,-329,2025-12-01
1759853,24:06:15,7237,52,8.1659,21337,1,123 James - East Syracuse - Walmart,268631,Kinne St & W Manlius St,Sy 20,2025-12-02 05:06:15+00:00,,2025-12-02 05:00:25.473532242+00:00,1900,,,-349,2025-12-01
1759853,24:06:49,7232,53,8.2861,21337,1,123 James - East Syracuse - Walmart,268631,W Manlius St & Charles St,Sy 20,2025-12-02 05:06:49+00:00,,2025-12-02 05:00:39.356111645+00:00,1900,,,-369,2025-12-01
1759853,24:07:28,7267,54,8.4213,21337,1,123 James - East Syracuse - Walmart,268631,W Manlius St & Division St,Sy 20,2025-12-02 05:07:28+00:00,,2025-12-02 05:00:54.971126082+00:00,1900,,,-393,2025-12-01
1759853,24:07:43,7274,55,8.4735,21337,1,123 James - East Syracuse - Walmart,268631,W Manlius St & Silver St,Sy 20,2025-12-02 05:07:43+00:00,2025-12-02 05:01:01+00:00,2025-12-02 05:01:01+00:00,1900,43.0640983581543,-76.07308104942585,-402,2025-12-01
1759853,24:08:13,7282,56,8.5777,21337,1,123 James - East Syracuse - Walmart,268631,W Manlius St & Ball St,Sy 20,2025-12-02 05:08:13+00:00,,2025-12-02 05:01:12.473664892+00:00,1900,,,-420,2025-12-01
1759853,24:08:38,2523,57,8.6649,21337,1,123 James - East Syracuse - Walmart,268631,W Manlius St & N Center St,Sy 20,2025-12-02 05:08:38+00:00,,2025-12-02 05:01:22.075426683+00:00,1900,,,-435,2025-12-01
1759853,24:10:20,4281,58,9.0184,21337,1,123 James - East Syracuse - Walmart,268631,Bridge St & E 2nd St,Sy 20,2025-12-02 05:10:20+00:00,2025-12-02 05:02:01+00:00,2025-12-02 05:02:01+00:00,1900,43.06208444148936,-76.06759513692653,-499,2025-12-01
1759853,24:11:46,8169,59,9.3153,21337,1,123 James - East Syracuse - Walmart,268631,Chevy Dr & Bridge St,Sy 20,2025-12-02 05:11:46+00:00,2025-12-02 05:03:01+00:00,2025-12-02 05:03:01+00:00,1900,43.06108093261719,-76.06490431160762,-525,2025-12-01
1759853,24:15:00,7888,60,9.9479,21337,1,123 James - East Syracuse - Walmart,268631,Walmart - East Syracuse,Sy 20,2025-12-02 05:15:00+00:00,2025-12-02 05:04:02+00:00,2025-12-02 05:04:02+00:00,1900,43.0616409778595,-76.06081414222717,-658,2025-12-01
1759854,18:20:00,17651,1,,21337,1,123 James - East Syracuse - Walmart,268626,B12,Sy 20,2025-12-01 23:20:00+00:00,2025-12-01 23:24:01+00:00,2025-12-01 23:24:01+00:00,2236,43.044389879381335,-76.15223858807538,241,2025-12-01
1759854,18:21:05,102,2,0.4057,21337,1,123 James - East Syracuse - Walmart,268626,S Salina St & Jefferson St,Sy 20,2025-12-01 23:21:05+00:00,2025-12-01 23:25:02+00:00,2025-12-01 23:25:02+00:00,2236,43.04649418797986,-76.15225219726562,237,2025-12-01
1759854,18:21:55,17670,3,0.7147,21337,1,123 James - East Syracuse - Walmart,268626,S Salina St & Water St (mid-block),Sy 20,2025-12-01 23:21:55+00:00,2025-12-01 23:27:01+00:00,2025-12-01 23:27:01+00:00,2236,43.049826341516834,-76.15220642089844,306,2025-12-01
1759854,18:22:38,423,4,0.9848,21337,1,123 James - East Syracuse - Walmart,268626,James St & N Warren St,Sy 20,2025-12-01 23:22:38+00:00,2025-12-01 23:28:01+00:00,2025-12-01 23:28:01+00:00,2236,43.05094649826271,-76.15218165300894,323,2025-12-01
1759854,18:23:19,420,5,1.2412,21337,1,123 James - East Syracuse - Walmart,268626,James St & N State St,Sy 20,2025-12-01 23:23:19+00:00,2025-12-01 23:30:01+00:00,2025-12-01 23:30:01+00:00,2236,43.052543308423914,-76.14810147492781,402,2025-12-01
1759854,18:23:51,421,6,1.4442,21337,1,123 James - East Syracuse - Walmart,268626,James St & N Townsend St,Sy 20,2025-12-01 23:23:51+00:00,2025-12-01 23:31:01+00:00,2025-12-01 23:31:01+00:00,2236,43.05360624525282,-76.14597603126809,430,2025-12-01
1759854,18:24:14,442,7,1.5868,21337,1,123 James - East Syracuse - Walmart,268626,James St & N McBride St,Sy 20,2025-12-01 23:24:14+00:00,,2025-12-01 23:31:28.689320388+00:00,2236,,,434,2025-12-01
1759854,18:24:40,432,8,1.7532,21337,1,123 James - East Syracuse - Walmart,268626,James St & Catherine St,Sy 20,2025-12-01 23:24:40+00:00,2025-12-01 23:32:01+00:00,2025-12-01 23:32:01+00:00,2236,43.05515020864981,-76.14282706931785,441,2025-12-01
1759854,18:25:18,14776,9,1.9920,21337,1,123 James - East Syracuse - Walmart,268626,James St & Lodi St,Sy 20,2025-12-01 23:25:18+00:00,,2025-12-01 23:32:33.475067996+00:00,2236,,,435,2025-12-01
1759854,18:25:50,446,10,2.1944,21337,1,123 James - East Syracuse - Walmart,268626,James St & Highland St,Sy 20,2025-12-01 23:25:50+00:00,2025-12-01 23:33:01+00:00,2025-12-01 23:33:01+00:00,2236,43.057350158691406,-76.13834838867187,431,2025-12-01
1759854,18:26:18,5088,11,2.3722,21337,1,123 James - East Syracuse - Walmart,268626,960 James St,Sy 20,2025-12-01 23:26:18+00:00,2025-12-01 23:34:01+00:00,2025-12-01 23:34:01+00:00,2236,43.05823539733887,-76.13652389526368,463,2025-12-01
1759854,18:27:00,444,12,2.5905,21337,1,123 James - East Syracuse - Walmart,268626,James St & Oak St,Sy 20,2025-12-01 23:27:00+00:00,,2025-12-01 23:34:31.467550593+00:00,2236,,,451,2025-12-01
1759854,18:27:36,2120,13,2.8021,21337,1,123 James - East Syracuse - Walmart,268626,James St & WSYR,Sy 20,2025-12-01 23:27:36+00:00,2025-12-01 23:35:01+00:00,2025-12-01 23:35:01+00:00,2236,43.06010377407074,-76.13273286819458,445,2025-12-01
1759854,18:27:50,450,14,2.8895,21337,1,123 James - East Syracuse - Walmart,268626,James St & Dewitt St,Sy 20,2025-12-01 23:27:50+00:00,,2025-12-01 23:35:09.783919597+00:00,2236,,,439,2025-12-01
1759854,18:28:06,453,15,2.9863,21337,1,123 James - East Syracuse - Walmart,268626,James St & Sedgwick Dr,Sy 20,2025-12-01 23:28:06+00:00,,2025-12-01 23:35:19.512562814+00:00,2236,,,433,2025-12-01
1759854,18:28:44,459,16,3.2103,21337,1,123 James - East Syracuse - Walmart,268626,James St & Vine St,Sy 20,2025-12-01 23:28:44+00:00,,2025-12-01 23:35:42.025125628+00:00,2236,,,418,2025-12-01
1759854,18:29:16,464,17,3.3991,21337,1,123 James - East Syracuse - Walmart,268626,James St & Wilson St,Sy 20,2025-12-01 23:29:16+00:00,2025-12-01 23:36:01+00:00,2025-12-01 23:36:01+00:00,2236,43.063382148742676,-76.12603569030762,405,2025-12-01
1759854,18:29:56,469,18,3.6374,21337,1,123 James - East Syracuse - Walmart,268626,James St & Hampton Rd,Sy 20,2025-12-01 23:29:56+00:00,,2025-12-01 23:36:39.811074918+00:00,2236,,,403,2025-12-01
1759854,18:30:18,10678,19,3.7675,21337,1,123 James - East Syracuse - Walmart,268626,James St & Teall Ave,Sy 20,2025-12-01 23:30:18+00:00,2025-12-01 23:37:01+00:00,2025-12-01 23:37:01+00:00,2236,43.0652588875063,-76.12220591883505,403,2025-12-01
1759854,18:30:53,479,20,3.9788,21337,1,123 James - East Syracuse - Walmart,268626,James St & Rugby Rd,Sy 20,2025-12-01 23:30:53+00:00,,2025-12-01 23:37:22.642198702+00:00,2236,,,389,2025-12-01
1759854,18:31:13,481,21,4.0984,21337,1,123 James - East Syracuse - Walmart,268626,James St & Cook Ave,Sy 20,2025-12-01 23:31:13+00:00,,2025-12-01 23:37:34.892113349+00:00,2236,,,381,2025-12-01
1759854,18:31:29,487,22,4.1927,21337,1,123 James - East Syracuse - Walmart,268626,James St & Hastings Pl,Sy 20,2025-12-01 23:31:29+00:00,,2025-12-01 23:37:44.550699897+00:00,2236,,,375,2025-12-01
1759854,18:31:44,491,23,4.2856,21337,1,123 James - East Syracuse - Walmart,268626,James St & Clifton Pl,Sy 20,2025-12-01 23:31:44+00:00,,2025-12-01 23:37:54.065892796+00:00,2236,,,370,2025-12-01
1759854,18:32:00,1759,24,4.3533,21337,1,123 James - East Syracuse - Walmart,268626,James St & Shotwell Pk,Sy 20,2025-12-01 23:32:00+00:00,2025-12-01 23:38:01+00:00,2025-12-01 23:38:01+00:00,2236,43.0683399668911,-76.1156404729475,361,2025-12-01
1759854,18:32:31,506,25,4.5363,21337,1,123 James - East Syracuse - Walmart,268626,James St & Hickok Ave,Sy 20,2025-12-01 23:32:31+00:00,,2025-12-01 23:38:27.682867557+00:00,2236,,,356,2025-12-01
1759854,18:32:50,507,26,4.6515,21337,1,123 James - East Syracuse - Walmart,268626,James St & Stafford Ave,Sy 20,2025-12-01 23:32:50+00:00,,2025-12-01 23:38:44.479951397+00:00,2236,,,354,2025-12-01
1759854,18:33:09,515,27,4.7648,21337,1,123 James - East Syracuse - Walmart,268626,James St & Forest Hill Dr,Sy 20,2025-12-01 23:33:09+00:00,2025-12-01 23:39:01+00:00,2025-12-01 23:39:01+00:00,2236,43.068545842574814,-76.11208964202363,352,2025-12-01
1759854,18:33:26,523,28,4.8640,21337,1,123 James - East Syracuse - Walmart,268626,James St & Woodbine Ave,Sy 20,2025-12-01 23:33:26+00:00,,2025-12-01 23:39:20.470068694+00:00,2236,,,354,2025-12-01
1759854,18:33:43,522,29,4.9633,21337,1,123 James - East Syracuse - Walmart,268626,James St & Hillsdale Ave,Sy 20,2025-12-01 23:33:43+00:00,,2025-12-01 23:39:39.959764474+00:00,2236,,,356,2025-12-01
1759854,18:34:01,532,30,5.0705,21337,1,123 James - East Syracuse - Walmart,268626,James St & S Collingwood Ave,Sy 20,2025-12-01 23:34:01+00:00,2025-12-01 23:40:01+00:00,2025-12-01 23:40:01+00:00,2236,43.06873304452469,-76.10821146039821,360,2025-12-01
1759854,18:34:17,533,31,5.1667,21337,1,123 James - East Syracuse - Walmart,268626,James St & S Edwards Ave,Sy 20,2025-12-01 23:34:17+00:00,,2025-12-01 23:40:32.977839335+00:00,2236,,,375,2025-12-01
1759854,18:34:31,541,32,5.2510,21337,1,123 James - East Syracuse - Walmart,268626,James St & S Midler Ave,Sy 20,2025-12-01 23:34:31+00:00,2025-12-01 23:41:01+00:00,2025-12-01 23:41:01+00:00,2236,43.06889504901434,-76.1052996102026,390,2025-12-01
1759854,18:34:50,547,33,5.3662,21337,1,123 James - East Syracuse - Walmart,268626,James St & Nichols Ave,Sy 20,2025-12-01 23:34:50+00:00,,2025-12-01 23:41:21.775473399+00:00,2236,,,391,2025-12-01
1759854,18:35:07,552,34,5.4654,21337,1,123 James - East Syracuse - Walmart,268626,James St & Homecroft Rd,Sy 20,2025-12-01 23:35:07+00:00,,2025-12-01 23:41:39.665464382+00:00,2236,,,392,2025-12-01
1759854,18:35:27,567,35,5.5837,21337,1,123 James - East Syracuse - Walmart,268626,James St & Mosley Dr,Sy 20,2025-12-01 23:35:27+00:00,2025-12-01 23:42:01+00:00,2025-12-01 23:42:01+00:00,2236,43.06906333802238,-76.1018801492358,394,2025-12-01
1759854,18:35:43,558,36,5.6769,21337,1,123 James - East Syracuse - Walmart,268626,James St & Plymouth Dr,Sy 20,2025-12-01 23:35:43+00:00,,2025-12-01 23:42:31.490730643+00:00,2236,,,408,2025-12-01
1759854,18:35:58,562,37,5.7671,21337,1,123 James - East Syracuse - Walmart,268626,James St & W Milford Dr,Sy 20,2025-12-01 23:35:58+00:00,2025-12-01 23:43:01+00:00,2025-12-01 23:43:01+00:00,2236,43.06919860839844,-76.09904913468795,423,2025-12-01
1759854,18:36:36,578,38,5.9936,21337,1,123 James - East Syracuse - Walmart,268626,James St & E Milford Dr,Sy 20,2025-12-01 23:36:36+00:00,2025-12-01 23:44:01+00:00,2025-12-01 23:44:01+00:00,2236,43.06932779947917,-76.0961405436198,445,2025-12-01
1759854,18:37:05,575,39,6.1661,21337,1,123 James - East Syracuse - Walmart,268626,James St & Ridgewood Dr,Sy 20,2025-12-01 23:37:05+00:00,,2025-12-01 23:44:23.898230088+00:00,2236,,,438,2025-12-01
1759854,18:38:00,7471,40,6.4456,21337,1,123 James - East Syracuse - Walmart,268626,James St & Thompson Rd,Sy 20,2025-12-01 23:38:00+00:00,2025-12-01 23:45:01+00:00,2025-12-01 23:45:01+00:00,2236,43.06947708129883,-76.091554914202,421,2025-12-01
1759854,18:39:06,2547,41,6.6732,21337,1,123 James - East Syracuse - Walmart,268626,James St & Wegman's Plaza,Sy 20,2025-12-01 23:39:06+00:00,2025-12-01 23:46:01+00:00,2025-12-01 23:46:01+00:00,2236,43.06967709859212,-76.08809623718261,415,2025-12-01
1759854,18:40:25,2432,42,6.9448,21337,1,123 James - East Syracuse - Walmart,268626,James St & Worth St,Sy 20,2025-12-01 23:40:25+00:00,,2025-12-01 23:46:19.600616367+00:00,2236,,,354,2025-12-01
1759854,18:40:55,2440,43,7.0480,21337,1,123 James - East Syracuse - Walmart,268626,James St & Schoeder St,Sy 20,2025-12-01 23:40:55+00:00,,2025-12-01 23:46:26.668302705+00:00,2236,,,331,2025-12-01
1759854,18:41:20,2444,44,7.1352,21337,1,123 James - East Syracuse - Walmart,268626,James St & Allen St,Sy 20,2025-12-01 23:41:20+00:00,,2025-12-01 23:46:32.640223718+00:00,2236,,,312,2025-12-01
1759854,18:41:46,2448,45,7.2264,21337,1,123 James - East Syracuse - Walmart,268626,James St & West Ave,Sy 20,2025-12-01 23:41:46+00:00,,2025-12-01 23:46:38.886086063+00:00,2236,,,292,2025-12-01
1759854,18:42:13,2452,46,7.3206,21337,1,123 James - East Syracuse - Walmart,268626,James St & Highland Ave,Sy 20,2025-12-01 23:42:13+00:00,,2025-12-01 23:46:45.337404405+00:00,2236,,,272,2025-12-01
1759854,18:42:45,2461,47,7.4328,21337,1,123 James - East Syracuse - Walmart,268626,James St & East Ave,Sy 20,2025-12-01 23:42:45+00:00,,2025-12-01 23:46:53.021458737+00:00,2236,,,248,2025-12-01
1759854,18:43:18,2464,48,7.5493,21337,1,123 James - East Syracuse - Walmart,268626,James St & Kinne St,Sy 20,2025-12-01 23:43:18+00:00,2025-12-01 23:47:01+00:00,2025-12-01 23:47:01+00:00,2236,43.07018642425537,-76.07766838073731,223,2025-12-01
1759854,18:44:18,8146,49,7.7586,21337,1,123 James - East Syracuse - Walmart,268626,Kinne St & Midland St,Sy 20,2025-12-01 23:44:18+00:00,,2025-12-01 23:47:26.075878594+00:00,2236,,,188,2025-12-01
1759854,18:45:14,8147,50,7.9540,21337,1,123 James - East Syracuse - Walmart,268626,Kinne St & W Yates St,Sy 20,2025-12-01 23:45:14+00:00,,2025-12-01 23:47:49.486421725+00:00,2236,,,155,2025-12-01
1759854,18:45:42,8148,51,8.0501,21337,1,123 James - East Syracuse - Walmart,268626,Kinne St & W Ellis St,Sy 20,2025-12-01 23:45:42+00:00,2025-12-01 23:48:01+00:00,2025-12-01 23:48:01+00:00,2236,43.0657231514914,-76.07665346379866,139,2025-12-01
1759854,18:46:15,7237,52,8.1659,21337,1,123 James - East Syracuse - Walmart,268626,Kinne St & W Manlius St,Sy 20,2025-12-01 23:46:15+00:00,,2025-12-01 23:48:17.683514407+00:00,2236,,,122,2025-12-01
1759854,18:46:49,7232,53,8.2861,21337,1,123 James - East Syracuse - Walmart,268626,W Manlius St & Charles St,Sy 20,2025-12-01 23:46:49+00:00,,2025-12-01 23:48:35.000944733+00:00,2236,,,106,2025-12-01
1759854,18:47:28,7267,54,8.4213,21337,1,123 James - East Syracuse - Walmart,268626,W Manlius St & Division St,Sy 20,2025-12-01 23:47:28+00:00,,2025-12-01 23:48:54.479452054+00:00,2236,,,86,2025-12-01
1759854,18:47:43,7274,55,8.4735,21337,1,123 James - East Syracuse - Walmart,268626,W Manlius St & Silver St,Sy 20,2025-12-01 23:47:43+00:00,2025-12-01 23:49:02+00:00,2025-12-01 23:49:02+00:00,2236,43.0640983581543,-76.07307776089372,79,2025-12-01
1759854,18:48:13,7282,56,8.5777,21337,1,123 James - East Syracuse - Walmart,268626,W Manlius St & Ball St,Sy 20,2025-12-01 23:48:13+00:00,,2025-12-01 23:49:13.473664892+00:00,2236,,,60,2025-12-01
1759854,18:48:38,2523,57,8.6649,21337,1,123 James - East Syracuse - Walmart,268626,W Manlius St & N Center St,Sy 20,2025-12-01 23:48:38+00:00,,2025-12-01 23:49:23.075426683+00:00,2236,,,45,2025-12-01
1759854,18:50:20,4281,58,9.0184,21337,1,123 James - East Syracuse - Walmart,268626,Bridge St & E 2nd St,Sy 20,2025-12-01 23:50:20+00:00,2025-12-01 23:50:02+00:00,2025-12-01 23:50:02+00:00,2236,43.06257068409639,-76.06805801391602,-18,2025-12-01
1759854,18:51:46,8169,59,9.3153,21337,1,123 James - East Syracuse - Walmart,268626,Chevy Dr & Bridge St,Sy 20,2025-12-01 23:51:46+00:00,,2025-12-01 23:50:40.330285099+00:00,2236,,,-65,2025-12-01
1759854,18:55:00,7888,60,9.9479,21337,1,123 James - East Syracuse - Walmart,268626,Walmart - East Syracuse,Sy 20,2025-12-01 23:55:00+00:00,2025-12-01 23:52:02+00:00,2025-12-01 23:52:02+00:00,2236,43.062633213243984,-76.06136562949733,-178,2025-12-01
1759855,14:50:00,17651,1,,21337,1,20 James - Lamson,268630,B12,Sy 20,2025-12-01 19:50:00+00:00,2025-12-01 19:51:02+00:00,2025-12-01 19:51:02+00:00,2435,43.043967946370444,-76.15207214355469,62,2025-12-01
1759855,14:51:05,102,2,0.4057,21337,1,20 James - Lamson,268630,S Salina St & Jefferson St,Sy 20,2025-12-01 19:51:05+00:00,2025-12-01 19:52:01+00:00,2025-12-01 19:52:01+00:00,2435,43.04650267239275,-76.15225219726562,56,2025-12-01
1759855,14:51:55,17670,3,0.7147,21337,1,20 James - Lamson,268630,S Salina St & Water St (mid-block),Sy 20,2025-12-01 19:51:55+00:00,2025-12-01 19:55:01+00:00,2025-12-01 19:55:01+00:00,2435,43.04942103794643,-76.15221350533622,186,2025-12-01
1759855,14:52:38,423,4,0.9848,21337,1,20 James - Lamson,268630,James St & N Warren St,Sy 20,2025-12-01 19:52:38+00:00,,2025-12-01 19:56:02.561253561+00:00,2435,,,204,2025-12-01
1759855,14:53:19,420,5,1.2412,21337,1,20 James - Lamson,268630,James St & N State St,Sy 20,2025-12-01 19:53:19+00:00,2025-12-01 19:57:01+00:00,2025-12-01 19:57:01+00:00,2435,43.052548615828805,-76.14809152354364,222,2025-12-01
1759855,14:53:51,421,6,1.4442,21337,1,20 James - Lamson,268630,James St & N Townsend St,Sy 20,2025-12-01 19:53:51+00:00,,2025-12-01 19:57:24.789062499+00:00,2435,,,213,2025-12-01
1759855,14:54:14,442,7,1.5868,21337,1,20 James - Lamson,268630,James St & N McBride St,Sy 20,2025-12-01 19:54:14+00:00,,2025-12-01 19:57:41.499999999+00:00,2435,,,207,2025-12-01
1759855,14:54:40,432,8,1.7532,21337,1,20 James - Lamson,268630,James St & Catherine St,Sy 20,2025-12-01 19:54:40+00:00,2025-12-01 19:58:01+00:00,2025-12-01 19:58:01+00:00,2435,43.05498788711873,-76.14315373846826,201,2025-12-01
1759855,14:55:18,14776,9,1.9920,21337,1,20 James - Lamson,268630,James St & Lodi St,Sy 20,2025-12-01 19:55:18+00:00,2025-12-01 19:59:00+00:00,2025-12-01 19:59:00+00:00,2435,43.056258307562935,-76.1405263264974,222,2025-12-01
1759855,14:55:50,446,10,2.1944,21337,1,20 James - Lamson,268630,James St & Highland St,Sy 20,2025-12-01 19:55:50+00:00,,2025-12-01 20:00:21.636545961+00:00,2435,,,271,2025-12-01
1759855,14:56:18,5088,11,2.3722,21337,1,20 James - Lamson,268630,960 James St,Sy 20,2025-12-01 19:56:18+00:00,,2025-12-01 20:01:33.350863509+00:00,2435,,,315,2025-12-01
1759855,14:57:00,444,12,2.5905,21337,1,20 James - Lamson,268630,James St & Oak St,Sy 20,2025-12-01 19:57:00+00:00,,2025-12-01 20:03:01.400557103+00:00,2435,,,361,2025-12-01
1759855,14:57:36,2120,13,2.8021,21337,1,20 James - Lamson,268630,James St & WSYR,Sy 20,2025-12-01 19:57:36+00:00,,2025-12-01 20:04:26.747855153+00:00,2435,,,410,2025-12-01
1759855,14:57:50,450,14,2.8895,21337,1,20 James - Lamson,268630,James St & Dewitt St,Sy 20,2025-12-01 19:57:50+00:00,2025-12-01 20:05:02+00:00,2025-12-01 20:05:02+00:00,2435,43.06095991463497,-76.13097934065193,432,2025-12-01
1759855,14:58:06,453,15,2.9863,21337,1,20 James - Lamson,268630,James St & Sedgwick Dr,Sy 20,2025-12-01 19:58:06+00:00,,2025-12-01 20:05:09.636315015+00:00,2435,,,423,2025-12-01
1759855,14:58:44,459,16,3.2103,21337,1,20 James - Lamson,268630,James St & Vine St,Sy 20,2025-12-01 19:58:44+00:00,,2025-12-01 20:05:27.307126621+00:00,2435,,,403,2025-12-01
1759855,14:59:16,464,17,3.3991,21337,1,20 James - Lamson,268630,James St & Wilson St,Sy 20,2025-12-01 19:59:16+00:00,,2025-12-01 20:05:42.201096403+00:00,2435,,,386,2025-12-01
1759855,14:59:56,469,18,3.6374,21337,1,20 James - Lamson,268630,James St & Hampton Rd,Sy 20,2025-12-01 19:59:56+00:00,2025-12-01 20:06:01+00:00,2025-12-01 20:06:01+00:00,2435,43.06427414186539,-76.12421048072076,365,2025-12-01
1759855,15:00:18,10678,19,3.7675,21337,1,20 James - Lamson,268630,James St & Teall Ave,Sy 20,2025-12-01 20:00:18+00:00,,2025-12-01 20:06:17.932754880+00:00,2435,,,359,2025-12-01
1759855,15:00:53,479,20,3.9788,21337,1,20 James - Lamson,268630,James St & Rugby Rd,Sy 20,2025-12-01 20:00:53+00:00,,2025-12-01 20:06:45.433839479+00:00,2435,,,352,2025-12-01
1759855,15:01:13,481,21,4.0984,21337,1,20 James - Lamson,268630,James St & Cook Ave,Sy 20,2025-12-01 20:01:13+00:00,2025-12-01 20:07:01+00:00,2025-12-01 20:07:01+00:00,2435,43.06658363342285,-76.11949920654297,348,2025-12-01
1759855,15:01:29,487,22,4.1927,21337,1,20 James - Lamson,268630,James St & Hastings Pl,Sy 20,2025-12-01 20:01:29+00:00,,2025-12-01 20:07:13.920758163+00:00,2435,,,344,2025-12-01
1759855,15:01:44,491,23,4.2856,21337,1,20 James - Lamson,268630,James St & Clifton Pl,Sy 20,2025-12-01 20:01:44+00:00,,2025-12-01 20:07:26.649691710+00:00,2435,,,342,2025-12-01
1759855,15:02:00,1759,24,4.3533,21337,1,20 James - Lamson,268630,James St & Shotwell Pk,Sy 20,2025-12-01 20:02:00+00:00,,2025-12-01 20:07:35.925782142+00:00,2435,,,335,2025-12-01
1759855,15:02:27,506,25,4.5363,21337,1,20 James - Lamson,268630,James St & Hickok Ave,Sy 20,2025-12-01 20:02:27+00:00,2025-12-01 20:08:01+00:00,2025-12-01 20:08:01+00:00,2435,43.0684232711792,-76.11462593078613,334,2025-12-01
1759855,15:02:44,507,26,4.6515,21337,1,20 James - Lamson,268630,James St & Stafford Ave,Sy 20,2025-12-01 20:02:44+00:00,,2025-12-01 20:08:22.092462618+00:00,2435,,,338,2025-12-01
1759855,15:03:00,515,27,4.7648,21337,1,20 James - Lamson,268630,James St & Forest Hill Dr,Sy 20,2025-12-01 20:03:00+00:00,,2025-12-01 20:08:42.837046078+00:00,2435,,,342,2025-12-01
1759855,15:03:14,523,28,4.8640,21337,1,20 James - Lamson,268630,James St & Woodbine Ave,Sy 20,2025-12-01 20:03:14+00:00,2025-12-01 20:09:01+00:00,2025-12-01 20:09:01+00:00,2435,43.0686184630102,-76.11070235894651,347,2025-12-01
1759855,15:03:28,522,29,4.9633,21337,1,20 James - Lamson,268630,James St & Hillsdale Ave,Sy 20,2025-12-01 20:03:28+00:00,,2025-12-01 20:09:29.852300242+00:00,2435,,,361,2025-12-01
1759855,15:03:43,532,30,5.0705,21337,1,20 James - Lamson,268630,James St & S Collingwood Ave,Sy 20,2025-12-01 20:03:43+00:00,2025-12-01 20:10:01+00:00,2025-12-01 20:10:01+00:00,2435,43.06873287371735,-76.10821521815969,378,2025-12-01
1759855,15:03:57,533,31,5.1667,21337,1,20 James - Lamson,268630,James St & S Edwards Ave,Sy 20,2025-12-01 20:03:57+00:00,2025-12-01 20:11:01+00:00,2025-12-01 20:11:01+00:00,2435,43.068851470947266,-76.10648498535156,424,2025-12-01
1759855,15:04:09,541,32,5.2510,21337,1,20 James - Lamson,268630,James St & S Midler Ave,Sy 20,2025-12-01 20:04:09+00:00,2025-12-01 20:12:01+00:00,2025-12-01 20:12:01+00:00,2435,43.06889582488496,-76.10529288599047,472,2025-12-01
1759855,15:04:26,547,33,5.3662,21337,1,20 James - Lamson,268630,James St & Nichols Ave,Sy 20,2025-12-01 20:04:26+00:00,,2025-12-01 20:12:21.775473399+00:00,2435,,,475,2025-12-01
1759855,15:04:40,552,34,5.4654,21337,1,20 James - Lamson,268630,James St & Homecroft Rd,Sy 20,2025-12-01 20:04:40+00:00,,2025-12-01 20:12:39.665464382+00:00,2435,,,479,2025-12-01
1759855,15:04:57,567,35,5.5837,21337,1,20 James - Lamson,268630,James St & Mosley Dr,Sy 20,2025-12-01 20:04:57+00:00,2025-12-01 20:13:01+00:00,2025-12-01 20:13:01+00:00,2435,43.06906212700738,-76.10191769070096,484,2025-12-01
1759855,15:05:10,558,36,5.6769,21337,1,20 James - Lamson,268630,James St & Plymouth Dr,Sy 20,2025-12-01 20:05:10+00:00,,2025-12-01 20:13:31.490730643+00:00,2435,,,501,2025-12-01
1759855,15:05:23,562,37,5.7671,21337,1,20 James - Lamson,268630,James St & W Milford Dr,Sy 20,2025-12-01 20:05:23+00:00,2025-12-01 20:14:01+00:00,2025-12-01 20:14:01+00:00,2435,43.06920146942139,-76.09885787963867,518,2025-12-01
1759855,15:05:56,578,38,5.9936,21337,1,20 James - Lamson,268630,James St & E Milford Dr,Sy 20,2025-12-01 20:05:56+00:00,,2025-12-01 20:14:23.526106414+00:00,2435,,,507,2025-12-01
1759855,15:07:00,9538,39,6.3704,21337,1,20 James - Lamson,268630,Lepage Pl & Walter Dr,Sy 20,2025-12-01 20:07:00+00:00,2025-12-01 20:15:01+00:00,2025-12-01 20:15:01+00:00,2435,43.070955730619886,-76.09688773987786,481,2025-12-01
1759856,15:30:00,17651,1,,21337,1,20 James - Lamson,268630,B12,Sy 20,2025-12-01 20:30:00+00:00,,,,,,,2025-12-01
1759856,15:31:05,102,2,0.4057,21337,1,20 James - Lamson,268630,S Salina St & Jefferson St,Sy 20,2025-12-01 20:31:05+00:00,,,,,,,2025-12-01
1759856,15:31:55,17670,3,0.7147,21337,1,20 James - Lamson,268630,S Salina St & Water St (mid-block),Sy 20,2025-12-01 20:31:55+00:00,,,,,,,2025-12-01
1759856,15:32:38,423,4,0.9848,21337,1,20 James - Lamson,268630,James St & N Warren St,Sy 20,2025-12-01 20:32:38+00:00,,,,,,,2025-12-01
1759856,15:33:19,420,5,1.2412,21337,1,20 James - Lamson,268630,James St & N State St,Sy 20,2025-12-01 20:33:19+00:00,,,,,,,2025-12-01
1759856,15:33:51,421,6,1.4442,21337,1,20 James - Lamson,268630,James St & N Townsend St,Sy 20,2025-12-01 20:33:51+00:00,,,,,,,2025-12-01
1759856,15:34:14,442,7,1.5868,21337,1,20 James - Lamson,268630,James St & N McBride St,Sy 20,2025-12-01 20:34:14+00:00,,,,,,,2025-12-01
1759856,15:34:40,432,8,1.7532,21337,1,20 James - Lamson,268630,James St & Catherine St,Sy 20,2025-12-01 20:34:40+00:00,,,,,,,2025-12-01
1759856,15:35:18,14776,9,1.9920,21337,1,20 James - Lamson,268630,James St & Lodi St,Sy 20,2025-12-01 20:35:18+00:00,2025-12-01 20:29:02+00:00,2025-12-01 20:29:02+00:00,2435,43.056278228759766,-76.14059448242188,-376,2025-12-01
1759856,15:35:50,446,10,2.1944,21337,1,20 James - Lamson,268630,James St & Highland St,Sy 20,2025-12-01 20:35:50+00:00,,2025-12-01 20:30:54.287085165+00:00,2435,,,-295,2025-12-01
1759856,15:36:18,5088,11,2.3722,21337,1,20 James - Lamson,268630,960 James St,Sy 20,2025-12-01 20:36:18+00:00,,2025-12-01 20:32:32.926629348+00:00,2435,,,-225,2025-12-01
1759856,15:37:00,444,12,2.5905,21337,1,20 James - Lamson,268630,James St & Oak St,Sy 20,2025-12-01 20:37:00+00:00,,2025-12-01 20:34:34.034686125+00:00,2435,,,-145,2025-12-01
1759856,15:37:36,2120,13,2.8021,21337,1,20 James - Lamson,268630,James St & WSYR,Sy 20,2025-12-01 20:37:36+00:00,,2025-12-01 20:36:31.425729708+00:00,2435,,,-64,2025-12-01
1759856,15:37:50,450,14,2.8895,21337,1,20 James - Lamson,268630,James St & Dewitt St,Sy 20,2025-12-01 20:37:50+00:00,,2025-12-01 20:37:19.913334666+00:00,2435,,,-30,2025-12-01
1759856,15:38:06,453,15,2.9863,21337,1,20 James - Lamson,268630,James St & Sedgwick Dr,Sy 20,2025-12-01 20:38:06+00:00,,2025-12-01 20:38:13.615853658+00:00,2435,,,7,2025-12-01
1759856,15:38:44,459,16,3.2103,21337,1,20 James - Lamson,268630,James St & Vine St,Sy 20,2025-12-01 20:38:44+00:00,,2025-12-01 20:40:17.886145541+00:00,2435,,,93,2025-12-01
1759856,15:39:16,464,17,3.3991,21337,1,20 James - Lamson,268630,James St & Wilson St,Sy 20,2025-12-01 20:39:16+00:00,,2025-12-01 20:42:02.628248700+00:00,2435,,,166,2025-12-01
1759856,15:39:56,469,18,3.6374,21337,1,20 James - Lamson,268630,James St & Hampton Rd,Sy 20,2025-12-01 20:39:56+00:00,,2025-12-01 20:44:14.831867253+00:00,2435,,,258,2025-12-01
1759856,15:40:18,10678,19,3.7675,21337,1,20 James - Lamson,268630,James St & Teall Ave,Sy 20,2025-12-01 20:40:18+00:00,,2025-12-01 20:45:27.008496601+00:00,2435,,,309,2025-12-01
1759856,15:40:53,479,20,3.9788,21337,1,20 James - Lamson,268630,James St & Rugby Rd,Sy 20,2025-12-01 20:40:53+00:00,,2025-12-01 20:47:24.233106757+00:00,2435,,,391,2025-12-01
1759856,15:41:13,481,21,4.0984,21337,1,20 James - Lamson,268630,James St & Cook Ave,Sy 20,2025-12-01 20:41:13+00:00,,2025-12-01 20:48:30.584566173+00:00,2435,,,437,2025-12-01
1759856,15:41:29,487,22,4.1927,21337,1,20 James - Lamson,268630,James St & Hastings Pl,Sy 20,2025-12-01 20:41:29+00:00,,2025-12-01 20:49:22.900139944+00:00,2435,,,473,2025-12-01
1759856,15:41:44,491,23,4.2856,21337,1,20 James - Lamson,268630,James St & Clifton Pl,Sy 20,2025-12-01 20:41:44+00:00,,2025-12-01 20:50:14.439024390+00:00,2435,,,510,2025-12-01
1759856,15:42:00,1759,24,4.3533,21337,1,20 James - Lamson,268630,James St & Shotwell Pk,Sy 20,2025-12-01 20:42:00+00:00,,2025-12-01 20:50:51.997500999+00:00,2435,,,531,2025-12-01
1759856,15:42:27,506,25,4.5363,21337,1,20 James - Lamson,268630,James St & Hickok Ave,Sy 20,2025-12-01 20:42:27+00:00,,2025-12-01 20:52:33.521891243+00:00,2435,,,606,2025-12-01
1759856,15:42:44,507,26,4.6515,21337,1,20 James - Lamson,268630,James St & Stafford Ave,Sy 20,2025-12-01 20:42:44+00:00,,2025-12-01 20:53:37.432327069+00:00,2435,,,653,2025-12-01
1759856,15:43:00,515,27,4.7648,21337,1,20 James - Lamson,268630,James St & Forest Hill Dr,Sy 20,2025-12-01 20:43:00+00:00,,2025-12-01 20:54:40.288684526+00:00,2435,,,700,2025-12-01
1759856,15:43:14,523,28,4.8640,21337,1,20 James - Lamson,268630,James St & Woodbine Ave,Sy 20,2025-12-01 20:43:14+00:00,,2025-12-01 20:55:35.322670931+00:00,2435,,,741,2025-12-01
1759856,15:43:28,522,29,4.9633,21337,1,20 James - Lamson,268630,James St & Hillsdale Ave,Sy 20,2025-12-01 20:43:28+00:00,,2025-12-01 20:56:30.412135145+00:00,2435,,,782,2025-12-01
1759856,15:43:43,532,30,5.0705,21337,1,20 James - Lamson,268630,James St & S Collingwood Ave,Sy 20,2025-12-01 20:43:43+00:00,,2025-12-01 20:57:29.884346261+00:00,2435,,,826,2025-12-01
1759856,15:43:57,533,31,5.1667,21337,1,20 James - Lamson,268630,James St & S Edwards Ave,Sy 20,2025-12-01 20:43:57+00:00,,2025-12-01 20:58:23.253998400+00:00,2435,,,866,2025-12-01
1759856,15:44:09,541,32,5.2510,21337,1,20 James - Lamson,268630,James St & S Midler Ave,Sy 20,2025-12-01 20:44:09+00:00,,2025-12-01 20:59:10.021791283+00:00,2435,,,901,2025-12-01
1759856,15:44:26,547,33,5.3662,21337,1,20 James - Lamson,268630,James St & Nichols Ave,Sy 20,2025-12-01 20:44:26+00:00,,2025-12-01 21:00:13.932227109+00:00,2435,,,947,2025-12-01
1759856,15:44:40,552,34,5.4654,21337,1,20 James - Lamson,268630,James St & Homecroft Rd,Sy 20,2025-12-01 20:44:40+00:00,,2025-12-01 21:01:08.966213514+00:00,2435,,,988,2025-12-01
1759856,15:44:57,567,35,5.5837,21337,1,20 James - Lamson,268630,James St & Mosley Dr,Sy 20,2025-12-01 20:44:57+00:00,,2025-12-01 21:02:14.596461415+00:00,2435,,,1037,2025-12-01
1759856,15:45:10,558,36,5.6769,21337,1,20 James - Lamson,268630,James St & Plymouth Dr,Sy 20,2025-12-01 20:45:10+00:00,,2025-12-01 21:03:06.301779288+00:00,2435,,,1076,2025-12-01
1759856,15:45:23,562,37,5.7671,21337,1,20 James - Lamson,268630,James St & W Milford Dr,Sy 20,2025-12-01 20:45:23+00:00,,2025-12-01 21:03:56.342762894+00:00,2435,,,1113,2025-12-01
1759856,15:45:56,578,38,5.9936,21337,1,20 James - Lamson,268630,James St & E Milford Dr,Sy 20,2025-12-01 20:45:56+00:00,2025-12-01 21:06:02+00:00,2025-12-01 21:06:02+00:00,2435,43.0693284815008,-76.09612782796223,1206,2025-12-01
1759856,15:47:00,9538,39,6.3704,21337,1,20 James - Lamson,268630,Lepage Pl & Walter Dr,Sy 20,2025-12-01 20:47:00+00:00,,,,,,,2025-12-01
1759857,16:10:00,17651,1,,21337,1,20 James - Lamson,268630,B12,Sy 20,2025-12-01 21:10:00+00:00,,,,,,,2025-12-01
1759857,16:11:05,102,2,0.4057,21337,1,20 James - Lamson,268630,S Salina St & Jefferson St,Sy 20,2025-12-01 21:11:05+00:00,,,,,,,2025-12-01
1759857,16:11:55,17670,3,0.7147,21337,1,20 James - Lamson,268630,S Salina St & Water St (mid-block),Sy 20,2025-12-01 21:11:55+00:00,,,,,,,2025-12-01
1759857,16:12:38,423,4,0.9848,21337,1,20 James - Lamson,268630,James St & N Warren St,Sy 20,2025-12-01 21:12:38+00:00,,,,,,,2025-12-01
1759857,16:13:19,420,5,1.2412,21337,1,20 James - Lamson,268630,James St & N State St,Sy 20,2025-12-01 21:13:19+00:00,,,,,,,2025-12-01
1759857,16:13:51,421,6,1.4442,21337,1,20 James - Lamson,268630,James St & N Townsend St,Sy 20,2025-12-01 21:13:51+00:00,,,,,,,2025-12-01
1759857,16:14:14,442,7,1.5868,21337,1,20 James - Lamson,268630,James St & N McBride St,Sy 20,2025-12-01 21:14:14+00:00,,,,,,,2025-12-01
1759857,16:14:40,432,8,1.7532,21337,1,20 James - Lamson,268630,James St & Catherine St,Sy 20,2025-12-01 21:14:40+00:00,,,,,,,2025-12-01
1759857,16:15:18,14776,9,1.9920,21337,1,20 James - Lamson,268630,James St & Lodi St,Sy 20,2025-12-01 21:15:18+00:00,,,,,,,2025-12-01
1759857,16:15:50,446,10,2.1944,21337,1,20 James - Lamson,268630,James St & Highland St,Sy 20,2025-12-01 21:15:50+00:00,,,,,,,2025-12-01
1759857,16:16:18,5088,11,2.3722,21337,1,20 James - Lamson,268630,960 James St,Sy 20,2025-12-01 21:16:18+00:00,,,,,,,2025-12-01
1759857,16:17:00,444,12,2.5905,21337,1,20 James - Lamson,268630,James St & Oak St,Sy 20,2025-12-01 21:17:00+00:00,,,,,,,2025-12-01
1759857,16:17:36,2120,13,2.8021,21337,1,20 James - Lamson,268630,James St & WSYR,Sy 20,2025-12-01 21:17:36+00:00,,,,,,,2025-12-01
1759857,16:17:50,450,14,2.8895,21337,1,20 James - Lamson,268630,James St & Dewitt St,Sy 20,2025-12-01 21:17:50+00:00,,,,,,,2025-12-01
1759857,16:18:06,453,15,2.9863,21337,1,20 James - Lamson,268630,James St & Sedgwick Dr,Sy 20,2025-12-01 21:18:06+00:00,,,,,,,2025-12-01
1759857,16:18:44,459,16,3.2103,21337,1,20 James - Lamson,268630,James St & Vine St,Sy 20,2025-12-01 21:18:44+00:00,,,,,,,2025-12-01
1759857,16:19:16,464,17,3.3991,21337,1,20 James - Lamson,268630,James St & Wilson St,Sy 20,2025-12-01 21:19:16+00:00,,,,,,,2025-12-01
1759857,16:19:56,469,18,3.6374,21337,1,20 James - Lamson,268630,James St & Hampton Rd,Sy 20,2025-12-01 21:19:56+00:00,,,,,,,2025-12-01
1759857,16:20:18,10678,19,3.7675,21337,1,20 James - Lamson,268630,James St & Teall Ave,Sy 20,2025-12-01 21:20:18+00:00,,,,,,,2025-12-01
1759857,16:20:53,479,20,3.9788,21337,1,20 James - Lamson,268630,James St & Rugby Rd,Sy 20,2025-12-01 21:20:53+00:00,,,,,,,2025-12-01
1759857,16:21:13,481,21,4.0984,21337,1,20 James - Lamson,268630,James St & Cook Ave,Sy 20,2025-12-01 21:21:13+00:00,,,,,,,2025-12-01
1759857,16:21:29,487,22,4.1927,21337,1,20 James - Lamson,268630,James St & Hastings Pl,Sy 20,2025-12-01 21:21:29+00:00,,,,,,,2025-12-01
1759857,16:21:44,491,23,4.2856,21337,1,20 James - Lamson,268630,James St & Clifton Pl,Sy 20,2025-12-01 21:21:44+00:00,,,,,,,2025-12-01
1759857,16:22:00,1759,24,4.3533,21337,1,20 James - Lamson,268630,James St & Shotwell Pk,Sy 20,2025-12-01 21:22:00+00:00,,,,,,,2025-12-01
1759857,16:22:27,506,25,4.5363,21337,1,20 James - Lamson,268630,James St & Hickok Ave,Sy 20,2025-12-01 21:22:27+00:00,,,,,,,2025-12-01
1759857,16:22:44,507,26,4.6515,21337,1,20 James - Lamson,268630,James St & Stafford Ave,Sy 20,2025-12-01 21:22:44+00:00,,,,,,,2025-12-01
1759857,16:23:00,515,27,4.7648,21337,1,20 James - Lamson,268630,James St & Forest Hill Dr,Sy 20,2025-12-01 21:23:00+00:00,,,,,,,2025-12-01
1759857,16:23:14,523,28,4.8640,21337,1,20 James - Lamson,268630,James St & Woodbine Ave,Sy 20,2025-12-01 21:23:14+00:00,,,,,,,2025-12-01
1759857,16:23:28,522,29,4.9633,21337,1,20 James - Lamson,268630,James St & Hillsdale Ave,Sy 20,2025-12-01 21:23:28+00:00,,,,,,,2025-12-01
1759857,16:23:43,532,30,5.0705,21337,1,20 James - Lamson,268630,James St & S Collingwood Ave,Sy 20,2025-12-01 21:23:43+00:00,,,,,,,2025-12-01
1759857,16:23:57,533,31,5.1667,21337,1,20 James - Lamson,268630,James St & S Edwards Ave,Sy 20,2025-12-01 21:23:57+00:00,,,,,,,2025-12-01
1759857,16:24:09,541,32,5.2510,21337,1,20 James - Lamson,268630,James St & S Midler Ave,Sy 20,2025-12-01 21:24:09+00:00,,,,,,,2025-12-01
1759857,16:24:26,547,33,5.3662,21337,1,20 James - Lamson,268630,James St & Nichols Ave,Sy 20,2025-12-01 21:24:26+00:00,,,,,,,2025-12-01
1759857,16:24:40,552,34,5.4654,21337,1,20 James - Lamson,268630,James St & Homecroft Rd,Sy 20,2025-12-01 21:24:40+00:00,,,,,,,2025-12-01
1759857,16:24:57,567,35,5.5837,21337,1,20 James - Lamson,268630,James St & Mosley Dr,Sy 20,2025-12-01 21:24:57+00:00,,,,,,,2025-12-01
1759857,16:25:10,558,36,5.6769,21337,1,20 James - Lamson,268630,James St & Plymouth Dr,Sy 20,2025-12-01 21:25:10+00:00,,,,,,,2025-12-01
1759857,16:25:23,562,37,5.7671,21337,1,20 James - Lamson,268630,James St & W Milford Dr,Sy 20,2025-12-01 21:25:23+00:00,,,,,,,2025-12-01
1759857,16:25:56,578,38,5.9936,21337,1,20 James - Lamson,268630,James St & E Milford Dr,Sy 20,2025-12-01 21:25:56+00:00,,,,,,,2025-12-01
1759857,16:27:00,9538,39,6.3704,21337,1,20 James - Lamson,268630,Lepage Pl & Walter Dr,Sy 20,2025-12-01 21:27:00+00:00,,,,,,,2025-12-01
1759858,16:50:00,17651,1,,21337,1,20 James - Lamson,268630,B12,Sy 20,2025-12-01 21:50:00+00:00,,,,,,,2025-12-01
1759858,16:51:05,102,2,0.4057,21337,1,20 James - Lamson,268630,S Salina St & Jefferson St,Sy 20,2025-12-01 21:51:05+00:00,,,,,,,2025-12-01
1759858,16:51:55,17670,3,0.7147,21337,1,20 James - Lamson,268630,S Salina St & Water St (mid-block),Sy 20,2025-12-01 21:51:55+00:00,,,,,,,2025-12-01
1759858,16:52:38,423,4,0.9848,21337,1,20 James - Lamson,268630,James St & N Warren St,Sy 20,2025-12-01 21:52:38+00:00,,,,,,,2025-12-01
1759858,16:53:19,420,5,1.2412,21337,1,20 James - Lamson,268630,James St & N State St,Sy 20,2025-12-01 21:53:19+00:00,,,,,,,2025-12-01
1759858,16:53:51,421,6,1.4442,21337,1,20 James - Lamson,268630,James St & N Townsend St,Sy 20,2025-12-01 21:53:51+00:00,,,,,,,2025-12-01
1759858,16:54:14,442,7,1.5868,21337,1,20 James - Lamson,268630,James St & N McBride St,Sy 20,2025-12-01 21:54:14+00:00,,,,,,,2025-12-01
1759858,16:54:40,432,8,1.7532,21337,1,20 James - Lamson,268630,James St & Catherine St,Sy 20,2025-12-01 21:54:40+00:00,,,,,,,2025-12-01
1759858,16:55:18,14776,9,1.9920,21337,1,20 James - Lamson,268630,James St & Lodi St,Sy 20,2025-12-01 21:55:18+00:00,,,,,,,2025-12-01
1759858,16:55:50,446,10,2.1944,21337,1,20 James - Lamson,268630,James St & Highland St,Sy 20,2025-12-01 21:55:50+00:00,,,,,,,2025-12-01
1759858,16:56:18,5088,11,2.3722,21337,1,20 James - Lamson,268630,960 James St,Sy 20,2025-12-01 21:56:18+00:00,,,,,,,2025-12-01
1759858,16:57:00,444,12,2.5905,21337,1,20 James - Lamson,268630,James St & Oak St,Sy 20,2025-12-01 21:57:00+00:00,,,,,,,2025-12-01
1759858,16:57:36,2120,13,2.8021,21337,1,20 James - Lamson,268630,James St & WSYR,Sy 20,2025-12-01 21:57:36+00:00,,,,,,,2025-12-01
1759858,16:57:50,450,14,2.8895,21337,1,20 James - Lamson,268630,James St & Dewitt St,Sy 20,2025-12-01 21:57:50+00:00,,,,,,,2025-12-01
1759858,16:58:06,453,15,2.9863,21337,1,20 James - Lamson,268630,James St & Sedgwick Dr,Sy 20,2025-12-01 21:58:06+00:00,,,,,,,2025-12-01
1759858,16:58:44,459,16,3.2103,21337,1,20 James - Lamson,268630,James St & Vine St,Sy 20,2025-12-01 21:58:44+00:00,,,,,,,2025-12-01
1759858,16:59:16,464,17,3.3991,21337,1,20 James - Lamson,268630,James St & Wilson St,Sy 20,2025-12-01 21:59:16+00:00,,,,,,,2025-12-01
1759858,16:59:56,469,18,3.6374,21337,1,20 James - Lamson,268630,James St & Hampton Rd,Sy 20,2025-12-01 21:59:56+00:00,,,,,,,2025-12-01
1759858,17:00:18,10678,19,3.7675,21337,1,20 James - Lamson,268630,James St & Teall Ave,Sy 20,2025-12-01 22:00:18+00:00,,,,,,,2025-12-01
1759858,17:00:53,479,20,3.9788,21337,1,20 James - Lamson,268630,James St & Rugby Rd,Sy 20,2025-12-01 22:00:53+00:00,,,,,,,2025-12-01
1759858,17:01:13,481,21,4.0984,21337,1,20 James - Lamson,268630,James St & Cook Ave,Sy 20,2025-12-01 22:01:13+00:00,,,,,,,2025-12-01
1759858,17:01:29,487,22,4.1927,21337,1,20 James - Lamson,268630,James St & Hastings Pl,Sy 20,2025-12-01 22:01:29+00:00,,,,,,,2025-12-01
1759858,17:01:44,491,23,4.2856,21337,1,20 James - Lamson,268630,James St & Clifton Pl,Sy 20,2025-12-01 22:01:44+00:00,,,,,,,2025-12-01
1759858,17:02:00,1759,24,4.3533,21337,1,20 James - Lamson,268630,James St & Shotwell Pk,Sy 20,2025-12-01 22:02:00+00:00,,,,,,,2025-12-01
1759858,17:02:27,506,25,4.5363,21337,1,20 James - Lamson,268630,James St & Hickok Ave,Sy 20,2025-12-01 22:02:27+00:00,,,,,,,2025-12-01
1759858,17:02:44,507,26,4.6515,21337,1,20 James - Lamson,268630,James St & Stafford Ave,Sy 20,2025-12-01 22:02:44+00:00,,,,,,,2025-12-01
1759858,17:03:00,515,27,4.7648,21337,1,20 James - Lamson,268630,James St & Forest Hill Dr,Sy 20,2025-12-01 22:03:00+00:00,,,,,,,2025-12-01
1759858,17:03:14,523,28,4.8640,21337,1,20 James - Lamson,268630,James St & Woodbine Ave,Sy 20,2025-12-01 22:03:14+00:00,,,,,,,2025-12-01
1759858,17:03:28,522,29,4.9633,21337,1,20 James - Lamson,268630,James St & Hillsdale Ave,Sy 20,2025-12-01 22:03:28+00:00,,,,,,,2025-12-01
1759858,17:03:43,532,30,5.0705,21337,1,20 James - Lamson,268630,James St & S Collingwood Ave,Sy 20,2025-12-01 22:03:43+00:00,,,,,,,2025-12-01
1759858,17:03:57,533,31,5.1667,21337,1,20 James - Lamson,268630,James St & S Edwards Ave,Sy 20,2025-12-01 22:03:57+00:00,,,,,,,2025-12-01
1759858,17:04:09,541,32,5.2510,21337,1,20 James - Lamson,268630,James St & S Midler Ave,Sy 20,2025-12-01 22:04:09+00:00,,,,,,,2025-12-01
1759858,17:04:26,547,33,5.3662,21337,1,20 James - Lamson,268630,James St & Nichols Ave,Sy 20,2025-12-01 22:04:26+00:00,,,,,,,2025-12-01
1759858,17:04:40,552,34,5.4654,21337,1,20 James - Lamson,268630,James St & Homecroft Rd,Sy 20,2025-12-01 22:04:40+00:00,,,,,,,2025-12-01
1759858,17:04:57,567,35,5.5837,21337,1,20 James - Lamson,268630,James St & Mosley Dr,Sy 20,2025-12-01 22:04:57+00:00,,,,,,,2025-12-01
1759858,17:05:10,558,36,5.6769,21337,1,20 James - Lamson,268630,James St & Plymouth Dr,Sy 20,2025-12-01 22:05:10+00:00,,,,,,,2025-12-01
1759858,17:05:23,562,37,5.7671,21337,1,20 James - Lamson,268630,James St & W Milford Dr,Sy 20,2025-12-01 22:05:23+00:00,,,,,,,2025-12-01
1759858,17:05:56,578,38,5.9936,21337,1,20 James - Lamson,268630,James St & E Milford Dr,Sy 20,2025-12-01 22:05:56+00:00,,,,,,,2025-12-01
1759858,17:07:00,9538,39,6.3704,21337,1,20 James - Lamson,268630,Lepage Pl & Walter Dr,Sy 20,2025-12-01 22:07:00+00:00,,,,,,,2025-12-01
1759859,17:30:00,17651,1,,21337,1,20 James - Lamson,268630,B12,Sy 20,2025-12-01 22:30:00+00:00,,,,,,,2025-12-01
1759859,17:31:05,102,2,0.4057,21337,1,20 James - Lamson,268630,S Salina St & Jefferson St,Sy 20,2025-12-01 22:31:05+00:00,,,,,,,2025-12-01
1759859,17:31:55,17670,3,0.7147,21337,1,20 James - Lamson,268630,S Salina St & Water St (mid-block),Sy 20,2025-12-01 22:31:55+00:00,,,,,,,2025-12-01
1759859,17:32:38,423,4,0.9848,21337,1,20 James - Lamson,268630,James St & N Warren St,Sy 20,2025-12-01 22:32:38+00:00,,,,,,,2025-12-01
1759859,17:33:19,420,5,1.2412,21337,1,20 James - Lamson,268630,James St & N State St,Sy 20,2025-12-01 22:33:19+00:00,,,,,,,2025-12-01
1759859,17:33:51,421,6,1.4442,21337,1,20 James - Lamson,268630,James St & N Townsend St,Sy 20,2025-12-01 22:33:51+00:00,,,,,,,2025-12-01
1759859,17:34:14,442,7,1.5868,21337,1,20 James - Lamson,268630,James St & N McBride St,Sy 20,2025-12-01 22:34:14+00:00,,,,,,,2025-12-01
1759859,17:34:40,432,8,1.7532,21337,1,20 James - Lamson,268630,James St & Catherine St,Sy 20,2025-12-01 22:34:40+00:00,,,,,,,2025-12-01
1759859,17:35:18,14776,9,1.9920,21337,1,20 James - Lamson,268630,James St & Lodi St,Sy 20,2025-12-01 22:35:18+00:00,,,,,,,2025-12-01
1759859,17:35:50,446,10,2.1944,21337,1,20 James - Lamson,268630,James St & Highland St,Sy 20,2025-12-01 22:35:50+00:00,,,,,,,2025-12-01
1759859,17:36:18,5088,11,2.3722,21337,1,20 James - Lamson,268630,960 James St,Sy 20,2025-12-01 22:36:18+00:00,,,,,,,2025-12-01
1759859,17:37:00,444,12,2.5905,21337,1,20 James - Lamson,268630,James St & Oak St,Sy 20,2025-12-01 22:37:00+00:00,,,,,,,2025-12-01
1759859,17:37:36,2120,13,2.8021,21337,1,20 James - Lamson,268630,James St & WSYR,Sy 20,2025-12-01 22:37:36+00:00,,,,,,,2025-12-01
1759859,17:37:50,450,14,2.8895,21337,1,20 James - Lamson,268630,James St & Dewitt St,Sy 20,2025-12-01 22:37:50+00:00,,,,,,,2025-12-01
1759859,17:38:06,453,15,2.9863,21337,1,20 James - Lamson,268630,James St & Sedgwick Dr,Sy 20,2025-12-01 22:38:06+00:00,,,,,,,2025-12-01
1759859,17:38:44,459,16,3.2103,21337,1,20 James - Lamson,268630,James St & Vine St,Sy 20,2025-12-01 22:38:44+00:00,,,,,,,2025-12-01
1759859,17:39:16,464,17,3.3991,21337,1,20 James - Lamson,268630,James St & Wilson St,Sy 20,2025-12-01 22:39:16+00:00,,,,,,,2025-12-01
1759859,17:39:56,469,18,3.6374,21337,1,20 James - Lamson,268630,James St & Hampton Rd,Sy 20,2025-12-01 22:39:56+00:00,,,,,,,2025-12-01
1759859,17:40:18,10678,19,3.7675,21337,1,20 James - Lamson,268630,James St & Teall Ave,Sy 20,2025-12-01 22:40:18+00:00,,,,,,,2025-12-01
1759859,17:40:53,479,20,3.9788,21337,1,20 James - Lamson,268630,James St & Rugby Rd,Sy 20,2025-12-01 22:40:53+00:00,,,,,,,2025-12-01
1759859,17:41:13,481,21,4.0984,21337,1,20 James - Lamson,268630,James St & Cook Ave,Sy 20,2025-12-01 22:41:13+00:00,,,,,,,2025-12-01
1759859,17:41:29,487,22,4.1927,21337,1,20 James - Lamson,268630,James St & Hastings Pl,Sy 20,2025-12-01 22:41:29+00:00,,,,,,,2025-12-01
1759859,17:41:44,491,23,4.2856,21337,1,20 James - Lamson,268630,James St & Clifton Pl,Sy 20,2025-12-01 22:41:44+00:00,,,,,,,2025-12-01
1759859,17:42:00,1759,24,4.3533,21337,1,20 James - Lamson,268630,James St & Shotwell Pk,Sy 20,2025-12-01 22:42:00+00:00,,,,,,,2025-12-01
1759859,17:42:27,506,25,4.5363,21337,1,20 James - Lamson,268630,James St & Hickok Ave,Sy 20,2025-12-01 22:42:27+00:00,,,,,,,2025-12-01
1759859,17:42:44,507,26,4.6515,21337,1,20 James - Lamson,268630,James St & Stafford Ave,Sy 20,2025-12-01 22:42:44+00:00,,,,,,,2025-12-01
1759859,17:43:00,515,27,4.7648,21337,1,20 James - Lamson,268630,James St & Forest Hill Dr,Sy 20,2025-12-01 22:43:00+00:00,,,,,,,2025-12-01
1759859,17:43:14,523,28,4.8640,21337,1,20 James - Lamson,268630,James St & Woodbine Ave,Sy 20,2025-12-01 22:43:14+00:00,,,,,,,2025-12-01
1759859,17:43:28,522,29,4.9633,21337,1,20 James - Lamson,268630,James St & Hillsdale Ave,Sy 20,2025-12-01 22:43:28+00:00,,,,,,,2025-12-01
1759859,17:43:43,532,30,5.0705,21337,1,20 James - Lamson,268630,James St & S Collingwood Ave,Sy 20,2025-12-01 22:43:43+00:00,,,,,,,2025-12-01
1759859,17:43:57,533,31,5.1667,21337,1,20 James - Lamson,268630,James St & S Edwards Ave,Sy 20,2025-12-01 22:43:57+00:00,,,,,,,2025-12-01
1759859,17:44:09,541,32,5.2510,21337,1,20 James - Lamson,268630,James St & S Midler Ave,Sy 20,2025-12-01 22:44:09+00:00,,,,,,,2025-12-01
1759859,17:44:26,547,33,5.3662,21337,1,20 James - Lamson,268630,James St & Nichols Ave,Sy 20,2025-12-01 22:44:26+00:00,,,,,,,2025-12-01
1759859,17:44:40,552,34,5.4654,21337,1,20 James - Lamson,268630,James St & Homecroft Rd,Sy 20,2025-12-01 22:44:40+00:00,,,,,,,2025-12-01
1759859,17:44:57,567,35,5.5837,21337,1,20 James - Lamson,268630,James St & Mosley Dr,Sy 20,2025-12-01 22:44:57+00:00,,,,,,,2025-12-01
1759859,17:45:10,558,36,5.6769,21337,1,20 James - Lamson,268630,James St & Plymouth Dr,Sy 20,2025-12-01 22:45:10+00:00,,,,,,,2025-12-01
1759859,17:45:23,562,37,5.7671,21337,1,20 James - Lamson,268630,James St & W Milford Dr,Sy 20,2025-12-01 22:45:23+00:00,,,,,,,2025-12-01
1759859,17:45:56,578,38,5.9936,21337,1,20 James - Lamson,268630,James St & E Milford Dr,Sy 20,2025-12-01 22:45:56+00:00,,,,,,,2025-12-01
1759859,17:47:00,9538,39,6.3704,21337,1,20 James - Lamson,268630,Lepage Pl & Walter Dr,Sy 20,2025-12-01 22:47:00+00:00,2025-12-01 22:37:01+00:00,2025-12-01 22:37:01+00:00,2435,43.07093362959604,-76.09739079551092,-599,2025-12-01
1759860, 5:40:00,17651,1,,21337,1,123 James - East Syracuse - Walmart,268629,B12,Sy 20,2025-12-01 10:40:00+00:00,2025-12-01 10:41:01+00:00,2025-12-01 10:41:01+00:00,1759,43.04433977281725,-76.15222559748469,61,2025-12-01
1759860, 5:41:05,102,2,0.4057,21337,1,123 James - East Syracuse - Walmart,268629,S Salina St & Jefferson St,Sy 20,2025-12-01 10:41:05+00:00,,2025-12-01 10:41:31+00:00,1759,,,26,2025-12-01
1759860, 5:41:55,17670,3,0.7147,21337,1,123 James - East Syracuse - Walmart,268629,S Salina St & Water St (mid-block),Sy 20,2025-12-01 10:41:55+00:00,2025-12-01 10:42:01+00:00,2025-12-01 10:42:01+00:00,1759,43.04982785617604,-76.15220642089844,6,2025-12-01
1759860, 5:42:38,423,4,0.9848,21337,1,123 James - East Syracuse - Walmart,268629,James St & N Warren St,Sy 20,2025-12-01 10:42:38+00:00,2025-12-01 10:43:01+00:00,2025-12-01 10:43:01+00:00,1759,43.05126953125,-76.15141761593702,23,2025-12-01
1759860, 5:43:19,420,5,1.2412,21337,1,123 James - East Syracuse - Walmart,268629,James St & N State St,Sy 20,2025-12-01 10:43:19+00:00,2025-12-01 10:44:02+00:00,2025-12-01 10:44:02+00:00,1759,43.05255126953125,-76.14808654785156,43,2025-12-01
1759860, 5:43:51,421,6,1.4442,21337,1,123 James - East Syracuse - Walmart,268629,James St & N Townsend St,Sy 20,2025-12-01 10:43:51+00:00,,2025-12-01 10:44:36.655671296+00:00,1759,,,45,2025-12-01
1759860, 5:44:14,442,7,1.5868,21337,1,123 James - East Syracuse - Walmart,268629,James St & N McBride St,Sy 20,2025-12-01 10:44:14+00:00,2025-12-01 10:45:01+00:00,2025-12-01 10:45:01+00:00,1759,43.054015362849,-76.145143102427,47,2025-12-01
1759860, 5:44:40,432,8,1.7532,21337,1,123 James - East Syracuse - Walmart,268629,James St & Catherine St,Sy 20,2025-12-01 10:44:40+00:00,,2025-12-01 10:45:33.863726135+00:00,1759,,,53,2025-12-01
1759860, 5:45:18,14776,9,1.9920,21337,1,123 James - East Syracuse - Walmart,268629,James St & Lodi St,Sy 20,2025-12-01 10:45:18+00:00,,2025-12-01 10:46:21.026333113+00:00,1759,,,63,2025-12-01
1759860, 5:45:50,446,10,2.1944,21337,1,123 James - East Syracuse - Walmart,268629,James St & Highland St,Sy 20,2025-12-01 10:45:50+00:00,2025-12-01 10:47:01+00:00,2025-12-01 10:47:01+00:00,1759,43.057048082351685,-76.13894391059875,71,2025-12-01
1759860, 5:46:18,5088,11,2.3722,21337,1,123 James - East Syracuse - Walmart,268629,960 James St,Sy 20,2025-12-01 10:46:18+00:00,2025-12-01 10:48:02+00:00,2025-12-01 10:48:02+00:00,1759,43.05824119567871,-76.13651107788085,104,2025-12-01
1759860, 5:47:00,444,12,2.5905,21337,1,123 James - East Syracuse - Walmart,268629,James St & Oak St,Sy 20,2025-12-01 10:47:00+00:00,,2025-12-01 10:48:26.897931567+00:00,1759,,,86,2025-12-01
1759860, 5:47:36,2120,13,2.8021,21337,1,123 James - East Syracuse - Walmart,268629,James St & WSYR,Sy 20,2025-12-01 10:47:36+00:00,,2025-12-01 10:48:51.031703073+00:00,1759,,,75,2025-12-01
1759860, 5:47:50,450,14,2.8895,21337,1,123 James - East Syracuse - Walmart,268629,James St & Dewitt St,Sy 20,2025-12-01 10:47:50+00:00,2025-12-01 10:49:01+00:00,2025-12-01 10:49:01+00:00,1759,43.0608936778286,-76.1311139558491,71,2025-12-01
1759860, 5:48:06,453,15,2.9863,21337,1,123 James - East Syracuse - Walmart,268629,James St & Sedgwick Dr,Sy 20,2025-12-01 10:48:06+00:00,,2025-12-01 10:49:08.765744083+00:00,1759,,,62,2025-12-01
1759860, 5:48:44,459,16,3.2103,21337,1,123 James - East Syracuse - Walmart,268629,James St & Vine St,Sy 20,2025-12-01 10:48:44+00:00,,2025-12-01 10:49:26.736060970+00:00,1759,,,42,2025-12-01
1759860, 5:49:16,464,17,3.3991,21337,1,123 James - East Syracuse - Walmart,268629,James St & Wilson St,Sy 20,2025-12-01 10:49:16+00:00,,2025-12-01 10:49:41.882470918+00:00,1759,,,25,2025-12-01
1759860, 5:49:56,469,18,3.6374,21337,1,123 James - East Syracuse - Walmart,268629,James St & Hampton Rd,Sy 20,2025-12-01 10:49:56+00:00,2025-12-01 10:50:01+00:00,2025-12-01 10:50:01+00:00,1759,43.06459383694631,-76.12355458961343,5,2025-12-01
1759860, 5:50:18,10678,19,3.7675,21337,1,123 James - East Syracuse - Walmart,268629,James St & Teall Ave,Sy 20,2025-12-01 10:50:18+00:00,,2025-12-01 10:50:23.864674868+00:00,1759,,,5,2025-12-01
1759860, 5:50:53,479,20,3.9788,21337,1,123 James - East Syracuse - Walmart,268629,James St & Rugby Rd,Sy 20,2025-12-01 10:50:53+00:00,2025-12-01 10:51:01+00:00,2025-12-01 10:51:01+00:00,1759,43.06628522565288,-76.12009983678018,8,2025-12-01
1759860, 5:51:13,481,21,4.0984,21337,1,123 James - East Syracuse - Walmart,268629,James St & Cook Ave,Sy 20,2025-12-01 10:51:13+00:00,,2025-12-01 10:51:13.871748878+00:00,1759,,,0,2025-12-01
1759860, 5:51:29,487,22,4.1927,21337,1,123 James - East Syracuse - Walmart,268629,James St & Hastings Pl,Sy 20,2025-12-01 10:51:29+00:00,,2025-12-01 10:51:24.020627802+00:00,1759,,,-4,2025-12-01
1759860, 5:51:44,491,23,4.2856,21337,1,123 James - East Syracuse - Walmart,268629,James St & Clifton Pl,Sy 20,2025-12-01 10:51:44+00:00,,2025-12-01 10:51:34.018834080+00:00,1759,,,-9,2025-12-01
1759860, 5:52:00,1759,24,4.3533,21337,1,123 James - East Syracuse - Walmart,268629,James St & Shotwell Pk,Sy 20,2025-12-01 10:52:00+00:00,,2025-12-01 10:51:41.304932735+00:00,1759,,,-18,2025-12-01
1759860, 5:52:31,506,25,4.5363,21337,1,123 James - East Syracuse - Walmart,268629,James St & Hickok Ave,Sy 20,2025-12-01 10:52:31+00:00,2025-12-01 10:52:01+00:00,2025-12-01 10:52:01+00:00,1759,43.06844747634161,-76.11414591471355,-30,2025-12-01
1759860, 5:52:50,507,26,4.6515,21337,1,123 James - East Syracuse - Walmart,268629,James St & Stafford Ave,Sy 20,2025-12-01 10:52:50+00:00,,2025-12-01 10:52:12.147208121+00:00,1759,,,-37,2025-12-01
1759860, 5:53:09,515,27,4.7648,21337,1,123 James - East Syracuse - Walmart,268629,James St & Forest Hill Dr,Sy 20,2025-12-01 10:53:09+00:00,,2025-12-01 10:52:23.110564720+00:00,1759,,,-45,2025-12-01
1759860, 5:53:26,523,28,4.8640,21337,1,123 James - East Syracuse - Walmart,268629,James St & Woodbine Ave,Sy 20,2025-12-01 10:53:26+00:00,,2025-12-01 10:52:32.709549492+00:00,1759,,,-53,2025-12-01
1759860, 5:53:43,522,29,4.9633,21337,1,123 James - East Syracuse - Walmart,268629,James St & Hillsdale Ave,Sy 20,2025-12-01 10:53:43+00:00,,2025-12-01 10:52:42.318210659+00:00,1759,,,-60,2025-12-01
1759860, 5:54:01,532,30,5.0705,21337,1,123 James - East Syracuse - Walmart,268629,James St & S Collingwood Ave,Sy 20,2025-12-01 10:54:01+00:00,,2025-12-01 10:52:52.691307106+00:00,1759,,,-68,2025-12-01
1759860, 5:54:17,533,31,5.1667,21337,1,123 James - East Syracuse - Walmart,268629,James St & S Edwards Ave,Sy 20,2025-12-01 10:54:17+00:00,2025-12-01 10:53:02+00:00,2025-12-01 10:53:02+00:00,1759,43.068851470947266,-76.10645668723366,-75,2025-12-01
1759860, 5:54:31,541,32,5.2510,21337,1,123 James - East Syracuse - Walmart,268629,James St & S Midler Ave,Sy 20,2025-12-01 10:54:31+00:00,,2025-12-01 10:53:10.283977348+00:00,1759,,,-80,2025-12-01
1759860, 5:54:50,547,33,5.3662,21337,1,123 James - East Syracuse - Walmart,268629,James St & Nichols Ave,Sy 20,2025-12-01 10:54:50+00:00,,2025-12-01 10:53:21.604430379+00:00,1759,,,-88,2025-12-01
1759860, 5:55:07,552,34,5.4654,21337,1,123 James - East Syracuse - Walmart,268629,James St & Homecroft Rd,Sy 20,2025-12-01 10:55:07+00:00,,2025-12-01 10:53:31.352598267+00:00,1759,,,-95,2025-12-01
1759860, 5:55:27,567,35,5.5837,21337,1,123 James - East Syracuse - Walmart,268629,James St & Mosley Dr,Sy 20,2025-12-01 10:55:27+00:00,,2025-12-01 10:53:42.977681545+00:00,1759,,,-104,2025-12-01
1759860, 5:55:43,558,36,5.6769,21337,1,123 James - East Syracuse - Walmart,268629,James St & Plymouth Dr,Sy 20,2025-12-01 10:55:43+00:00,,2025-12-01 10:53:52.136242504+00:00,1759,,,-110,2025-12-01
1759860, 5:55:58,562,37,5.7671,21337,1,123 James - East Syracuse - Walmart,268629,James St & W Milford Dr,Sy 20,2025-12-01 10:55:58+00:00,2025-12-01 10:54:01+00:00,2025-12-01 10:54:01+00:00,1759,43.0692006891424,-76.09886932373047,-117,2025-12-01
1759860, 5:56:36,578,38,5.9936,21337,1,123 James - East Syracuse - Walmart,268629,James St & E Milford Dr,Sy 20,2025-12-01 10:56:36+00:00,,2025-12-01 10:54:21.029476787+00:00,1759,,,-134,2025-12-01
1759860, 5:57:05,575,39,6.1661,21337,1,123 James - East Syracuse - Walmart,268629,James St & Ridgewood Dr,Sy 20,2025-12-01 10:57:05+00:00,,2025-12-01 10:54:36.283714075+00:00,1759,,,-148,2025-12-01
1759860, 5:58:00,7471,40,6.4456,21337,1,123 James - East Syracuse - Walmart,268629,James St & Thompson Rd,Sy 20,2025-12-01 10:58:00+00:00,2025-12-01 10:55:01+00:00,2025-12-01 10:55:01+00:00,1759,43.06948069163731,-76.09180872780937,-179,2025-12-01
1759860, 5:59:06,2547,41,6.6732,21337,1,123 James - East Syracuse - Walmart,268629,James St & Wegman's Plaza,Sy 20,2025-12-01 10:59:06+00:00,2025-12-01 10:58:01+00:00,2025-12-01 10:58:01+00:00,1759,43.06967709859212,-76.08809623718261,-65,2025-12-01
1759860, 6:00:25,2432,42,6.9448,21337,1,123 James - East Syracuse - Walmart,268629,James St & Worth St,Sy 20,2025-12-01 11:00:25+00:00,,2025-12-01 10:58:19.600616367+00:00,1759,,,-125,2025-12-01
1759860, 6:00:55,2440,43,7.0480,21337,1,123 James - East Syracuse - Walmart,268629,James St & Schoeder St,Sy 20,2025-12-01 11:00:55+00:00,,2025-12-01 10:58:26.668302705+00:00,1759,,,-148,2025-12-01
1759860, 6:01:20,2444,44,7.1352,21337,1,123 James - East Syracuse - Walmart,268629,James St & Allen St,Sy 20,2025-12-01 11:01:20+00:00,,2025-12-01 10:58:32.640223718+00:00,1759,,,-167,2025-12-01
1759860, 6:01:46,2448,45,7.2264,21337,1,123 James - East Syracuse - Walmart,268629,James St & West Ave,Sy 20,2025-12-01 11:01:46+00:00,,2025-12-01 10:58:38.886086063+00:00,1759,,,-187,2025-12-01
1759860, 6:02:13,2452,46,7.3206,21337,1,123 James - East Syracuse - Walmart,268629,James St & Highland Ave,Sy 20,2025-12-01 11:02:13+00:00,,2025-12-01 10:58:45.337404405+00:00,1759,,,-207,2025-12-01
1759860, 6:02:45,2461,47,7.4328,21337,1,123 James - East Syracuse - Walmart,268629,James St & East Ave,Sy 20,2025-12-01 11:02:45+00:00,,2025-12-01 10:58:53.021458737+00:00,1759,,,-231,2025-12-01
1759860, 6:03:18,2464,48,7.5493,21337,1,123 James - East Syracuse - Walmart,268629,James St & Kinne St,Sy 20,2025-12-01 11:03:18+00:00,2025-12-01 10:59:01+00:00,2025-12-01 10:59:01+00:00,1759,43.0701847076416,-76.07770156860352,-257,2025-12-01
1759860, 6:04:18,8146,49,7.7586,21337,1,123 James - East Syracuse - Walmart,268629,Kinne St & Midland St,Sy 20,2025-12-01 11:04:18+00:00,,2025-12-01 10:59:26.493809904+00:00,1759,,,-291,2025-12-01
1759860, 6:05:14,8147,50,7.9540,21337,1,123 James - East Syracuse - Walmart,268629,Kinne St & W Yates St,Sy 20,2025-12-01 11:05:14+00:00,,2025-12-01 10:59:50.294528753+00:00,1759,,,-323,2025-12-01
1759860, 6:05:42,8148,51,8.0501,21337,1,123 James - East Syracuse - Walmart,268629,Kinne St & W Ellis St,Sy 20,2025-12-01 11:05:42+00:00,2025-12-01 11:00:02+00:00,2025-12-01 11:00:02+00:00,1759,43.06571458515368,-76.07665292840255,-340,2025-12-01
1759860, 6:06:15,7237,52,8.1659,21337,1,123 James - East Syracuse - Walmart,268629,Kinne St & W Manlius St,Sy 20,2025-12-01 11:06:15+00:00,,2025-12-01 11:00:13.112882238+00:00,1759,,,-361,2025-12-01
1759860, 6:06:49,7232,53,8.2861,21337,1,123 James - East Syracuse - Walmart,268629,W Manlius St & Charles St,Sy 20,2025-12-01 11:06:49+00:00,,2025-12-01 11:00:24.648015614+00:00,1759,,,-384,2025-12-01
1759860, 6:07:28,7267,54,8.4213,21337,1,123 James - East Syracuse - Walmart,268629,W Manlius St & Division St,Sy 20,2025-12-01 11:07:28+00:00,,2025-12-01 11:00:37.622641509+00:00,1759,,,-410,2025-12-01
1759860, 6:07:43,7274,55,8.4735,21337,1,123 James - East Syracuse - Walmart,268629,W Manlius St & Silver St,Sy 20,2025-12-01 11:07:43+00:00,,2025-12-01 11:00:42.632075471+00:00,1759,,,-420,2025-12-01
1759860, 6:08:13,7282,56,8.5777,21337,1,123 James - East Syracuse - Walmart,268629,W Manlius St & Ball St,Sy 20,2025-12-01 11:08:13+00:00,,2025-12-01 11:00:52.631750162+00:00,1759,,,-440,2025-12-01
1759860, 6:08:38,2523,57,8.6649,21337,1,123 James - East Syracuse - Walmart,268629,W Manlius St & N Center St,Sy 20,2025-12-01 11:08:38+00:00,2025-12-01 11:01:01+00:00,2025-12-01 11:01:01+00:00,1759,43.06398766727771,-76.07073340981694,-457,2025-12-01
1759860, 6:10:20,4281,58,9.0184,21337,1,123 James - East Syracuse - Walmart,268629,Bridge St & E 2nd St,Sy 20,2025-12-01 11:10:20+00:00,2025-12-01 11:02:01+00:00,2025-12-01 11:02:01+00:00,1759,43.06207510765563,-76.06758133908535,-499,2025-12-01
1759860, 6:11:46,8169,59,9.3153,21337,1,123 James - East Syracuse - Walmart,268629,Chevy Dr & Bridge St,Sy 20,2025-12-01 11:11:46+00:00,,2025-12-01 11:02:58.495427649+00:00,1759,,,-527,2025-12-01
1759860, 6:15:00,7888,60,9.9479,21337,1,123 James - East Syracuse - Walmart,268629,Walmart - East Syracuse,Sy 20,2025-12-01 11:15:00+00:00,2025-12-01 11:05:01+00:00,2025-12-01 11:05:01+00:00,1759,43.061414337158205,-76.06065063476562,-599,2025-12-01
1759861, 5:07:00,17651,1,,21337,1,220 James St - Molloy Rd - Airpark,268628,B12,Sy 20,2025-12-01 10:07:00+00:00,2025-12-01 10:10:01+00:00,2025-12-01 10:10:01+00:00,2230,43.044349670410156,-76.15222930908203,181,2025-12-01
1759861, 5:08:05,102,2,0.4057,21337,1,220 James St - Molloy Rd - Airpark,268628,S Salina St & Jefferson St,Sy 20,2025-12-01 10:08:05+00:00,,2025-12-01 10:10:31+00:00,2230,,,146,2025-12-01
1759861, 5:08:55,17670,3,0.7147,21337,1,220 James St - Molloy Rd - Airpark,268628,S Salina St & Water St (mid-block),Sy 20,2025-12-01 10:08:55+00:00,2025-12-01 10:11:01+00:00,2025-12-01 10:11:01+00:00,2230,43.04936218261719,-76.15221405029297,126,2025-12-01
1759861, 5:09:38,423,4,0.9848,21337,1,220 James St - Molloy Rd - Airpark,268628,James St & N Warren St,Sy 20,2025-12-01 10:09:38+00:00,2025-12-01 10:12:02+00:00,2025-12-01 10:12:02+00:00,2230,43.0515251159668,-76.15021514892578,144,2025-12-01
1759861, 5:10:19,420,5,1.2412,21337,1,220 James St - Molloy Rd - Airpark,268628,James St & N State St,Sy 20,2025-12-01 10:10:19+00:00,,2025-12-01 10:12:34.929037875+00:00,2230,,,135,2025-12-01
1759861, 5:10:51,421,6,1.4442,21337,1,220 James St - Molloy Rd - Airpark,268628,James St & N Townsend St,Sy 20,2025-12-01 10:10:51+00:00,2025-12-01 10:13:01+00:00,2025-12-01 10:13:01+00:00,2230,43.05328369140625,-76.14662170410156,130,2025-12-01
1759861, 5:11:14,442,7,1.5868,21337,1,220 James St - Molloy Rd - Airpark,268628,James St & N McBride St,Sy 20,2025-12-01 10:11:14+00:00,,2025-12-01 10:13:28.689320388+00:00,2230,,,134,2025-12-01
1759861, 5:11:40,432,8,1.7532,21337,1,220 James St - Molloy Rd - Airpark,268628,James St & Catherine St,Sy 20,2025-12-01 10:11:40+00:00,2025-12-01 10:14:01+00:00,2025-12-01 10:14:01+00:00,2230,43.054935455322266,-76.14326477050781,141,2025-12-01
1759861, 5:12:18,14776,9,1.9920,21337,1,220 James St - Molloy Rd - Airpark,268628,James St & Lodi St,Sy 20,2025-12-01 10:12:18+00:00,,2025-12-01 10:14:33.475067996+00:00,2230,,,135,2025-12-01
1759861, 5:12:50,446,10,2.1944,21337,1,220 James St - Molloy Rd - Airpark,268628,James St & Highland St,Sy 20,2025-12-01 10:12:50+00:00,2025-12-01 10:15:01+00:00,2025-12-01 10:15:01+00:00,2230,43.057366943359376,-76.13831314086914,131,2025-12-01
1759861, 5:13:18,5088,11,2.3722,21337,1,220 James St - Molloy Rd - Airpark,268628,960 James St,Sy 20,2025-12-01 10:13:18+00:00,,2025-12-01 10:15:27.932592779+00:00,2230,,,129,2025-12-01
1759861, 5:14:00,444,12,2.5905,21337,1,220 James St - Molloy Rd - Airpark,268628,James St & Oak St,Sy 20,2025-12-01 10:14:00+00:00,2025-12-01 10:16:01+00:00,2025-12-01 10:16:01+00:00,2230,43.05936965942383,-76.134228515625,121,2025-12-01
1759861, 5:14:43,2120,13,2.8021,21337,1,220 James St - Molloy Rd - Airpark,268628,James St & WSYR,Sy 20,2025-12-01 10:14:43+00:00,,2025-12-01 10:16:33.076806467+00:00,2230,,,110,2025-12-01
1759861, 5:15:00,450,14,2.8895,21337,1,220 James St - Molloy Rd - Airpark,268628,James St & Dewitt St,Sy 20,2025-12-01 10:15:00+00:00,,2025-12-01 10:16:46.325922182+00:00,2230,,,106,2025-12-01
1759861, 5:15:19,453,15,2.9863,21337,1,220 James St - Molloy Rd - Airpark,268628,James St & Sedgwick Dr,Sy 20,2025-12-01 10:15:19+00:00,2025-12-01 10:17:01+00:00,2025-12-01 10:17:01+00:00,2230,43.06131475112017,-76.13025799919578,102,2025-12-01
1759861, 5:16:04,459,16,3.2103,21337,1,220 James St - Molloy Rd - Airpark,268628,James St & Vine St,Sy 20,2025-12-01 10:16:04+00:00,,2025-12-01 10:17:21.986023652+00:00,2230,,,77,2025-12-01
1759861, 5:16:42,464,17,3.3991,21337,1,220 James St - Molloy Rd - Airpark,268628,James St & Wilson St,Sy 20,2025-12-01 10:16:42+00:00,,2025-12-01 10:17:39.674243587+00:00,2230,,,57,2025-12-01
1759861, 5:17:30,469,18,3.6374,21337,1,220 James St - Molloy Rd - Airpark,268628,James St & Hampton Rd,Sy 20,2025-12-01 10:17:30+00:00,2025-12-01 10:18:02+00:00,2025-12-01 10:18:02+00:00,2230,43.064280294602916,-76.12419768302671,32,2025-12-01
1759861, 5:17:56,10678,19,3.7675,21337,1,220 James St - Molloy Rd - Airpark,268628,James St & Teall Ave,Sy 20,2025-12-01 10:17:56+00:00,2025-12-01 10:19:01+00:00,2025-12-01 10:19:01+00:00,2230,43.06517426863961,-76.12237515656844,65,2025-12-01
1759861, 5:18:39,479,20,3.9788,21337,1,220 James St - Molloy Rd - Airpark,268628,James St & Rugby Rd,Sy 20,2025-12-01 10:18:39+00:00,,2025-12-01 10:19:30.816556914+00:00,2230,,,51,2025-12-01
1759861, 5:19:03,481,21,4.0984,21337,1,220 James St - Molloy Rd - Airpark,268628,James St & Cook Ave,Sy 20,2025-12-01 10:19:03+00:00,,2025-12-01 10:19:47.693320790+00:00,2230,,,44,2025-12-01
1759861, 5:19:22,487,22,4.1927,21337,1,220 James St - Molloy Rd - Airpark,268628,James St & Hastings Pl,Sy 20,2025-12-01 10:19:22+00:00,2025-12-01 10:20:01+00:00,2025-12-01 10:20:01+00:00,2230,43.06753880637033,-76.11756011417934,39,2025-12-01
1759861, 5:19:40,491,23,4.2856,21337,1,220 James St - Molloy Rd - Airpark,268628,James St & Clifton Pl,Sy 20,2025-12-01 10:19:40+00:00,,2025-12-01 10:20:09.303292119+00:00,2230,,,29,2025-12-01
1759861, 5:20:00,1759,24,4.3533,21337,1,220 James St - Molloy Rd - Airpark,268628,James St & Shotwell Pk,Sy 20,2025-12-01 10:20:00+00:00,,2025-12-01 10:20:15.354238045+00:00,2230,,,15,2025-12-01
1759861, 5:20:30,506,25,4.5363,21337,1,220 James St - Molloy Rd - Airpark,268628,James St & Hickok Ave,Sy 20,2025-12-01 10:20:30+00:00,,2025-12-01 10:20:31.710561596+00:00,2230,,,1,2025-12-01
1759861, 5:20:49,507,26,4.6515,21337,1,220 James St - Molloy Rd - Airpark,268628,James St & Stafford Ave,Sy 20,2025-12-01 10:20:49+00:00,,2025-12-01 10:20:42.007001340+00:00,2230,,,-6,2025-12-01
1759861, 5:21:08,515,27,4.7648,21337,1,220 James St - Molloy Rd - Airpark,268628,James St & Forest Hill Dr,Sy 20,2025-12-01 10:21:08+00:00,,2025-12-01 10:20:52.133621331+00:00,2230,,,-15,2025-12-01
1759861, 5:21:24,523,28,4.8640,21337,1,220 James St - Molloy Rd - Airpark,268628,James St & Woodbine Ave,Sy 20,2025-12-01 10:21:24+00:00,2025-12-01 10:21:01+00:00,2025-12-01 10:21:01+00:00,2230,43.068616905990915,-76.11073972740952,-23,2025-12-01
1759861, 5:21:40,522,29,4.9633,21337,1,220 James St - Molloy Rd - Airpark,268628,James St & Hillsdale Ave,Sy 20,2025-12-01 10:21:40+00:00,,2025-12-01 10:21:15.624094640+00:00,2230,,,-24,2025-12-01
1759861, 5:21:58,532,30,5.0705,21337,1,220 James St - Molloy Rd - Airpark,268628,James St & S Collingwood Ave,Sy 20,2025-12-01 10:21:58+00:00,,2025-12-01 10:21:31.411636890+00:00,2230,,,-26,2025-12-01
1759861, 5:22:14,533,31,5.1667,21337,1,220 James St - Molloy Rd - Airpark,268628,James St & S Edwards Ave,Sy 20,2025-12-01 10:22:14+00:00,,2025-12-01 10:21:45.579188797+00:00,2230,,,-28,2025-12-01
1759861, 5:22:32,7251,32,5.2782,21337,1,220 James St - Molloy Rd - Airpark,268628,N Midler Ave & James St,Sy 20,2025-12-01 10:22:32+00:00,2025-12-01 10:22:02+00:00,2025-12-01 10:22:02+00:00,2230,43.068879859392034,-76.1055592381677,-30,2025-12-01
1759861, 5:23:04,8126,33,5.4706,21337,1,220 James St - Molloy Rd - Airpark,268628,N Midler Ave & Tyson Pl,Sy 20,2025-12-01 10:23:04+00:00,,2025-12-01 10:22:36.671872653+00:00,2230,,,-27,2025-12-01
1759861, 5:23:28,8127,34,5.6147,21337,1,220 James St - Molloy Rd - Airpark,268628,N Midler Ave & 256 N Midler Ave,Sy 20,2025-12-01 10:23:28+00:00,,2025-12-01 10:23:02.639735696+00:00,2230,,,-25,2025-12-01
1759861, 5:23:57,8128,35,5.7879,21337,1,220 James St - Molloy Rd - Airpark,268628,N Midler Ave & Coughlin Ave,Sy 20,2025-12-01 10:23:57+00:00,,2025-12-01 10:23:33.851629373+00:00,2230,,,-23,2025-12-01
1759861, 5:24:23,8129,36,5.9441,21337,1,220 James St - Molloy Rd - Airpark,268628,N Midler Ave & 343 N Midler Ave,Sy 20,2025-12-01 10:24:23+00:00,2025-12-01 10:24:02+00:00,2025-12-01 10:24:02+00:00,2230,43.07460403442383,-76.10568237304688,-21,2025-12-01
1759861, 5:25:19,6153,37,6.2820,21337,1,220 James St - Molloy Rd - Airpark,268628,New Court Ave & Ashdale Ave,Sy 20,2025-12-01 10:25:19+00:00,2025-12-01 10:25:01+00:00,2025-12-01 10:25:01+00:00,2230,43.07787306412406,-76.10704604439114,-18,2025-12-01
1759861, 5:25:55,8130,38,6.4993,21337,1,220 James St - Molloy Rd - Airpark,268628,New Court Ave & Thor Metal Product,Sy 20,2025-12-01 10:25:55+00:00,,2025-12-01 10:25:16.162228166+00:00,2230,,,-38,2025-12-01
1759861, 5:26:14,8131,39,6.6159,21337,1,220 James St - Molloy Rd - Airpark,268628,New Court Ave & TRW,Sy 20,2025-12-01 10:26:14+00:00,,2025-12-01 10:25:24.298057913+00:00,2230,,,-49,2025-12-01
1759861, 5:27:00,3662,40,6.8518,21337,1,220 James St - Molloy Rd - Airpark,268628,New Court Ave & Marisa Heights,Sy 20,2025-12-01 10:27:00+00:00,,2025-12-01 10:25:40.758111408+00:00,2230,,,-79,2025-12-01
1759861, 5:27:05,6142,41,6.9106,21337,1,220 James St - Molloy Rd - Airpark,268628,New Court Ave & Hazelhurst Ave,Sy 20,2025-12-01 10:27:05+00:00,,2025-12-01 10:25:44.860914059+00:00,2230,,,-80,2025-12-01
1759861, 5:27:12,2581,42,6.9940,21337,1,220 James St - Molloy Rd - Airpark,268628,New Court Ave & North Ave,Sy 20,2025-12-01 10:27:12+00:00,,2025-12-01 10:25:50.680195371+00:00,2230,,,-81,2025-12-01
1759861, 5:27:17,6134,43,7.0528,21337,1,220 James St - Molloy Rd - Airpark,268628,New Court Ave & Baird Ave,Sy 20,2025-12-01 10:27:17+00:00,,2025-12-01 10:25:54.782998023+00:00,2230,,,-82,2025-12-01
1759861, 5:27:21,6123,44,7.1086,21337,1,220 James St - Molloy Rd - Airpark,268628,New Court Ave & Townline Rd,Sy 20,2025-12-01 10:27:21+00:00,,2025-12-01 10:25:58.676474008+00:00,2230,,,-82,2025-12-01
1759861, 5:27:23,6118,45,7.1419,21337,1,220 James St - Molloy Rd - Airpark,268628,New Court Ave & Noble Ave,Sy 20,2025-12-01 10:27:23+00:00,2025-12-01 10:26:01+00:00,2025-12-01 10:26:01+00:00,2230,43.08102149963379,-76.11604690551758,-82,2025-12-01
1759861, 5:30:45,8175,46,9.5046,21337,1,220 James St - Molloy Rd - Airpark,268628,E Molloy Rd & Oliva Dr,Sy 20,2025-12-01 10:30:45+00:00,,2025-12-01 10:34:08.340718105+00:00,2230,,,203,2025-12-01
1759861, 5:31:06,7429,47,9.7599,21337,1,220 James St - Molloy Rd - Airpark,268628,E Molloy Rd & Pickard Dr,Sy 20,2025-12-01 10:31:06+00:00,2025-12-01 10:35:01+00:00,2025-12-01 10:35:01+00:00,2230,43.098533630371094,-76.11268615722656,235,2025-12-01
1759861, 5:31:39,7432,48,10.1518,21337,1,220 James St - Molloy Rd - Airpark,268628,E Molloy Rd & Moore Rd,Sy 20,2025-12-01 10:31:39+00:00,,2025-12-01 10:35:42.188662991+00:00,2230,,,243,2025-12-01
1759861, 5:31:55,8200,49,10.3403,21337,1,220 James St - Molloy Rd - Airpark,268628,6012 E Molloy Rd,Sy 20,2025-12-01 10:31:55+00:00,2025-12-01 10:36:02+00:00,2025-12-01 10:36:02+00:00,2230,43.09891128540039,-76.10480499267578,247,2025-12-01
1759861, 5:32:15,8202,50,10.5768,21337,1,220 James St - Molloy Rd - Airpark,268628,E Molloy Rd & Air Natl Guard Base,Sy 20,2025-12-01 10:32:15+00:00,,2025-12-01 10:36:19.441875+00:00,2230,,,244,2025-12-01
1759861, 5:33:03,7437,51,11.1403,21337,1,220 James St - Molloy Rd - Airpark,268628,E Molloy Rd & Thompson Rd,Sy 20,2025-12-01 10:33:03+00:00,2025-12-01 10:37:01+00:00,2025-12-01 10:37:01+00:00,2230,43.099334716796875,-76.09579467773438,238,2025-12-01
1759861, 5:33:24,8201,52,11.3879,21337,1,220 James St - Molloy Rd - Airpark,268628,E Molloy Rd & Newbrook Av,Sy 20,2025-12-01 10:33:24+00:00,,2025-12-01 10:37:25.105143598+00:00,2230,,,241,2025-12-01
1759861, 5:33:35,13394,53,11.5262,21337,1,220 James St - Molloy Rd - Airpark,268628,E Molloy Rd & Ellicott Dr,Sy 20,2025-12-01 10:33:35+00:00,,2025-12-01 10:37:38.569365568+00:00,2230,,,243,2025-12-01
1759861, 5:34:00,9447,54,11.7566,21337,1,220 James St - Molloy Rd - Airpark,268628,E Molloy Rd & Joy Rd,Sy 20,2025-12-01 10:34:00+00:00,2025-12-01 10:38:01+00:00,2025-12-01 10:38:01+00:00,2230,43.09965515136719,-76.08937072753906,241,2025-12-01
1759861, 5:37:15,18241,55,13.1825,21337,1,220 James St - Molloy Rd - Airpark,268628,Schuyler Rd & Collamer Rd,Sy 20,2025-12-01 10:37:15+00:00,2025-12-01 10:40:01+00:00,2025-12-01 10:40:01+00:00,2230,43.100364685058594,-76.07646942138672,166,2025-12-01
1759861, 5:38:15,18243,56,13.6212,21337,1,220 James St - Molloy Rd - Airpark,268628,Schuyler Rd & Canada Dr,Sy 20,2025-12-01 10:38:15+00:00,2025-12-01 10:41:01+00:00,2025-12-01 10:41:01+00:00,2230,43.10634994506836,-76.0727310180664,166,2025-12-01
1759861, 5:39:22,18244,57,14.1150,21337,1,220 James St - Molloy Rd - Airpark,268628,Schuyler Rd & Badgley Rd,Sy 20,2025-12-01 10:39:22+00:00,,2025-12-01 10:41:25.175268246+00:00,2230,,,123,2025-12-01
1759861, 5:43:50,18245,58,16.0723,21337,1,220 James St - Molloy Rd - Airpark,268628,Schuyler Rd & E Taft Rd,Sy 20,2025-12-01 10:43:50+00:00,2025-12-01 10:43:01+00:00,2025-12-01 10:43:01+00:00,2230,43.12360763549805,-76.07323455810547,-49,2025-12-01
1759861, 5:44:57,18246,59,16.5675,21337,1,220 James St - Molloy Rd - Airpark,268628,E Taft Rd & Northern Blvd,Sy 20,2025-12-01 10:44:57+00:00,2025-12-01 10:44:02+00:00,2025-12-01 10:44:02+00:00,2230,43.128028869628906,-76.07898712158203,-55,2025-12-01
1759861, 5:46:57,18247,60,17.4443,21337,1,220 James St - Molloy Rd - Airpark,268628,E Taft Rd & Totman Rd,Sy 20,2025-12-01 10:46:57+00:00,2025-12-01 10:46:01+00:00,2025-12-01 10:46:01+00:00,2230,43.12675857543945,-76.0863037109375,-56,2025-12-01
1759861, 5:48:45,18248,61,18.2363,21337,1,220 James St - Molloy Rd - Airpark,268628,E Taft Rd & Thompson Rd,Sy 20,2025-12-01 10:48:45+00:00,2025-12-01 10:47:01+00:00,2025-12-01 10:47:01+00:00,2230,43.1247444152832,-76.0987548828125,-104,2025-12-01
1759861, 5:49:37,18249,62,18.6219,21337,1,220 James St - Molloy Rd - Airpark,268628,E Taft Rd & Palmcrest Rd,Sy 20,2025-12-01 10:49:37+00:00,,,,,,,2025-12-01
1759861, 5:50:00,18236,63,18.7573,21337,1,220 James St - Molloy Rd - Airpark,268628,William Barry Blvd & Taft Rd,Sy 20,2025-12-01 10:50:00+00:00,,,,,,,2025-12-01
1759862,16:25:00,17651,1,,21337,1,220 James St - Molloy Rd - Airpark,268627,B12,Sy 20,2025-12-01 21:25:00+00:00,2025-12-01 21:27:01+00:00,2025-12-01 21:27:01+00:00,2241,43.044769287109375,-76.15226745605469,121,2025-12-01
1759862,16:26:05,102,2,0.4057,21337,1,220 James St - Molloy Rd - Airpark,268627,S Salina St & Jefferson St,Sy 20,2025-12-01 21:26:05+00:00,2025-12-01 21:28:02+00:00,2025-12-01 21:28:02+00:00,2241,43.04638671875,-76.15225219726562,117,2025-12-01
1759862,16:26:55,17670,3,0.7147,21337,1,220 James St - Molloy Rd - Airpark,268627,S Salina St & Water St (mid-block),Sy 20,2025-12-01 21:26:55+00:00,2025-12-01 21:30:01+00:00,2025-12-01 21:30:01+00:00,2241,43.04994448493509,-76.15220642089844,186,2025-12-01
1759862,16:27:38,423,4,0.9848,21337,1,220 James St - Molloy Rd - Airpark,268627,James St & N Warren St,Sy 20,2025-12-01 21:27:38+00:00,2025-12-01 21:32:01+00:00,2025-12-01 21:32:01+00:00,2241,43.05129702337857,-76.15069935239595,263,2025-12-01
1759862,16:28:19,420,5,1.2412,21337,1,220 James St - Molloy Rd - Airpark,268627,James St & N State St,Sy 20,2025-12-01 21:28:19+00:00,2025-12-01 21:33:02+00:00,2025-12-01 21:33:02+00:00,2241,43.05225960153048,-76.14870803082576,283,2025-12-01
1759862,16:28:51,421,6,1.4442,21337,1,220 James St - Molloy Rd - Airpark,268627,James St & N Townsend St,Sy 20,2025-12-01 21:28:51+00:00,2025-12-01 21:34:01+00:00,2025-12-01 21:34:01+00:00,2241,43.053595860799156,-76.14599694146051,310,2025-12-01
1759862,16:29:14,442,7,1.5868,21337,1,220 James St - Molloy Rd - Airpark,268627,James St & N McBride St,Sy 20,2025-12-01 21:29:14+00:00,,2025-12-01 21:34:28.689320388+00:00,2241,,,314,2025-12-01
1759862,16:29:40,432,8,1.7532,21337,1,220 James St - Molloy Rd - Airpark,268627,James St & Catherine St,Sy 20,2025-12-01 21:29:40+00:00,2025-12-01 21:35:01+00:00,2025-12-01 21:35:01+00:00,2241,43.05485463696857,-76.14343403660973,321,2025-12-01
1759862,16:30:18,14776,9,1.9920,21337,1,220 James St - Molloy Rd - Airpark,268627,James St & Lodi St,Sy 20,2025-12-01 21:30:18+00:00,,2025-12-01 21:36:05.950135992+00:00,2241,,,347,2025-12-01
1759862,16:30:50,446,10,2.1944,21337,1,220 James St - Molloy Rd - Airpark,268627,James St & Highland St,Sy 20,2025-12-01 21:30:50+00:00,2025-12-01 21:37:01+00:00,2025-12-01 21:37:01+00:00,2241,43.05704648154123,-76.13894353594098,371,2025-12-01
1759862,16:31:18,5088,11,2.3722,21337,1,220 James St - Molloy Rd - Airpark,268627,960 James St,Sy 20,2025-12-01 21:31:18+00:00,,2025-12-01 21:37:27.932592779+00:00,2241,,,369,2025-12-01
1759862,16:32:00,444,12,2.5905,21337,1,220 James St - Molloy Rd - Airpark,268627,James St & Oak St,Sy 20,2025-12-01 21:32:00+00:00,2025-12-01 21:38:01+00:00,2025-12-01 21:38:01+00:00,2241,43.059064764725534,-76.13483348645661,361,2025-12-01
1759862,16:32:43,2120,13,2.8021,21337,1,220 James St - Molloy Rd - Airpark,268627,James St & WSYR,Sy 20,2025-12-01 21:32:43+00:00,,2025-12-01 21:38:43.461538461+00:00,2241,,,360,2025-12-01
1759862,16:33:00,450,14,2.8895,21337,1,220 James St - Molloy Rd - Airpark,268627,James St & Dewitt St,Sy 20,2025-12-01 21:33:00+00:00,2025-12-01 21:39:01+00:00,2025-12-01 21:39:01+00:00,2241,43.06058035956489,-76.13174947102864,361,2025-12-01
1759862,16:33:19,453,15,2.9863,21337,1,220 James St - Molloy Rd - Airpark,268627,James St & Sedgwick Dr,Sy 20,2025-12-01 21:33:19+00:00,,2025-12-01 21:39:19.406483790+00:00,2241,,,360,2025-12-01
1759862,16:34:04,459,16,3.2103,21337,1,220 James St - Molloy Rd - Airpark,268627,James St & Vine St,Sy 20,2025-12-01 21:34:04+00:00,2025-12-01 21:40:02+00:00,2025-12-01 21:40:02+00:00,2241,43.062463511591375,-76.12789651621942,358,2025-12-01
1759862,16:34:42,464,17,3.3991,21337,1,220 James St - Molloy Rd - Airpark,268627,James St & Wilson St,Sy 20,2025-12-01 21:34:42+00:00,2025-12-01 21:41:01+00:00,2025-12-01 21:41:01+00:00,2241,43.063350165068215,-76.12609965765654,379,2025-12-01
1759862,16:35:30,469,18,3.6374,21337,1,220 James St - Molloy Rd - Airpark,268627,James St & Hampton Rd,Sy 20,2025-12-01 21:35:30+00:00,,2025-12-01 21:41:39.811074918+00:00,2241,,,369,2025-12-01
1759862,16:35:56,10678,19,3.7675,21337,1,220 James St - Molloy Rd - Airpark,268627,James St & Teall Ave,Sy 20,2025-12-01 21:35:56+00:00,2025-12-01 21:42:01+00:00,2025-12-01 21:42:01+00:00,2241,43.06525188943614,-76.12221991497537,365,2025-12-01
1759862,16:36:39,479,20,3.9788,21337,1,220 James St - Molloy Rd - Airpark,268627,James St & Rugby Rd,Sy 20,2025-12-01 21:36:39+00:00,,2025-12-01 21:42:30.816556914+00:00,2241,,,351,2025-12-01
1759862,16:37:03,481,21,4.0984,21337,1,220 James St - Molloy Rd - Airpark,268627,James St & Cook Ave,Sy 20,2025-12-01 21:37:03+00:00,,2025-12-01 21:42:47.693320790+00:00,2241,,,344,2025-12-01
1759862,16:37:22,487,22,4.1927,21337,1,220 James St - Molloy Rd - Airpark,268627,James St & Hastings Pl,Sy 20,2025-12-01 21:37:22+00:00,2025-12-01 21:43:01+00:00,2025-12-01 21:43:01+00:00,2241,43.06738322121756,-76.11786828722272,339,2025-12-01
1759862,16:37:40,491,23,4.2856,21337,1,220 James St - Molloy Rd - Airpark,268627,James St & Clifton Pl,Sy 20,2025-12-01 21:37:40+00:00,,2025-12-01 21:43:17.222351571+00:00,2241,,,337,2025-12-01
1759862,16:38:00,1759,24,4.3533,21337,1,220 James St - Molloy Rd - Airpark,268627,James St & Shotwell Pk,Sy 20,2025-12-01 21:38:00+00:00,,2025-12-01 21:43:29.044237485+00:00,2241,,,329,2025-12-01
1759862,16:38:30,506,25,4.5363,21337,1,220 James St - Molloy Rd - Airpark,268627,James St & Hickok Ave,Sy 20,2025-12-01 21:38:30+00:00,2025-12-01 21:44:01+00:00,2025-12-01 21:44:01+00:00,2241,43.068429492768786,-76.11446762084961,331,2025-12-01
1759862,16:38:49,507,26,4.6515,21337,1,220 James St - Molloy Rd - Airpark,268627,James St & Stafford Ave,Sy 20,2025-12-01 21:38:49+00:00,2025-12-01 21:45:01+00:00,2025-12-01 21:45:01+00:00,2241,43.06854332099527,-76.11213839256158,372,2025-12-01
1759862,16:39:08,515,27,4.7648,21337,1,220 James St - Molloy Rd - Airpark,268627,James St & Forest Hill Dr,Sy 20,2025-12-01 21:39:08+00:00,,2025-12-01 21:45:33.523764705+00:00,2241,,,385,2025-12-01
1759862,16:39:24,523,28,4.8640,21337,1,220 James St - Molloy Rd - Airpark,268627,James St & Woodbine Ave,Sy 20,2025-12-01 21:39:24+00:00,2025-12-01 21:46:02+00:00,2025-12-01 21:46:02+00:00,2241,43.068641662597656,-76.11019134521484,398,2025-12-01
1759862,16:39:40,522,29,4.9633,21337,1,220 James St - Molloy Rd - Airpark,268627,James St & Hillsdale Ave,Sy 20,2025-12-01 21:39:40+00:00,,2025-12-01 21:46:30.371428571+00:00,2241,,,410,2025-12-01
1759862,16:39:58,532,30,5.0705,21337,1,220 James St - Molloy Rd - Airpark,268627,James St & S Collingwood Ave,Sy 20,2025-12-01 21:39:58+00:00,2025-12-01 21:47:01+00:00,2025-12-01 21:47:01+00:00,2241,43.068820578153016,-76.10712445368532,423,2025-12-01
1759862,16:40:14,533,31,5.1667,21337,1,220 James St - Molloy Rd - Airpark,268627,James St & S Edwards Ave,Sy 20,2025-12-01 21:40:14+00:00,2025-12-01 21:48:01+00:00,2025-12-01 21:48:01+00:00,2241,43.068851470947266,-76.1065297907049,467,2025-12-01
1759862,16:40:32,7251,32,5.2782,21337,1,220 James St - Molloy Rd - Airpark,268627,N Midler Ave & James St,Sy 20,2025-12-01 21:40:32+00:00,2025-12-01 21:49:01+00:00,2025-12-01 21:49:01+00:00,2241,43.06919418334961,-76.10531341552735,509,2025-12-01
1759862,16:41:04,8126,33,5.4706,21337,1,220 James St - Molloy Rd - Airpark,268627,N Midler Ave & Tyson Pl,Sy 20,2025-12-01 21:41:04+00:00,2025-12-01 21:50:01+00:00,2025-12-01 21:50:01+00:00,2241,43.07087975217585,-76.1054722300747,537,2025-12-01
1759862,16:41:28,8127,34,5.6147,21337,1,220 James St - Molloy Rd - Airpark,268627,N Midler Ave & 256 N Midler Ave,Sy 20,2025-12-01 21:41:28+00:00,,2025-12-01 21:50:19.259767687+00:00,2241,,,531,2025-12-01
1759862,16:41:57,8128,35,5.7879,21337,1,220 James St - Molloy Rd - Airpark,268627,N Midler Ave & Coughlin Ave,Sy 20,2025-12-01 21:41:57+00:00,,2025-12-01 21:50:41.206969376+00:00,2241,,,524,2025-12-01
1759862,16:42:23,8129,36,5.9441,21337,1,220 James St - Molloy Rd - Airpark,268627,N Midler Ave & 343 N Midler Ave,Sy 20,2025-12-01 21:42:23+00:00,2025-12-01 21:51:01+00:00,2025-12-01 21:51:01+00:00,2241,43.07513085727034,-76.105712890625,518,2025-12-01
1759862,16:43:19,6153,37,6.2820,21337,1,220 James St - Molloy Rd - Airpark,268627,New Court Ave & Ashdale Ave,Sy 20,2025-12-01 21:43:19+00:00,,2025-12-01 21:51:23.335573427+00:00,2241,,,484,2025-12-01
1759862,16:43:55,8130,38,6.4993,21337,1,220 James St - Molloy Rd - Airpark,268627,New Court Ave & Thor Metal Product,Sy 20,2025-12-01 21:43:55+00:00,,2025-12-01 21:51:37.699350005+00:00,2241,,,462,2025-12-01
1759862,16:44:14,8131,39,6.6159,21337,1,220 James St - Molloy Rd - Airpark,268627,New Court Ave & TRW,Sy 20,2025-12-01 21:44:14+00:00,,2025-12-01 21:51:45.406742315+00:00,2241,,,451,2025-12-01
1759862,16:45:00,3662,40,6.8518,21337,1,220 James St - Molloy Rd - Airpark,268627,New Court Ave & Marisa Heights,Sy 20,2025-12-01 21:45:00+00:00,2025-12-01 21:52:01+00:00,2025-12-01 21:52:01+00:00,2241,43.08062865517356,-76.11290446194735,421,2025-12-01
1759862,16:45:05,6142,41,6.9106,21337,1,220 James St - Molloy Rd - Airpark,268627,New Court Ave & Hazelhurst Ave,Sy 20,2025-12-01 21:45:05+00:00,,2025-12-01 21:52:13.161323681+00:00,2241,,,428,2025-12-01
1759862,16:45:12,2581,42,6.9940,21337,1,220 James St - Molloy Rd - Airpark,268627,New Court Ave & North Ave,Sy 20,2025-12-01 21:45:12+00:00,,2025-12-01 21:52:30.410548086+00:00,2241,,,438,2025-12-01
1759862,16:45:17,6134,43,7.0528,21337,1,220 James St - Molloy Rd - Airpark,268627,New Court Ave & Baird Ave,Sy 20,2025-12-01 21:45:17+00:00,,2025-12-01 21:52:42.571871768+00:00,2241,,,445,2025-12-01
1759862,16:45:21,6123,44,7.1086,21337,1,220 James St - Molloy Rd - Airpark,268627,New Court Ave & Townline Rd,Sy 20,2025-12-01 21:45:21+00:00,,2025-12-01 21:52:54.112719751+00:00,2241,,,453,2025-12-01
1759862,16:45:23,6118,45,7.1419,21337,1,220 James St - Molloy Rd - Airpark,268627,New Court Ave & Noble Ave,Sy 20,2025-12-01 21:45:23+00:00,2025-12-01 21:53:01+00:00,2025-12-01 21:53:01+00:00,2241,43.081781050738165,-76.11646629782284,458,2025-12-01
1759862,16:48:45,8175,46,9.5046,21337,1,220 James St - Molloy Rd - Airpark,268627,E Molloy Rd & Oliva Dr,Sy 20,2025-12-01 21:48:45+00:00,2025-12-01 21:55:01+00:00,2025-12-01 21:55:01+00:00,2241,43.0950382232666,-76.11693420410157,376,2025-12-01
1759862,16:49:06,7429,47,9.7599,21337,1,220 James St - Molloy Rd - Airpark,268627,E Molloy Rd & Pickard Dr,Sy 20,2025-12-01 21:49:06+00:00,2025-12-01 21:56:00+00:00,2025-12-01 21:56:00+00:00,2241,43.098513793945315,-76.11312255859374,414,2025-12-01
1759862,16:49:39,7432,48,10.1518,21337,1,220 James St - Molloy Rd - Airpark,268627,E Molloy Rd & Moore Rd,Sy 20,2025-12-01 21:49:39+00:00,,2025-12-01 21:56:29.264169420+00:00,2241,,,410,2025-12-01
1759862,16:49:55,8200,49,10.3403,21337,1,220 James St - Molloy Rd - Airpark,268627,6012 E Molloy Rd,Sy 20,2025-12-01 21:49:55+00:00,,2025-12-01 21:56:43.339943689+00:00,2241,,,408,2025-12-01
1759862,16:50:15,8202,50,10.5768,21337,1,220 James St - Molloy Rd - Airpark,268627,E Molloy Rd & Air Natl Guard Base,Sy 20,2025-12-01 21:50:15+00:00,2025-12-01 21:57:01+00:00,2025-12-01 21:57:01+00:00,2241,43.098955581437295,-76.10389561439628,406,2025-12-01
1759862,16:51:03,7437,51,11.1403,21337,1,220 James St - Molloy Rd - Airpark,268627,E Molloy Rd & Thompson Rd,Sy 20,2025-12-01 21:51:03+00:00,2025-12-01 21:58:01+00:00,2025-12-01 21:58:01+00:00,2241,43.09931408917463,-76.09614026104963,418,2025-12-01
1759862,16:51:24,8201,52,11.3879,21337,1,220 James St - Molloy Rd - Airpark,268627,E Molloy Rd & Newbrook Av,Sy 20,2025-12-01 21:51:24+00:00,,2025-12-01 21:58:25.105143598+00:00,2241,,,421,2025-12-01
1759862,16:51:35,13394,53,11.5262,21337,1,220 James St - Molloy Rd - Airpark,268627,E Molloy Rd & Ellicott Dr,Sy 20,2025-12-01 21:51:35+00:00,,2025-12-01 21:58:38.569365568+00:00,2241,,,423,2025-12-01
1759862,16:52:00,9447,54,11.7566,21337,1,220 James St - Molloy Rd - Airpark,268627,E Molloy Rd & Joy Rd,Sy 20,2025-12-01 21:52:00+00:00,2025-12-01 21:59:01+00:00,2025-12-01 21:59:01+00:00,2241,43.0997314453125,-76.08760833740234,421,2025-12-01
1759862,16:55:15,18241,55,13.1825,21337,1,220 James St - Molloy Rd - Airpark,268627,Schuyler Rd & Collamer Rd,Sy 20,2025-12-01 21:55:15+00:00,2025-12-01 22:01:01+00:00,2025-12-01 22:01:01+00:00,2241,43.100364685058594,-76.07646942138672,346,2025-12-01
1759862,16:56:15,18243,56,13.6212,21337,1,220 James St - Molloy Rd - Airpark,268627,Schuyler Rd & Canada Dr,Sy 20,2025-12-01 21:56:15+00:00,,2025-12-01 22:01:55.803342791+00:00,2241,,,340,2025-12-01
1759862,16:57:22,18244,57,14.1150,21337,1,220 James St - Molloy Rd - Airpark,268627,Schuyler Rd & Badgley Rd,Sy 20,2025-12-01 21:57:22+00:00,,2025-12-01 22:02:57.489895494+00:00,2241,,,335,2025-12-01
1759862,17:01:50,18245,58,16.0723,21337,1,220 James St - Molloy Rd - Airpark,268627,Schuyler Rd & E Taft Rd,Sy 20,2025-12-01 22:01:50+00:00,2025-12-01 22:07:02+00:00,2025-12-01 22:07:02+00:00,2241,43.126216888427734,-76.07344055175781,312,2025-12-01
1759862,17:02:57,18246,59,16.5675,21337,1,220 James St - Molloy Rd - Airpark,268627,E Taft Rd & Northern Blvd,Sy 20,2025-12-01 22:02:57+00:00,2025-12-01 22:09:01+00:00,2025-12-01 22:09:01+00:00,2241,43.128021240234375,-76.08026123046875,364,2025-12-01
1759862,17:04:57,18247,60,17.4443,21337,1,220 James St - Molloy Rd - Airpark,268627,E Taft Rd & Totman Rd,Sy 20,2025-12-01 22:04:57+00:00,2025-12-01 22:10:01+00:00,2025-12-01 22:10:01+00:00,2241,43.125213623046875,-76.09188079833984,304,2025-12-01
1759862,17:06:45,18248,61,18.2363,21337,1,220 James St - Molloy Rd - Airpark,268627,E Taft Rd & Thompson Rd,Sy 20,2025-12-01 22:06:45+00:00,,,,,,,2025-12-01
1759862,17:07:37,18249,62,18.6219,21337,1,220 James St - Molloy Rd - Airpark,268627,E Taft Rd & Palmcrest Rd,Sy 20,2025-12-01 22:07:37+00:00,,,,,,,2025-12-01
1759862,17:08:00,18236,63,18.7573,21337,1,220 James St - Molloy Rd - Airpark,268627,William Barry Blvd & Taft Rd,Sy 20,2025-12-01 22:08:00+00:00,,,,,,,2025-12-01
1759863, 5:00:00,17651,1,,21337,1,123 James - East Syracuse - Walmart,268626,B12,Sy 20,2025-12-01 10:00:00+00:00,2025-12-01 10:01:01+00:00,2025-12-01 10:01:01+00:00,2236,43.04432987522434,-76.15222188588736,61,2025-12-01
1759863, 5:01:05,102,2,0.4057,21337,1,123 James - East Syracuse - Walmart,268626,S Salina St & Jefferson St,Sy 20,2025-12-01 10:01:05+00:00,,2025-12-01 10:01:31+00:00,2236,,,26,2025-12-01
1759863, 5:01:55,17670,3,0.7147,21337,1,123 James - East Syracuse - Walmart,268626,S Salina St & Water St (mid-block),Sy 20,2025-12-01 10:01:55+00:00,2025-12-01 10:02:01+00:00,2025-12-01 10:02:01+00:00,2236,43.04925537109375,-76.15222040812175,6,2025-12-01
1759863, 5:02:38,423,4,0.9848,21337,1,123 James - East Syracuse - Walmart,268626,James St & N Warren St,Sy 20,2025-12-01 10:02:38+00:00,,2025-12-01 10:03:02.561253561+00:00,2236,,,24,2025-12-01
1759863, 5:03:19,420,5,1.2412,21337,1,123 James - East Syracuse - Walmart,268626,James St & N State St,Sy 20,2025-12-01 10:03:19+00:00,2025-12-01 10:04:01+00:00,2025-12-01 10:04:01+00:00,2236,43.05224997098328,-76.14872729192015,42,2025-12-01
1759863, 5:03:51,421,6,1.4442,21337,1,123 James - East Syracuse - Walmart,268626,James St & N Townsend St,Sy 20,2025-12-01 10:03:51+00:00,,2025-12-01 10:05:11.486111111+00:00,2236,,,80,2025-12-01
1759863, 5:04:14,442,7,1.5868,21337,1,123 James - East Syracuse - Walmart,268626,James St & N McBride St,Sy 20,2025-12-01 10:04:14+00:00,2025-12-01 10:06:01+00:00,2025-12-01 10:06:01+00:00,2236,43.054307556152345,-76.14454231262206,107,2025-12-01
1759863, 5:04:40,432,8,1.7532,21337,1,123 James - East Syracuse - Walmart,268626,James St & Catherine St,Sy 20,2025-12-01 10:04:40+00:00,,2025-12-01 10:06:17.431863067+00:00,2236,,,97,2025-12-01
1759863, 5:05:18,14776,9,1.9920,21337,1,123 James - East Syracuse - Walmart,268626,James St & Lodi St,Sy 20,2025-12-01 10:05:18+00:00,,2025-12-01 10:06:41.013166556+00:00,2236,,,83,2025-12-01
1759863, 5:05:50,446,10,2.1944,21337,1,123 James - East Syracuse - Walmart,268626,James St & Highland St,Sy 20,2025-12-01 10:05:50+00:00,2025-12-01 10:07:01+00:00,2025-12-01 10:07:01+00:00,2236,43.057048082351685,-76.13894391059875,71,2025-12-01
1759863, 5:06:18,5088,11,2.3722,21337,1,123 James - East Syracuse - Walmart,268626,960 James St,Sy 20,2025-12-01 10:06:18+00:00,,2025-12-01 10:07:27.932592779+00:00,2236,,,69,2025-12-01
1759863, 5:07:00,444,12,2.5905,21337,1,123 James - East Syracuse - Walmart,268626,James St & Oak St,Sy 20,2025-12-01 10:07:00+00:00,2025-12-01 10:08:01+00:00,2025-12-01 10:08:01+00:00,2236,43.05932331085205,-76.13431811332703,61,2025-12-01
1759863, 5:07:36,2120,13,2.8021,21337,1,123 James - East Syracuse - Walmart,268626,James St & WSYR,Sy 20,2025-12-01 10:07:36+00:00,,2025-12-01 10:08:21.484027105+00:00,2236,,,45,2025-12-01
1759863, 5:07:50,450,14,2.8895,21337,1,123 James - East Syracuse - Walmart,268626,James St & Dewitt St,Sy 20,2025-12-01 10:07:50+00:00,,2025-12-01 10:08:29.944820909+00:00,2236,,,39,2025-12-01
1759863, 5:08:06,453,15,2.9863,21337,1,123 James - East Syracuse - Walmart,268626,James St & Sedgwick Dr,Sy 20,2025-12-01 10:08:06+00:00,,2025-12-01 10:08:39.315585672+00:00,2236,,,33,2025-12-01
1759863, 5:08:44,459,16,3.2103,21337,1,123 James - East Syracuse - Walmart,268626,James St & Vine St,Sy 20,2025-12-01 10:08:44+00:00,2025-12-01 10:09:01+00:00,2025-12-01 10:09:01+00:00,2236,43.06242483170306,-76.1279788408123,17,2025-12-01
1759863, 5:09:16,464,17,3.3991,21337,1,123 James - East Syracuse - Walmart,268626,James St & Wilson St,Sy 20,2025-12-01 10:09:16+00:00,,2025-12-01 10:09:21.330222541+00:00,2236,,,5,2025-12-01
1759863, 5:09:56,469,18,3.6374,21337,1,123 James - East Syracuse - Walmart,268626,James St & Hampton Rd,Sy 20,2025-12-01 10:09:56+00:00,,2025-12-01 10:09:46.990667623+00:00,2236,,,-9,2025-12-01
1759863, 5:10:18,10678,19,3.7675,21337,1,123 James - East Syracuse - Walmart,268626,James St & Teall Ave,Sy 20,2025-12-01 10:10:18+00:00,2025-12-01 10:10:01+00:00,2025-12-01 10:10:01+00:00,2236,43.06492255715763,-76.12290146771599,-17,2025-12-01
1759863, 5:10:53,479,20,3.9788,21337,1,123 James - East Syracuse - Walmart,268626,James St & Rugby Rd,Sy 20,2025-12-01 10:10:53+00:00,2025-12-01 10:11:01+00:00,2025-12-01 10:11:01+00:00,2236,43.06599884033203,-76.12069549560547,8,2025-12-01
1759863, 5:11:13,481,21,4.0984,21337,1,123 James - East Syracuse - Walmart,268626,James St & Cook Ave,Sy 20,2025-12-01 10:11:13+00:00,,2025-12-01 10:11:35.107526881+00:00,2236,,,22,2025-12-01
1759863, 5:11:29,487,22,4.1927,21337,1,123 James - East Syracuse - Walmart,268626,James St & Hastings Pl,Sy 20,2025-12-01 10:11:29+00:00,2025-12-01 10:12:02+00:00,2025-12-01 10:12:02+00:00,2236,43.06737463814871,-76.1178844996861,33,2025-12-01
1759863, 5:11:44,491,23,4.2856,21337,1,123 James - East Syracuse - Walmart,268626,James St & Clifton Pl,Sy 20,2025-12-01 10:11:44+00:00,,2025-12-01 10:12:17.951979045+00:00,2236,,,33,2025-12-01
1759863, 5:12:00,1759,24,4.3533,21337,1,123 James - East Syracuse - Walmart,268626,James St & Shotwell Pk,Sy 20,2025-12-01 10:12:00+00:00,,2025-12-01 10:12:29.576833527+00:00,2236,,,29,2025-12-01
1759863, 5:12:31,506,25,4.5363,21337,1,123 James - East Syracuse - Walmart,268626,James St & Hickok Ave,Sy 20,2025-12-01 10:12:31+00:00,2025-12-01 10:13:01+00:00,2025-12-01 10:13:01+00:00,2236,43.06844711303711,-76.11415100097656,30,2025-12-01
1759863, 5:12:50,507,26,4.6515,21337,1,123 James - East Syracuse - Walmart,268626,James St & Stafford Ave,Sy 20,2025-12-01 10:12:50+00:00,,2025-12-01 10:13:13.938974166+00:00,2236,,,23,2025-12-01
1759863, 5:13:09,515,27,4.7648,21337,1,123 James - East Syracuse - Walmart,268626,James St & Forest Hill Dr,Sy 20,2025-12-01 10:13:09+00:00,,2025-12-01 10:13:26.664545114+00:00,2236,,,17,2025-12-01
1759863, 5:13:26,523,28,4.8640,21337,1,123 James - East Syracuse - Walmart,268626,James St & Woodbine Ave,Sy 20,2025-12-01 10:13:26+00:00,,2025-12-01 10:13:37.806439535+00:00,2236,,,11,2025-12-01
1759863, 5:13:43,522,29,4.9633,21337,1,123 James - East Syracuse - Walmart,268626,James St & Hillsdale Ave,Sy 20,2025-12-01 10:13:43+00:00,,2025-12-01 10:13:48.959565705+00:00,2236,,,5,2025-12-01
1759863, 5:14:01,532,30,5.0705,21337,1,123 James - East Syracuse - Walmart,268626,James St & S Collingwood Ave,Sy 20,2025-12-01 10:14:01+00:00,2025-12-01 10:14:01+00:00,2025-12-01 10:14:01+00:00,2236,43.06876560899078,-76.10745451880283,0,2025-12-01
1759863, 5:14:17,533,31,5.1667,21337,1,123 James - East Syracuse - Walmart,268626,James St & S Edwards Ave,Sy 20,2025-12-01 10:14:17+00:00,,2025-12-01 10:14:20.519783564+00:00,2236,,,3,2025-12-01
1759863, 5:14:31,541,32,5.2510,21337,1,123 James - East Syracuse - Walmart,268626,James St & S Midler Ave,Sy 20,2025-12-01 10:14:31+00:00,,2025-12-01 10:14:37.624957727+00:00,2236,,,6,2025-12-01
1759863, 5:14:50,547,33,5.3662,21337,1,123 James - East Syracuse - Walmart,268626,James St & Nichols Ave,Sy 20,2025-12-01 10:14:50+00:00,2025-12-01 10:15:01+00:00,2025-12-01 10:15:01+00:00,2236,43.0689582824707,-76.10389308606165,11,2025-12-01
1759863, 5:15:07,552,34,5.4654,21337,1,123 James - East Syracuse - Walmart,268626,James St & Homecroft Rd,Sy 20,2025-12-01 10:15:07+00:00,,2025-12-01 10:15:10.486770800+00:00,2236,,,3,2025-12-01
1759863, 5:15:27,567,35,5.5837,21337,1,123 James - East Syracuse - Walmart,268626,James St & Mosley Dr,Sy 20,2025-12-01 10:15:27+00:00,,2025-12-01 10:15:21.800127510+00:00,2236,,,-5,2025-12-01
1759863, 5:15:43,558,36,5.6769,21337,1,123 James - East Syracuse - Walmart,268626,James St & Plymouth Dr,Sy 20,2025-12-01 10:15:43+00:00,,2025-12-01 10:15:30.713101689+00:00,2236,,,-12,2025-12-01
1759863, 5:15:58,562,37,5.7671,21337,1,123 James - East Syracuse - Walmart,268626,James St & W Milford Dr,Sy 20,2025-12-01 10:15:58+00:00,,2025-12-01 10:15:39.339177558+00:00,2236,,,-18,2025-12-01
1759863, 5:16:36,578,38,5.9936,21337,1,123 James - East Syracuse - Walmart,268626,James St & E Milford Dr,Sy 20,2025-12-01 10:16:36+00:00,2025-12-01 10:16:01+00:00,2025-12-01 10:16:01+00:00,2236,43.0693284815008,-76.09612782796223,-35,2025-12-01
1759863, 5:17:05,575,39,6.1661,21337,1,123 James - East Syracuse - Walmart,268626,James St & Ridgewood Dr,Sy 20,2025-12-01 10:17:05+00:00,,2025-12-01 10:16:23.898230088+00:00,2236,,,-41,2025-12-01
1759863, 5:18:00,7471,40,6.4456,21337,1,123 James - East Syracuse - Walmart,268626,James St & Thompson Rd,Sy 20,2025-12-01 10:18:00+00:00,2025-12-01 10:17:01+00:00,2025-12-01 10:17:01+00:00,2236,43.06947612762451,-76.09135437011719,-59,2025-12-01
1759863, 5:19:06,2547,41,6.6732,21337,1,123 James - East Syracuse - Walmart,268626,James St & Wegman's Plaza,Sy 20,2025-12-01 10:19:06+00:00,,2025-12-01 10:17:55.711538461+00:00,2236,,,-70,2025-12-01
1759863, 5:20:25,2432,42,6.9448,21337,1,123 James - East Syracuse - Walmart,268626,James St & Worth St,Sy 20,2025-12-01 10:20:25+00:00,2025-12-01 10:19:01+00:00,2025-12-01 10:19:01+00:00,2236,43.069847236245366,-76.08512128409693,-84,2025-12-01
1759863, 5:20:55,2440,43,7.0480,21337,1,123 James - East Syracuse - Walmart,268626,James St & Schoeder St,Sy 20,2025-12-01 10:20:55+00:00,,2025-12-01 10:19:11.243176178+00:00,2236,,,-103,2025-12-01
1759863, 5:21:20,2444,44,7.1352,21337,1,123 James - East Syracuse - Walmart,268626,James St & Allen St,Sy 20,2025-12-01 10:21:20+00:00,,2025-12-01 10:19:19.898263027+00:00,2236,,,-120,2025-12-01
1759863, 5:21:46,2448,45,7.2264,21337,1,123 James - East Syracuse - Walmart,268626,James St & West Ave,Sy 20,2025-12-01 10:21:46+00:00,,2025-12-01 10:19:28.950372208+00:00,2236,,,-137,2025-12-01
1759863, 5:22:13,2452,46,7.3206,21337,1,123 James - East Syracuse - Walmart,268626,James St & Highland Ave,Sy 20,2025-12-01 10:22:13+00:00,,2025-12-01 10:19:38.300248138+00:00,2236,,,-154,2025-12-01
1759863, 5:22:45,2461,47,7.4328,21337,1,123 James - East Syracuse - Walmart,268626,James St & East Ave,Sy 20,2025-12-01 10:22:45+00:00,,2025-12-01 10:19:49.436724565+00:00,2236,,,-175,2025-12-01
1759863, 5:23:18,2464,48,7.5493,21337,1,123 James - East Syracuse - Walmart,268626,James St & Kinne St,Sy 20,2025-12-01 10:23:18+00:00,2025-12-01 10:20:01+00:00,2025-12-01 10:20:01+00:00,2236,43.07022573180118,-76.07708701440843,-197,2025-12-01
1759863, 5:24:18,8146,49,7.7586,21337,1,123 James - East Syracuse - Walmart,268626,Kinne St & Midland St,Sy 20,2025-12-01 10:24:18+00:00,,2025-12-01 10:20:32.030392883+00:00,2236,,,-225,2025-12-01
1759863, 5:25:14,8147,50,7.9540,21337,1,123 James - East Syracuse - Walmart,268626,Kinne St & W Yates St,Sy 20,2025-12-01 10:25:14+00:00,2025-12-01 10:21:01+00:00,2025-12-01 10:21:01+00:00,2236,43.06707691696455,-76.07676207344487,-253,2025-12-01
1759863, 5:25:42,8148,51,8.0501,21337,1,123 James - East Syracuse - Walmart,268626,Kinne St & W Ellis St,Sy 20,2025-12-01 10:25:42+00:00,,2025-12-01 10:21:13.544618018+00:00,2236,,,-268,2025-12-01
1759863, 5:26:15,7237,52,8.1659,21337,1,123 James - East Syracuse - Walmart,268626,Kinne St & W Manlius St,Sy 20,2025-12-01 10:26:15+00:00,,2025-12-01 10:21:28.660817462+00:00,2236,,,-286,2025-12-01
1759863, 5:26:49,7232,53,8.2861,21337,1,123 James - East Syracuse - Walmart,268626,W Manlius St & Charles St,Sy 20,2025-12-01 10:26:49+00:00,,2025-12-01 10:21:44.351380269+00:00,2236,,,-304,2025-12-01
1759863, 5:27:28,7267,54,8.4213,21337,1,123 James - East Syracuse - Walmart,268626,W Manlius St & Division St,Sy 20,2025-12-01 10:27:28+00:00,2025-12-01 10:22:02+00:00,2025-12-01 10:22:02+00:00,2236,43.06419699532645,-76.07448032924107,-326,2025-12-01
1759863, 5:27:43,7274,55,8.4735,21337,1,123 James - East Syracuse - Walmart,268626,W Manlius St & Silver St,Sy 20,2025-12-01 10:27:43+00:00,,2025-12-01 10:22:07.157929994+00:00,2236,,,-335,2025-12-01
1759863, 5:28:13,7282,56,8.5777,21337,1,123 James - East Syracuse - Walmart,268626,W Manlius St & Ball St,Sy 20,2025-12-01 10:28:13+00:00,,2025-12-01 10:22:17.454027801+00:00,2236,,,-355,2025-12-01
1759863, 5:28:38,2523,57,8.6649,21337,1,123 James - East Syracuse - Walmart,268626,W Manlius St & N Center St,Sy 20,2025-12-01 10:28:38+00:00,,2025-12-01 10:22:26.070339976+00:00,2236,,,-371,2025-12-01
1759863, 5:30:20,4281,58,9.0184,21337,1,123 James - East Syracuse - Walmart,268626,Bridge St & E 2nd St,Sy 20,2025-12-01 10:30:20+00:00,2025-12-01 10:23:01+00:00,2025-12-01 10:23:01+00:00,2236,43.062071374122134,-76.06757581994889,-439,2025-12-01
1759863, 5:31:46,8169,59,9.3153,21337,1,123 James - East Syracuse - Walmart,268626,Chevy Dr & Bridge St,Sy 20,2025-12-01 10:31:46+00:00,2025-12-01 10:24:02+00:00,2025-12-01 10:24:02+00:00,2236,43.06108093261719,-76.06490431160762,-464,2025-12-01
1759863, 5:35:00,7888,60,9.9479,21337,1,123 James - East Syracuse - Walmart,268626,Walmart - East Syracuse,Sy 20,2025-12-01 10:35:00+00:00,2025-12-01 10:25:01+00:00,2025-12-01 10:25:01+00:00,2236,43.061414845784505,-76.06064325968424,-599,2025-12-01
1759864, 8:00:00,17651,1,,21337,1,20 James - Lamson,268621,B12,Sy 20,2025-12-01 13:00:00+00:00,2025-12-01 13:01:01+00:00,2025-12-01 13:01:01+00:00,1903,43.04378037225632,-76.15166982014973,61,2025-12-01
1759864, 8:01:05,102,2,0.4057,21337,1,20 James - Lamson,268621,S Salina St & Jefferson St,Sy 20,2025-12-01 13:01:05+00:00,2025-12-01 13:02:01+00:00,2025-12-01 13:02:01+00:00,1903,43.04742431640625,-76.15223693847656,56,2025-12-01
1759864, 8:01:55,17670,3,0.7147,21337,1,20 James - Lamson,268621,S Salina St & Water St (mid-block),Sy 20,2025-12-01 13:01:55+00:00,2025-12-01 13:03:01+00:00,2025-12-01 13:03:01+00:00,1903,43.04851150512695,-76.15222930908203,66,2025-12-01
1759864, 8:02:38,423,4,0.9848,21337,1,20 James - Lamson,268621,James St & N Warren St,Sy 20,2025-12-01 13:02:38+00:00,2025-12-01 13:05:01+00:00,2025-12-01 13:05:01+00:00,1903,43.0515251159668,-76.15021514892578,143,2025-12-01
1759864, 8:03:19,420,5,1.2412,21337,1,20 James - Lamson,268621,James St & N State St,Sy 20,2025-12-01 13:03:19+00:00,2025-12-01 13:06:01+00:00,2025-12-01 13:06:01+00:00,1903,43.052550384963766,-76.1480882064156,162,2025-12-01
1759864, 8:03:51,421,6,1.4442,21337,1,20 James - Lamson,268621,James St & N Townsend St,Sy 20,2025-12-01 13:03:51+00:00,,2025-12-01 13:06:17.222695791+00:00,1903,,,146,2025-12-01
1759864, 8:04:14,442,7,1.5868,21337,1,20 James - Lamson,268621,James St & N McBride St,Sy 20,2025-12-01 13:04:14+00:00,,2025-12-01 13:06:28.618540223+00:00,1903,,,134,2025-12-01
1759864, 8:04:40,432,8,1.7532,21337,1,20 James - Lamson,268621,James St & Catherine St,Sy 20,2025-12-01 13:04:40+00:00,,2025-12-01 13:06:41.916355887+00:00,1903,,,121,2025-12-01
1759864, 8:05:18,14776,9,1.9920,21337,1,20 James - Lamson,268621,James St & Lodi St,Sy 20,2025-12-01 13:05:18+00:00,2025-12-01 13:07:01+00:00,2025-12-01 13:07:01+00:00,1903,43.056068420410156,-76.14096069335938,103,2025-12-01
1759864, 8:05:50,446,10,2.1944,21337,1,20 James - Lamson,268621,James St & Highland St,Sy 20,2025-12-01 13:05:50+00:00,,2025-12-01 13:07:21.290726817+00:00,1903,,,91,2025-12-01
1759864, 8:06:18,5088,11,2.3722,21337,1,20 James - Lamson,268621,960 James St,Sy 20,2025-12-01 13:06:18+00:00,,2025-12-01 13:07:39.115288220+00:00,1903,,,81,2025-12-01
1759864, 8:07:00,444,12,2.5905,21337,1,20 James - Lamson,268621,James St & Oak St,Sy 20,2025-12-01 13:07:00+00:00,2025-12-01 13:08:01+00:00,2025-12-01 13:08:01+00:00,1903,43.05910110473633,-76.13475799560547,61,2025-12-01
1759864, 8:07:36,2120,13,2.8021,21337,1,20 James - Lamson,268621,James St & WSYR,Sy 20,2025-12-01 13:07:36+00:00,,2025-12-01 13:08:33.076806467+00:00,1903,,,57,2025-12-01
1759864, 8:07:50,450,14,2.8895,21337,1,20 James - Lamson,268621,James St & Dewitt St,Sy 20,2025-12-01 13:07:50+00:00,,2025-12-01 13:08:46.325922182+00:00,1903,,,56,2025-12-01
1759864, 8:08:06,453,15,2.9863,21337,1,20 James - Lamson,268621,James St & Sedgwick Dr,Sy 20,2025-12-01 13:08:06+00:00,2025-12-01 13:09:01+00:00,2025-12-01 13:09:01+00:00,1903,43.06108093261719,-76.13072967529297,55,2025-12-01
1759864, 8:08:44,459,16,3.2103,21337,1,20 James - Lamson,268621,James St & Vine St,Sy 20,2025-12-01 13:08:44+00:00,,2025-12-01 13:09:33.558139534+00:00,1903,,,49,2025-12-01
1759864, 8:09:16,464,17,3.3991,21337,1,20 James - Lamson,268621,James St & Wilson St,Sy 20,2025-12-01 13:09:16+00:00,2025-12-01 13:10:01+00:00,2025-12-01 13:10:01+00:00,1903,43.063133239746094,-76.12653350830078,45,2025-12-01
1759864, 8:09:56,469,18,3.6374,21337,1,20 James - Lamson,268621,James St & Hampton Rd,Sy 20,2025-12-01 13:09:56+00:00,2025-12-01 13:11:01+00:00,2025-12-01 13:11:01+00:00,1903,43.064517974853516,-76.12370300292969,65,2025-12-01
1759864, 8:10:18,10678,19,3.7675,21337,1,20 James - Lamson,268621,James St & Teall Ave,Sy 20,2025-12-01 13:10:18+00:00,,2025-12-01 13:11:15.057266342+00:00,1903,,,57,2025-12-01
1759864, 8:10:53,479,20,3.9788,21337,1,20 James - Lamson,268621,James St & Rugby Rd,Sy 20,2025-12-01 13:10:53+00:00,,2025-12-01 13:11:37.888168557+00:00,1903,,,44,2025-12-01
1759864, 8:11:13,481,21,4.0984,21337,1,20 James - Lamson,268621,James St & Cook Ave,Sy 20,2025-12-01 13:11:13+00:00,,2025-12-01 13:11:50.810913019+00:00,1903,,,37,2025-12-01
1759864, 8:11:29,487,22,4.1927,21337,1,20 James - Lamson,268621,James St & Hastings Pl,Sy 20,2025-12-01 13:11:29+00:00,2025-12-01 13:12:01+00:00,2025-12-01 13:12:01+00:00,1903,43.06710433959961,-76.11843872070312,32,2025-12-01
1759864, 8:11:44,491,23,4.2856,21337,1,20 James - Lamson,268621,James St & Clifton Pl,Sy 20,2025-12-01 13:11:44+00:00,,2025-12-01 13:12:35.707347447+00:00,1903,,,51,2025-12-01
1759864, 8:12:00,1759,24,4.3533,21337,1,20 James - Lamson,268621,James St & Shotwell Pk,Sy 20,2025-12-01 13:12:00+00:00,2025-12-01 13:13:01+00:00,2025-12-01 13:13:01+00:00,1903,43.06829833984375,-76.11579895019531,61,2025-12-01
1759864, 8:12:27,506,25,4.5363,21337,1,20 James - Lamson,268621,James St & Hickok Ave,Sy 20,2025-12-01 13:12:27+00:00,,2025-12-01 13:13:22.499902095+00:00,1903,,,55,2025-12-01
1759864, 8:12:44,507,26,4.6515,21337,1,20 James - Lamson,268621,James St & Stafford Ave,Sy 20,2025-12-01 13:12:44+00:00,,2025-12-01 13:13:36.034266692+00:00,1903,,,52,2025-12-01
1759864, 8:13:00,515,27,4.7648,21337,1,20 James - Lamson,268621,James St & Forest Hill Dr,Sy 20,2025-12-01 13:13:00+00:00,,2025-12-01 13:13:49.345408263+00:00,1903,,,49,2025-12-01
1759864, 8:13:14,523,28,4.8640,21337,1,20 James - Lamson,268621,James St & Woodbine Ave,Sy 20,2025-12-01 13:13:14+00:00,2025-12-01 13:14:01+00:00,2025-12-01 13:14:01+00:00,1903,43.068634033203125,-76.1103515625,47,2025-12-01
1759864, 8:13:28,522,29,4.9633,21337,1,20 James - Lamson,268621,James St & Hillsdale Ave,Sy 20,2025-12-01 13:13:28+00:00,,2025-12-01 13:14:21.010901883+00:00,1903,,,53,2025-12-01
1759864, 8:13:43,532,30,5.0705,21337,1,20 James - Lamson,268621,James St & S Collingwood Ave,Sy 20,2025-12-01 13:13:43+00:00,,2025-12-01 13:14:42.613809051+00:00,1903,,,59,2025-12-01
1759864, 8:13:57,533,31,5.1667,21337,1,20 James - Lamson,268621,James St & S Edwards Ave,Sy 20,2025-12-01 13:13:57+00:00,2025-12-01 13:15:02+00:00,2025-12-01 13:15:02+00:00,1903,43.0688591003418,-76.10600280761719,65,2025-12-01
1759864, 8:14:09,541,32,5.2510,21337,1,20 James - Lamson,268621,James St & S Midler Ave,Sy 20,2025-12-01 13:14:09+00:00,,2025-12-01 13:15:26.930827067+00:00,1903,,,77,2025-12-01
1759864, 8:14:26,547,33,5.3662,21337,1,20 James - Lamson,268621,James St & Nichols Ave,Sy 20,2025-12-01 13:14:26+00:00,2025-12-01 13:16:01+00:00,2025-12-01 13:16:01+00:00,1903,43.068926712562295,-76.10399627685547,95,2025-12-01
1759864, 8:14:40,552,34,5.4654,21337,1,20 James - Lamson,268621,James St & Homecroft Rd,Sy 20,2025-12-01 13:14:40+00:00,,2025-12-01 13:16:10.644883646+00:00,1903,,,90,2025-12-01
1759864, 8:14:57,567,35,5.5837,21337,1,20 James - Lamson,268621,James St & Mosley Dr,Sy 20,2025-12-01 13:14:57+00:00,,2025-12-01 13:16:22.146796302+00:00,1903,,,85,2025-12-01
1759864, 8:15:10,558,36,5.6769,21337,1,20 James - Lamson,268621,James St & Plymouth Dr,Sy 20,2025-12-01 13:15:10+00:00,,2025-12-01 13:16:31.208320051+00:00,1903,,,81,2025-12-01
1759864, 8:15:23,562,37,5.7671,21337,1,20 James - Lamson,268621,James St & W Milford Dr,Sy 20,2025-12-01 13:15:23+00:00,,2025-12-01 13:16:39.978163850+00:00,1903,,,76,2025-12-01
1759864, 8:15:56,578,38,5.9936,21337,1,20 James - Lamson,268621,James St & E Milford Dr,Sy 20,2025-12-01 13:15:56+00:00,2025-12-01 13:17:02+00:00,2025-12-01 13:17:02+00:00,1903,43.06929016113281,-76.0966567993164,66,2025-12-01
1759864, 8:17:00,9538,39,6.3704,21337,1,20 James - Lamson,268621,Lepage Pl & Walter Dr,Sy 20,2025-12-01 13:17:00+00:00,2025-12-01 13:18:01+00:00,2025-12-01 13:18:01+00:00,1903,43.070919036865234,-76.09772491455078,61,2025-12-01
1759865, 9:20:00,17651,1,,21337,1,20 James - Lamson,268621,B12,Sy 20,2025-12-01 14:20:00+00:00,2025-12-01 14:23:02+00:00,2025-12-01 14:23:02+00:00,1903,43.04377310616629,-76.15164947509766,182,2025-12-01
1759865, 9:21:05,102,2,0.4057,21337,1,20 James - Lamson,268621,S Salina St & Jefferson St,Sy 20,2025-12-01 14:21:05+00:00,2025-12-01 14:24:01+00:00,2025-12-01 14:24:01+00:00,1903,43.04655075073242,-76.15225219726562,176,2025-12-01
1759865, 9:21:55,17670,3,0.7147,21337,1,20 James - Lamson,268621,S Salina St & Water St (mid-block),Sy 20,2025-12-01 14:21:55+00:00,2025-12-01 14:26:01+00:00,2025-12-01 14:26:01+00:00,1903,43.050201416015625,-76.15220642089844,246,2025-12-01
1759865, 9:22:38,423,4,0.9848,21337,1,20 James - Lamson,268621,James St & N Warren St,Sy 20,2025-12-01 14:22:38+00:00,,2025-12-01 14:26:31.780626780+00:00,1903,,,233,2025-12-01
1759865, 9:23:19,420,5,1.2412,21337,1,20 James - Lamson,268621,James St & N State St,Sy 20,2025-12-01 14:23:19+00:00,2025-12-01 14:27:01+00:00,2025-12-01 14:27:01+00:00,1903,43.05229949951172,-76.14862823486328,222,2025-12-01
1759865, 9:23:51,421,6,1.4442,21337,1,20 James - Lamson,268621,James St & N Townsend St,Sy 20,2025-12-01 14:23:51+00:00,,2025-12-01 14:27:24.789062499+00:00,1903,,,213,2025-12-01
1759865, 9:24:14,442,7,1.5868,21337,1,20 James - Lamson,268621,James St & N McBride St,Sy 20,2025-12-01 14:24:14+00:00,,2025-12-01 14:27:41.499999999+00:00,1903,,,207,2025-12-01
1759865, 9:24:40,432,8,1.7532,21337,1,20 James - Lamson,268621,James St & Catherine St,Sy 20,2025-12-01 14:24:40+00:00,2025-12-01 14:28:01+00:00,2025-12-01 14:28:01+00:00,1903,43.054935455322266,-76.14326477050781,201,2025-12-01
1759865, 9:25:18,14776,9,1.9920,21337,1,20 James - Lamson,268621,James St & Lodi St,Sy 20,2025-12-01 14:25:18+00:00,,2025-12-01 14:28:33.475067996+00:00,1903,,,195,2025-12-01
1759865, 9:25:50,446,10,2.1944,21337,1,20 James - Lamson,268621,James St & Highland St,Sy 20,2025-12-01 14:25:50+00:00,2025-12-01 14:29:01+00:00,2025-12-01 14:29:01+00:00,1903,43.057395935058594,-76.13825225830078,191,2025-12-01
1759865, 9:26:18,5088,11,2.3722,21337,1,20 James - Lamson,268621,960 James St,Sy 20,2025-12-01 14:26:18+00:00,,2025-12-01 14:29:28.381469325+00:00,1903,,,190,2025-12-01
1759865, 9:27:00,444,12,2.5905,21337,1,20 James - Lamson,268621,James St & Oak St,Sy 20,2025-12-01 14:27:00+00:00,2025-12-01 14:30:02+00:00,2025-12-01 14:30:02+00:00,1903,43.05975341796875,-76.13345336914062,182,2025-12-01
1759865, 9:27:36,2120,13,2.8021,21337,1,20 James - Lamson,268621,James St & WSYR,Sy 20,2025-12-01 14:27:36+00:00,,2025-12-01 14:30:17.439525105+00:00,1903,,,161,2025-12-01
1759865, 9:27:50,450,14,2.8895,21337,1,20 James - Lamson,268621,James St & Dewitt St,Sy 20,2025-12-01 14:27:50+00:00,,2025-12-01 14:30:23.816720257+00:00,1903,,,153,2025-12-01
1759865, 9:28:06,453,15,2.9863,21337,1,20 James - Lamson,268621,James St & Sedgwick Dr,Sy 20,2025-12-01 14:28:06+00:00,,2025-12-01 14:30:30.879792233+00:00,1903,,,144,2025-12-01
1759865, 9:28:44,459,16,3.2103,21337,1,20 James - Lamson,268621,James St & Vine St,Sy 20,2025-12-01 14:28:44+00:00,,2025-12-01 14:30:47.224091021+00:00,1903,,,123,2025-12-01
1759865, 9:29:16,464,17,3.3991,21337,1,20 James - Lamson,268621,James St & Wilson St,Sy 20,2025-12-01 14:29:16+00:00,2025-12-01 14:31:01+00:00,2025-12-01 14:31:01+00:00,1903,43.063541412353516,-76.1257095336914,105,2025-12-01
1759865, 9:29:56,469,18,3.6374,21337,1,20 James - Lamson,268621,James St & Hampton Rd,Sy 20,2025-12-01 14:29:56+00:00,,2025-12-01 14:31:39.811074918+00:00,1903,,,103,2025-12-01
1759865, 9:30:18,10678,19,3.7675,21337,1,20 James - Lamson,268621,James St & Teall Ave,Sy 20,2025-12-01 14:30:18+00:00,2025-12-01 14:32:01+00:00,2025-12-01 14:32:01+00:00,1903,43.064918518066406,-76.12290954589844,103,2025-12-01
1759865, 9:30:53,479,20,3.9788,21337,1,20 James - Lamson,268621,James St & Rugby Rd,Sy 20,2025-12-01 14:30:53+00:00,,2025-12-01 14:32:22.642198702+00:00,1903,,,89,2025-12-01
1759865, 9:31:13,481,21,4.0984,21337,1,20 James - Lamson,268621,James St & Cook Ave,Sy 20,2025-12-01 14:31:13+00:00,,2025-12-01 14:32:34.892113349+00:00,1903,,,81,2025-12-01
1759865, 9:31:29,487,22,4.1927,21337,1,20 James - Lamson,268621,James St & Hastings Pl,Sy 20,2025-12-01 14:31:29+00:00,,2025-12-01 14:32:44.550699897+00:00,1903,,,75,2025-12-01
1759865, 9:31:44,491,23,4.2856,21337,1,20 James - Lamson,268621,James St & Clifton Pl,Sy 20,2025-12-01 14:31:44+00:00,,2025-12-01 14:32:54.065892796+00:00,1903,,,70,2025-12-01
1759865, 9:32:00,1759,24,4.3533,21337,1,20 James - Lamson,268621,James St & Shotwell Pk,Sy 20,2025-12-01 14:32:00+00:00,2025-12-01 14:33:01+00:00,2025-12-01 14:33:01+00:00,1903,43.06801986694336,-76.11656951904297,61,2025-12-01
1759865, 9:32:27,506,25,4.5363,21337,1,20 James - Lamson,268621,James St & Hickok Ave,Sy 20,2025-12-01 14:32:27+00:00,,2025-12-01 14:33:27.682867557+00:00,1903,,,60,2025-12-01
1759865, 9:32:44,507,26,4.6515,21337,1,20 James - Lamson,268621,James St & Stafford Ave,Sy 20,2025-12-01 14:32:44+00:00,,2025-12-01 14:33:44.479951397+00:00,1903,,,60,2025-12-01
1759865, 9:33:00,515,27,4.7648,21337,1,20 James - Lamson,268621,James St & Forest Hill Dr,Sy 20,2025-12-01 14:33:00+00:00,2025-12-01 14:34:01+00:00,2025-12-01 14:34:01+00:00,1903,43.06861114501953,-76.11087799072266,61,2025-12-01
1759865, 9:33:14,523,28,4.8640,21337,1,20 James - Lamson,268621,James St & Woodbine Ave,Sy 20,2025-12-01 14:33:14+00:00,,2025-12-01 14:34:15.809654142+00:00,1903,,,61,2025-12-01
1759865, 9:33:28,522,29,4.9633,21337,1,20 James - Lamson,268621,James St & Hillsdale Ave,Sy 20,2025-12-01 14:33:28+00:00,,2025-12-01 14:34:30.634237372+00:00,1903,,,62,2025-12-01
1759865, 9:33:43,532,30,5.0705,21337,1,20 James - Lamson,268621,James St & S Collingwood Ave,Sy 20,2025-12-01 14:33:43+00:00,,2025-12-01 14:34:46.638218462+00:00,1903,,,63,2025-12-01
1759865, 9:33:57,533,31,5.1667,21337,1,20 James - Lamson,268621,James St & S Edwards Ave,Sy 20,2025-12-01 14:33:57+00:00,2025-12-01 14:35:01+00:00,2025-12-01 14:35:01+00:00,1903,43.0688591003418,-76.10600280761719,64,2025-12-01
1759865, 9:34:09,541,32,5.2510,21337,1,20 James - Lamson,268621,James St & S Midler Ave,Sy 20,2025-12-01 14:34:09+00:00,,2025-12-01 14:35:26.353383458+00:00,1903,,,77,2025-12-01
1759865, 9:34:26,547,33,5.3662,21337,1,20 James - Lamson,268621,James St & Nichols Ave,Sy 20,2025-12-01 14:34:26+00:00,2025-12-01 14:36:01+00:00,2025-12-01 14:36:01+00:00,1903,43.068931579589844,-76.10457611083984,95,2025-12-01
1759865, 9:34:40,552,34,5.4654,21337,1,20 James - Lamson,268621,James St & Homecroft Rd,Sy 20,2025-12-01 14:34:40+00:00,,2025-12-01 14:36:10.486770800+00:00,1903,,,90,2025-12-01
1759865, 9:34:57,567,35,5.5837,21337,1,20 James - Lamson,268621,James St & Mosley Dr,Sy 20,2025-12-01 14:34:57+00:00,,2025-12-01 14:36:21.800127510+00:00,1903,,,84,2025-12-01
1759865, 9:35:10,558,36,5.6769,21337,1,20 James - Lamson,268621,James St & Plymouth Dr,Sy 20,2025-12-01 14:35:10+00:00,,2025-12-01 14:36:30.713101689+00:00,1903,,,80,2025-12-01
1759865, 9:35:23,562,37,5.7671,21337,1,20 James - Lamson,268621,James St & W Milford Dr,Sy 20,2025-12-01 14:35:23+00:00,,2025-12-01 14:36:39.339177558+00:00,1903,,,76,2025-12-01
1759865, 9:35:56,578,38,5.9936,21337,1,20 James - Lamson,268621,James St & E Milford Dr,Sy 20,2025-12-01 14:35:56+00:00,2025-12-01 14:37:01+00:00,2025-12-01 14:37:01+00:00,1903,43.06929016113281,-76.0966567993164,65,2025-12-01
1759865, 9:37:00,9538,39,6.3704,21337,1,20 James - Lamson,268621,Lepage Pl & Walter Dr,Sy 20,2025-12-01 14:37:00+00:00,,,,,,,2025-12-01
1759866,10:40:00,17651,1,,21337,1,20 James - Lamson,268621,B12,Sy 20,2025-12-01 15:40:00+00:00,2025-12-01 15:42:01+00:00,2025-12-01 15:42:01+00:00,1903,43.04370880126953,-76.15152740478516,121,2025-12-01
1759866,10:41:05,102,2,0.4057,21337,1,20 James - Lamson,268621,S Salina St & Jefferson St,Sy 20,2025-12-01 15:41:05+00:00,2025-12-01 15:43:01+00:00,2025-12-01 15:43:01+00:00,1903,43.04655075073242,-76.15225219726562,116,2025-12-01
1759866,10:41:55,17670,3,0.7147,21337,1,20 James - Lamson,268621,S Salina St & Water St (mid-block),Sy 20,2025-12-01 15:41:55+00:00,2025-12-01 15:44:01+00:00,2025-12-01 15:44:01+00:00,1903,43.049224853515625,-76.1522216796875,126,2025-12-01
1759866,10:42:38,423,4,0.9848,21337,1,20 James - Lamson,268621,James St & N Warren St,Sy 20,2025-12-01 15:42:38+00:00,2025-12-01 15:45:01+00:00,2025-12-01 15:45:01+00:00,1903,43.05129268251616,-76.15070842874461,143,2025-12-01
1759866,10:43:19,420,5,1.2412,21337,1,20 James - Lamson,268621,James St & N State St,Sy 20,2025-12-01 15:43:19+00:00,,2025-12-01 15:45:52.109634551+00:00,1903,,,153,2025-12-01
1759866,10:43:51,421,6,1.4442,21337,1,20 James - Lamson,268621,James St & N Townsend St,Sy 20,2025-12-01 15:43:51+00:00,,2025-12-01 15:46:32.574750830+00:00,1903,,,161,2025-12-01
1759866,10:44:14,442,7,1.5868,21337,1,20 James - Lamson,268621,James St & N McBride St,Sy 20,2025-12-01 15:44:14+00:00,2025-12-01 15:47:01+00:00,2025-12-01 15:47:01+00:00,1903,43.05421447753906,-76.1446533203125,167,2025-12-01
1759866,10:44:40,432,8,1.7532,21337,1,20 James - Lamson,268621,James St & Catherine St,Sy 20,2025-12-01 15:44:40+00:00,,2025-12-01 15:47:33.863726135+00:00,1903,,,173,2025-12-01
1759866,10:45:18,14776,9,1.9920,21337,1,20 James - Lamson,268621,James St & Lodi St,Sy 20,2025-12-01 15:45:18+00:00,,2025-12-01 15:48:21.026333113+00:00,1903,,,183,2025-12-01
1759866,10:45:50,446,10,2.1944,21337,1,20 James - Lamson,268621,James St & Highland St,Sy 20,2025-12-01 15:45:50+00:00,2025-12-01 15:49:01+00:00,2025-12-01 15:49:01+00:00,1903,43.05709457397461,-76.13884735107422,191,2025-12-01
1759866,10:46:18,5088,11,2.3722,21337,1,20 James - Lamson,268621,960 James St,Sy 20,2025-12-01 15:46:18+00:00,,2025-12-01 15:49:54.865185559+00:00,1903,,,216,2025-12-01
1759866,10:47:00,444,12,2.5905,21337,1,20 James - Lamson,268621,James St & Oak St,Sy 20,2025-12-01 15:47:00+00:00,2025-12-01 15:51:01+00:00,2025-12-01 15:51:01+00:00,1903,43.05944263935089,-76.13408255577087,241,2025-12-01
1759866,10:47:36,2120,13,2.8021,21337,1,20 James - Lamson,268621,James St & WSYR,Sy 20,2025-12-01 15:47:36+00:00,,2025-12-01 15:51:33.076806467+00:00,1903,,,237,2025-12-01
1759866,10:47:50,450,14,2.8895,21337,1,20 James - Lamson,268621,James St & Dewitt St,Sy 20,2025-12-01 15:47:50+00:00,,2025-12-01 15:51:46.325922182+00:00,1903,,,236,2025-12-01
1759866,10:48:06,453,15,2.9863,21337,1,20 James - Lamson,268621,James St & Sedgwick Dr,Sy 20,2025-12-01 15:48:06+00:00,2025-12-01 15:52:01+00:00,2025-12-01 15:52:01+00:00,1903,43.06102432743196,-76.13084780785346,235,2025-12-01
1759866,10:48:44,459,16,3.2103,21337,1,20 James - Lamson,268621,James St & Vine St,Sy 20,2025-12-01 15:48:44+00:00,,2025-12-01 15:52:21.297957303+00:00,1903,,,217,2025-12-01
1759866,10:49:16,464,17,3.3991,21337,1,20 James - Lamson,268621,James St & Wilson St,Sy 20,2025-12-01 15:49:16+00:00,,2025-12-01 15:52:38.406235601+00:00,1903,,,202,2025-12-01
1759866,10:49:56,469,18,3.6374,21337,1,20 James - Lamson,268621,James St & Hampton Rd,Sy 20,2025-12-01 15:49:56+00:00,2025-12-01 15:53:00+00:00,2025-12-01 15:53:00+00:00,1903,43.06481170654297,-76.12311553955078,184,2025-12-01
1759866,10:50:18,10678,19,3.7675,21337,1,20 James - Lamson,268621,James St & Teall Ave,Sy 20,2025-12-01 15:50:18+00:00,2025-12-01 15:54:02+00:00,2025-12-01 15:54:02+00:00,1903,43.06517767137097,-76.12236835110572,224,2025-12-01
1759866,10:50:53,479,20,3.9788,21337,1,20 James - Lamson,268621,James St & Rugby Rd,Sy 20,2025-12-01 15:50:53+00:00,,2025-12-01 15:54:23.281495390+00:00,1903,,,210,2025-12-01
1759866,10:51:13,481,21,4.0984,21337,1,20 James - Lamson,268621,James St & Cook Ave,Sy 20,2025-12-01 15:51:13+00:00,,2025-12-01 15:54:35.327244793+00:00,1903,,,202,2025-12-01
1759866,10:51:29,487,22,4.1927,21337,1,20 James - Lamson,268621,James St & Hastings Pl,Sy 20,2025-12-01 15:51:29+00:00,,2025-12-01 15:54:44.824854899+00:00,1903,,,195,2025-12-01
1759866,10:51:44,491,23,4.2856,21337,1,20 James - Lamson,268621,James St & Clifton Pl,Sy 20,2025-12-01 15:51:44+00:00,,2025-12-01 15:54:54.181461249+00:00,1903,,,190,2025-12-01
1759866,10:52:00,1759,24,4.3533,21337,1,20 James - Lamson,268621,James St & Shotwell Pk,Sy 20,2025-12-01 15:52:00+00:00,2025-12-01 15:55:01+00:00,2025-12-01 15:55:01+00:00,1903,43.06821060180664,-76.11608123779297,181,2025-12-01
1759866,10:52:27,506,25,4.5363,21337,1,20 James - Lamson,268621,James St & Hickok Ave,Sy 20,2025-12-01 15:52:27+00:00,2025-12-01 15:56:01+00:00,2025-12-01 15:56:01+00:00,1903,43.06844783964611,-76.11414082845052,214,2025-12-01
1759866,10:52:44,507,26,4.6515,21337,1,20 James - Lamson,268621,James St & Stafford Ave,Sy 20,2025-12-01 15:52:44+00:00,,2025-12-01 15:56:12.147208121+00:00,1903,,,208,2025-12-01
1759866,10:53:00,515,27,4.7648,21337,1,20 James - Lamson,268621,James St & Forest Hill Dr,Sy 20,2025-12-01 15:53:00+00:00,,2025-12-01 15:56:23.110564720+00:00,1903,,,203,2025-12-01
1759866,10:53:14,523,28,4.8640,21337,1,20 James - Lamson,268621,James St & Woodbine Ave,Sy 20,2025-12-01 15:53:14+00:00,,2025-12-01 15:56:32.709549492+00:00,1903,,,198,2025-12-01
1759866,10:53:28,522,29,4.9633,21337,1,20 James - Lamson,268621,James St & Hillsdale Ave,Sy 20,2025-12-01 15:53:28+00:00,,2025-12-01 15:56:42.318210659+00:00,1903,,,194,2025-12-01
1759866,10:53:43,532,30,5.0705,21337,1,20 James - Lamson,268621,James St & S Collingwood Ave,Sy 20,2025-12-01 15:53:43+00:00,,2025-12-01 15:56:52.691307106+00:00,1903,,,189,2025-12-01
1759866,10:53:57,533,31,5.1667,21337,1,20 James - Lamson,268621,James St & S Edwards Ave,Sy 20,2025-12-01 15:53:57+00:00,2025-12-01 15:57:02+00:00,2025-12-01 15:57:02+00:00,1903,43.06882171630859,-76.10653686523438,185,2025-12-01
1759866,10:54:09,541,32,5.2510,21337,1,20 James - Lamson,268621,James St & S Midler Ave,Sy 20,2025-12-01 15:54:09+00:00,,2025-12-01 15:57:18.651155005+00:00,1903,,,189,2025-12-01
1759866,10:54:26,547,33,5.3662,21337,1,20 James - Lamson,268621,James St & Nichols Ave,Sy 20,2025-12-01 15:54:26+00:00,,2025-12-01 15:57:41.405758285+00:00,1903,,,195,2025-12-01
1759866,10:54:40,552,34,5.4654,21337,1,20 James - Lamson,268621,James St & Homecroft Rd,Sy 20,2025-12-01 15:54:40+00:00,2025-12-01 15:58:01+00:00,2025-12-01 15:58:01+00:00,1903,43.06901168823242,-76.10277557373047,201,2025-12-01
1759866,10:54:57,567,35,5.5837,21337,1,20 James - Lamson,268621,James St & Mosley Dr,Sy 20,2025-12-01 15:54:57+00:00,,2025-12-01 15:58:14.662059825+00:00,1903,,,197,2025-12-01
1759866,10:55:10,558,36,5.6769,21337,1,20 James - Lamson,268621,James St & Plymouth Dr,Sy 20,2025-12-01 15:55:10+00:00,,2025-12-01 15:58:25.425407042+00:00,1903,,,195,2025-12-01
1759866,10:55:23,562,37,5.7671,21337,1,20 James - Lamson,268621,James St & W Milford Dr,Sy 20,2025-12-01 15:55:23+00:00,,2025-12-01 15:58:35.842294585+00:00,1903,,,192,2025-12-01
1759866,10:55:56,578,38,5.9936,21337,1,20 James - Lamson,268621,James St & E Milford Dr,Sy 20,2025-12-01 15:55:56+00:00,2025-12-01 15:59:02+00:00,2025-12-01 15:59:02+00:00,1903,43.06929016113281,-76.0966567993164,186,2025-12-01
1759866,10:57:00,9538,39,6.3704,21337,1,20 James - Lamson,268621,Lepage Pl & Walter Dr,Sy 20,2025-12-01 15:57:00+00:00,,,,,,,2025-12-01
1759867,12:00:00,17651,1,,21337,1,20 James - Lamson,268625,B12,Sy 20,2025-12-01 17:00:00+00:00,2025-12-01 17:02:01+00:00,2025-12-01 17:02:01+00:00,2022,43.043863487243655,-76.15201148986816,121,2025-12-01
1759867,12:01:05,102,2,0.4057,21337,1,20 James - Lamson,268625,S Salina St & Jefferson St,Sy 20,2025-12-01 17:01:05+00:00,2025-12-01 17:03:01+00:00,2025-12-01 17:03:01+00:00,2022,43.046499844255116,-76.15225219726562,116,2025-12-01
1759867,12:01:55,17670,3,0.7147,21337,1,20 James - Lamson,268625,S Salina St & Water St (mid-block),Sy 20,2025-12-01 17:01:55+00:00,2025-12-01 17:05:01+00:00,2025-12-01 17:05:01+00:00,2022,43.05000181759105,-76.15220642089844,186,2025-12-01
1759867,12:02:38,423,4,0.9848,21337,1,20 James - Lamson,268625,James St & N Warren St,Sy 20,2025-12-01 17:02:38+00:00,2025-12-01 17:06:01+00:00,2025-12-01 17:06:01+00:00,2022,43.0512941294703,-76.15070540329506,203,2025-12-01
1759867,12:03:19,420,5,1.2412,21337,1,20 James - Lamson,268625,James St & N State St,Sy 20,2025-12-01 17:03:19+00:00,,2025-12-01 17:06:21.020822488+00:00,2022,,,182,2025-12-01
1759867,12:03:51,421,6,1.4442,21337,1,20 James - Lamson,268625,James St & N Townsend St,Sy 20,2025-12-01 17:03:51+00:00,,2025-12-01 17:06:36.871941697+00:00,2022,,,165,2025-12-01
1759867,12:04:14,442,7,1.5868,21337,1,20 James - Lamson,268625,James St & N McBride St,Sy 20,2025-12-01 17:04:14+00:00,,2025-12-01 17:06:48.006767308+00:00,2022,,,154,2025-12-01
1759867,12:04:40,432,8,1.7532,21337,1,20 James - Lamson,268625,James St & Catherine St,Sy 20,2025-12-01 17:04:40+00:00,2025-12-01 17:07:01+00:00,2025-12-01 17:07:01+00:00,2022,43.05486208893532,-76.14341913267623,141,2025-12-01
1759867,12:05:18,14776,9,1.9920,21337,1,20 James - Lamson,268625,James St & Lodi St,Sy 20,2025-12-01 17:05:18+00:00,,2025-12-01 17:07:33.475067996+00:00,2022,,,135,2025-12-01
1759867,12:05:50,446,10,2.1944,21337,1,20 James - Lamson,268625,James St & Highland St,Sy 20,2025-12-01 17:05:50+00:00,2025-12-01 17:08:01+00:00,2025-12-01 17:08:01+00:00,2022,43.057048082351685,-76.13894391059875,131,2025-12-01
1759867,12:06:18,5088,11,2.3722,21337,1,20 James - Lamson,268625,960 James St,Sy 20,2025-12-01 17:06:18+00:00,,2025-12-01 17:08:27.932592779+00:00,2022,,,129,2025-12-01
1759867,12:07:00,444,12,2.5905,21337,1,20 James - Lamson,268625,James St & Oak St,Sy 20,2025-12-01 17:07:00+00:00,2025-12-01 17:09:01+00:00,2025-12-01 17:09:01+00:00,2022,43.05901962963503,-76.13492698100076,121,2025-12-01
1759867,12:07:36,2120,13,2.8021,21337,1,20 James - Lamson,268625,James St & WSYR,Sy 20,2025-12-01 17:07:36+00:00,,2025-12-01 17:09:43.461538461+00:00,2022,,,127,2025-12-01
1759867,12:07:50,450,14,2.8895,21337,1,20 James - Lamson,268625,James St & Dewitt St,Sy 20,2025-12-01 17:07:50+00:00,2025-12-01 17:10:01+00:00,2025-12-01 17:10:01+00:00,2022,43.060588439305626,-76.13173357645671,131,2025-12-01
1759867,12:08:06,453,15,2.9863,21337,1,20 James - Lamson,268625,James St & Sedgwick Dr,Sy 20,2025-12-01 17:08:06+00:00,,2025-12-01 17:10:12.397174254+00:00,2022,,,126,2025-12-01
1759867,12:08:44,459,16,3.2103,21337,1,20 James - Lamson,268625,James St & Vine St,Sy 20,2025-12-01 17:08:44+00:00,,2025-12-01 17:10:38.770800627+00:00,2022,,,114,2025-12-01
1759867,12:09:16,464,17,3.3991,21337,1,20 James - Lamson,268625,James St & Wilson St,Sy 20,2025-12-01 17:09:16+00:00,2025-12-01 17:11:01+00:00,2025-12-01 17:11:01+00:00,2022,43.06337102254232,-76.12605794270833,105,2025-12-01
1759867,12:09:56,469,18,3.6374,21337,1,20 James - Lamson,268625,James St & Hampton Rd,Sy 20,2025-12-01 17:09:56+00:00,2025-12-01 17:12:02+00:00,2025-12-01 17:12:02+00:00,2022,43.06466805756982,-76.12340283749708,126,2025-12-01
1759867,12:10:18,10678,19,3.7675,21337,1,20 James - Lamson,268625,James St & Teall Ave,Sy 20,2025-12-01 17:10:18+00:00,,2025-12-01 17:12:13.841869793+00:00,2022,,,115,2025-12-01
1759867,12:10:53,479,20,3.9788,21337,1,20 James - Lamson,268625,James St & Rugby Rd,Sy 20,2025-12-01 17:10:53+00:00,,2025-12-01 17:12:33.074668312+00:00,2022,,,100,2025-12-01
1759867,12:11:13,481,21,4.0984,21337,1,20 James - Lamson,268625,James St & Cook Ave,Sy 20,2025-12-01 17:11:13+00:00,,2025-12-01 17:12:43.960814563+00:00,2022,,,90,2025-12-01
1759867,12:11:29,487,22,4.1927,21337,1,20 James - Lamson,268625,James St & Hastings Pl,Sy 20,2025-12-01 17:11:29+00:00,,2025-12-01 17:12:52.544122184+00:00,2022,,,83,2025-12-01
1759867,12:11:44,491,23,4.2856,21337,1,20 James - Lamson,268625,James St & Clifton Pl,Sy 20,2025-12-01 17:11:44+00:00,2025-12-01 17:13:01+00:00,2025-12-01 17:13:01+00:00,2022,43.067552294049946,-76.11753191266742,77,2025-12-01
1759867,12:12:00,1759,24,4.3533,21337,1,20 James - Lamson,268625,James St & Shotwell Pk,Sy 20,2025-12-01 17:12:00+00:00,,2025-12-01 17:13:09.476627712+00:00,2022,,,69,2025-12-01
1759867,12:12:27,506,25,4.5363,21337,1,20 James - Lamson,268625,James St & Hickok Ave,Sy 20,2025-12-01 17:12:27+00:00,,2025-12-01 17:13:32.389816360+00:00,2022,,,65,2025-12-01
1759867,12:12:44,507,26,4.6515,21337,1,20 James - Lamson,268625,James St & Stafford Ave,Sy 20,2025-12-01 17:12:44+00:00,,2025-12-01 17:13:46.813856427+00:00,2022,,,62,2025-12-01
1759867,12:13:00,515,27,4.7648,21337,1,20 James - Lamson,268625,James St & Forest Hill Dr,Sy 20,2025-12-01 17:13:00+00:00,2025-12-01 17:14:01+00:00,2025-12-01 17:14:01+00:00,2022,43.068545842574814,-76.11208964202363,61,2025-12-01
1759867,12:13:14,523,28,4.8640,21337,1,20 James - Lamson,268625,James St & Woodbine Ave,Sy 20,2025-12-01 17:13:14+00:00,,2025-12-01 17:14:30.984886649+00:00,2022,,,76,2025-12-01
1759867,12:13:28,522,29,4.9633,21337,1,20 James - Lamson,268625,James St & Hillsdale Ave,Sy 20,2025-12-01 17:13:28+00:00,2025-12-01 17:15:01+00:00,2025-12-01 17:15:01+00:00,2022,43.068716305405346,-76.10854692601445,93,2025-12-01
1759867,12:13:43,532,30,5.0705,21337,1,20 James - Lamson,268625,James St & S Collingwood Ave,Sy 20,2025-12-01 17:13:43+00:00,,2025-12-01 17:15:32.622418879+00:00,2022,,,109,2025-12-01
1759867,12:13:57,533,31,5.1667,21337,1,20 James - Lamson,268625,James St & S Edwards Ave,Sy 20,2025-12-01 17:13:57+00:00,2025-12-01 17:16:01+00:00,2025-12-01 17:16:01+00:00,2022,43.068824444786976,-76.10701195668366,124,2025-12-01
1759867,12:14:09,541,32,5.2510,21337,1,20 James - Lamson,268625,James St & S Midler Ave,Sy 20,2025-12-01 17:14:09+00:00,2025-12-01 17:17:02+00:00,2025-12-01 17:17:02+00:00,2022,43.06889504901434,-76.1052996102026,173,2025-12-01
1759867,12:14:26,547,33,5.3662,21337,1,20 James - Lamson,268625,James St & Nichols Ave,Sy 20,2025-12-01 17:14:26+00:00,,2025-12-01 17:17:15.169540786+00:00,2022,,,169,2025-12-01
1759867,12:14:40,552,34,5.4654,21337,1,20 James - Lamson,268625,James St & Homecroft Rd,Sy 20,2025-12-01 17:14:40+00:00,,2025-12-01 17:17:26.509978686+00:00,2022,,,166,2025-12-01
1759867,12:14:57,567,35,5.5837,21337,1,20 James - Lamson,268625,James St & Mosley Dr,Sy 20,2025-12-01 17:14:57+00:00,,2025-12-01 17:17:40.033908157+00:00,2022,,,163,2025-12-01
1759867,12:15:10,558,36,5.6769,21337,1,20 James - Lamson,268625,James St & Plymouth Dr,Sy 20,2025-12-01 17:15:10+00:00,,2025-12-01 17:17:50.688432474+00:00,2022,,,160,2025-12-01
1759867,12:15:23,562,37,5.7671,21337,1,20 James - Lamson,268625,James St & W Milford Dr,Sy 20,2025-12-01 17:15:23+00:00,2025-12-01 17:18:01+00:00,2025-12-01 17:18:01+00:00,2022,43.0692006891424,-76.09886932373047,158,2025-12-01
1759867,12:15:56,578,38,5.9936,21337,1,20 James - Lamson,268625,James St & E Milford Dr,Sy 20,2025-12-01 17:15:56+00:00,,2025-12-01 17:18:23.526106414+00:00,2022,,,147,2025-12-01
1759867,12:17:00,9538,39,6.3704,21337,1,20 James - Lamson,268625,Lepage Pl & Walter Dr,Sy 20,2025-12-01 17:17:00+00:00,2025-12-01 17:19:01+00:00,2025-12-01 17:19:01+00:00,2022,43.070919036865234,-76.09772491455078,121,2025-12-01
1759868, 8:40:00,17651,1,,21337,1,20 James - Lamson,268623,B12,Sy 20,2025-12-01 13:40:00+00:00,2025-12-01 13:42:01+00:00,2025-12-01 13:42:01+00:00,2232,43.04379093647003,-76.15173673629761,121,2025-12-01
1759868, 8:41:05,102,2,0.4057,21337,1,20 James - Lamson,268623,S Salina St & Jefferson St,Sy 20,2025-12-01 13:41:05+00:00,2025-12-01 13:43:02+00:00,2025-12-01 13:43:02+00:00,2232,43.046908002911195,-76.15224919174656,117,2025-12-01
1759868, 8:41:55,17670,3,0.7147,21337,1,20 James - Lamson,268623,S Salina St & Water St (mid-block),Sy 20,2025-12-01 13:41:55+00:00,2025-12-01 13:44:01+00:00,2025-12-01 13:44:01+00:00,2232,43.049830212312585,-76.15220642089844,126,2025-12-01
1759868, 8:42:38,423,4,0.9848,21337,1,20 James - Lamson,268623,James St & N Warren St,Sy 20,2025-12-01 13:42:38+00:00,2025-12-01 13:45:01+00:00,2025-12-01 13:45:01+00:00,2232,43.05126953125,-76.1513729560666,143,2025-12-01
1759868, 8:43:19,420,5,1.2412,21337,1,20 James - Lamson,268623,James St & N State St,Sy 20,2025-12-01 13:43:19+00:00,2025-12-01 13:46:02+00:00,2025-12-01 13:46:02+00:00,2232,43.05225134677574,-76.14872454033524,163,2025-12-01
1759868, 8:43:51,421,6,1.4442,21337,1,20 James - Lamson,268623,James St & N Townsend St,Sy 20,2025-12-01 13:43:51+00:00,,2025-12-01 13:47:11.898726851+00:00,2232,,,200,2025-12-01
1759868, 8:44:14,442,7,1.5868,21337,1,20 James - Lamson,268623,James St & N McBride St,Sy 20,2025-12-01 13:44:14+00:00,2025-12-01 13:48:01+00:00,2025-12-01 13:48:01+00:00,2232,43.054230225391876,-76.14466681847206,227,2025-12-01
1759868, 8:44:40,432,8,1.7532,21337,1,20 James - Lamson,268623,James St & Catherine St,Sy 20,2025-12-01 13:44:40+00:00,2025-12-01 13:49:01+00:00,2025-12-01 13:49:01+00:00,2232,43.055261823866104,-76.1426027086046,261,2025-12-01
1759868, 8:45:18,14776,9,1.9920,21337,1,20 James - Lamson,268623,James St & Lodi St,Sy 20,2025-12-01 13:45:18+00:00,,2025-12-01 13:49:33.475067996+00:00,2232,,,255,2025-12-01
1759868, 8:45:50,446,10,2.1944,21337,1,20 James - Lamson,268623,James St & Highland St,Sy 20,2025-12-01 13:45:50+00:00,2025-12-01 13:50:01+00:00,2025-12-01 13:50:01+00:00,2232,43.05735473632812,-76.13833877563476,251,2025-12-01
1759868, 8:46:18,5088,11,2.3722,21337,1,20 James - Lamson,268623,960 James St,Sy 20,2025-12-01 13:46:18+00:00,,2025-12-01 13:50:28.381469325+00:00,2232,,,250,2025-12-01
1759868, 8:47:00,444,12,2.5905,21337,1,20 James - Lamson,268623,James St & Oak St,Sy 20,2025-12-01 13:47:00+00:00,2025-12-01 13:51:02+00:00,2025-12-01 13:51:02+00:00,2232,43.059268542698454,-76.13442148481097,242,2025-12-01
1759868, 8:47:36,2120,13,2.8021,21337,1,20 James - Lamson,268623,James St & WSYR,Sy 20,2025-12-01 13:47:36+00:00,,2025-12-01 13:51:33.542193026+00:00,2232,,,237,2025-12-01
1759868, 8:47:50,450,14,2.8895,21337,1,20 James - Lamson,268623,James St & Dewitt St,Sy 20,2025-12-01 13:47:50+00:00,,2025-12-01 13:51:46.570490146+00:00,2232,,,236,2025-12-01
1759868, 8:48:06,453,15,2.9863,21337,1,20 James - Lamson,268623,James St & Sedgwick Dr,Sy 20,2025-12-01 13:48:06+00:00,2025-12-01 13:52:01+00:00,2025-12-01 13:52:01+00:00,2232,43.06130263384651,-76.13028313131893,235,2025-12-01
1759868, 8:48:44,459,16,3.2103,21337,1,20 James - Lamson,268623,James St & Vine St,Sy 20,2025-12-01 13:48:44+00:00,,2025-12-01 13:52:33.558139534+00:00,2232,,,229,2025-12-01
1759868, 8:49:16,464,17,3.3991,21337,1,20 James - Lamson,268623,James St & Wilson St,Sy 20,2025-12-01 13:49:16+00:00,2025-12-01 13:53:01+00:00,2025-12-01 13:53:01+00:00,2232,43.063382148742676,-76.12603569030762,225,2025-12-01
1759868, 8:49:56,469,18,3.6374,21337,1,20 James - Lamson,268623,James St & Hampton Rd,Sy 20,2025-12-01 13:49:56+00:00,,2025-12-01 13:53:40.457926167+00:00,2232,,,224,2025-12-01
1759868, 8:50:18,10678,19,3.7675,21337,1,20 James - Lamson,268623,James St & Teall Ave,Sy 20,2025-12-01 13:50:18+00:00,2025-12-01 13:54:02+00:00,2025-12-01 13:54:02+00:00,2232,43.06537954268917,-76.12195488714403,224,2025-12-01
1759868, 8:50:53,479,20,3.9788,21337,1,20 James - Lamson,268623,James St & Rugby Rd,Sy 20,2025-12-01 13:50:53+00:00,,2025-12-01 13:54:23.281495390+00:00,2232,,,210,2025-12-01
1759868, 8:51:13,481,21,4.0984,21337,1,20 James - Lamson,268623,James St & Cook Ave,Sy 20,2025-12-01 13:51:13+00:00,,2025-12-01 13:54:35.327244793+00:00,2232,,,202,2025-12-01
1759868, 8:51:29,487,22,4.1927,21337,1,20 James - Lamson,268623,James St & Hastings Pl,Sy 20,2025-12-01 13:51:29+00:00,,2025-12-01 13:54:44.824854899+00:00,2232,,,195,2025-12-01
1759868, 8:51:44,491,23,4.2856,21337,1,20 James - Lamson,268623,James St & Clifton Pl,Sy 20,2025-12-01 13:51:44+00:00,,2025-12-01 13:54:54.181461249+00:00,2232,,,190,2025-12-01
1759868, 8:52:00,1759,24,4.3533,21337,1,20 James - Lamson,268623,James St & Shotwell Pk,Sy 20,2025-12-01 13:52:00+00:00,2025-12-01 13:55:01+00:00,2025-12-01 13:55:01+00:00,2232,43.068185806274414,-76.11617469787598,181,2025-12-01
1759868, 8:52:27,506,25,4.5363,21337,1,20 James - Lamson,268623,James St & Hickok Ave,Sy 20,2025-12-01 13:52:27+00:00,2025-12-01 13:56:01+00:00,2025-12-01 13:56:01+00:00,2232,43.06844729468936,-76.11414845784505,214,2025-12-01
1759868, 8:52:44,507,26,4.6515,21337,1,20 James - Lamson,268623,James St & Stafford Ave,Sy 20,2025-12-01 13:52:44+00:00,,2025-12-01 13:56:22.444003661+00:00,2232,,,218,2025-12-01
1759868, 8:53:00,515,27,4.7648,21337,1,20 James - Lamson,268623,James St & Forest Hill Dr,Sy 20,2025-12-01 13:53:00+00:00,,2025-12-01 13:56:43.534330180+00:00,2232,,,223,2025-12-01
1759868, 8:53:14,523,28,4.8640,21337,1,20 James - Lamson,268623,James St & Woodbine Ave,Sy 20,2025-12-01 13:53:14+00:00,2025-12-01 13:57:02+00:00,2025-12-01 13:57:02+00:00,2232,43.06861830730828,-76.1107060957928,228,2025-12-01
1759868, 8:53:28,522,29,4.9633,21337,1,20 James - Lamson,268623,James St & Hillsdale Ave,Sy 20,2025-12-01 13:53:28+00:00,,2025-12-01 13:57:17.138759689+00:00,2232,,,229,2025-12-01
1759868, 8:53:43,532,30,5.0705,21337,1,20 James - Lamson,268623,James St & S Collingwood Ave,Sy 20,2025-12-01 13:53:43+00:00,,2025-12-01 13:57:33.481912144+00:00,2232,,,230,2025-12-01
1759868, 8:53:57,533,31,5.1667,21337,1,20 James - Lamson,268623,James St & S Edwards Ave,Sy 20,2025-12-01 13:53:57+00:00,,2025-12-01 13:57:48.148062015+00:00,2232,,,231,2025-12-01
1759868, 8:54:09,541,32,5.2510,21337,1,20 James - Lamson,268623,James St & S Midler Ave,Sy 20,2025-12-01 13:54:09+00:00,2025-12-01 13:58:01+00:00,2025-12-01 13:58:01+00:00,2232,43.06889621282028,-76.1052895238844,232,2025-12-01
1759868, 8:54:26,547,33,5.3662,21337,1,20 James - Lamson,268623,James St & Nichols Ave,Sy 20,2025-12-01 13:54:26+00:00,,2025-12-01 13:58:21.775473399+00:00,2232,,,235,2025-12-01
1759868, 8:54:40,552,34,5.4654,21337,1,20 James - Lamson,268623,James St & Homecroft Rd,Sy 20,2025-12-01 13:54:40+00:00,,2025-12-01 13:58:39.665464382+00:00,2232,,,239,2025-12-01
1759868, 8:54:57,567,35,5.5837,21337,1,20 James - Lamson,268623,James St & Mosley Dr,Sy 20,2025-12-01 13:54:57+00:00,2025-12-01 13:59:01+00:00,2025-12-01 13:59:01+00:00,2232,43.06911283380845,-76.10076399410472,244,2025-12-01
1759868, 8:55:10,558,36,5.6769,21337,1,20 James - Lamson,268623,James St & Plymouth Dr,Sy 20,2025-12-01 13:55:10+00:00,,2025-12-01 13:59:14.642351793+00:00,2232,,,244,2025-12-01
1759868, 8:55:23,562,37,5.7671,21337,1,20 James - Lamson,268623,James St & W Milford Dr,Sy 20,2025-12-01 13:55:23+00:00,,2025-12-01 13:59:27.845572090+00:00,2232,,,244,2025-12-01
1759868, 8:55:56,578,38,5.9936,21337,1,20 James - Lamson,268623,James St & E Milford Dr,Sy 20,2025-12-01 13:55:56+00:00,2025-12-01 14:00:01+00:00,2025-12-01 14:00:01+00:00,2232,43.070812449735755,-76.09603747199563,245,2025-12-01
1759868, 8:57:00,9538,39,6.3704,21337,1,20 James - Lamson,268623,Lepage Pl & Walter Dr,Sy 20,2025-12-01 13:57:00+00:00,,,,,,,2025-12-01
1759869,10:00:00,17651,1,,21337,1,20 James - Lamson,268623,B12,Sy 20,2025-12-01 15:00:00+00:00,2025-12-01 15:02:01+00:00,2025-12-01 15:02:01+00:00,2232,43.04370880126953,-76.15152740478516,121,2025-12-01
1759869,10:01:05,102,2,0.4057,21337,1,20 James - Lamson,268623,S Salina St & Jefferson St,Sy 20,2025-12-01 15:01:05+00:00,2025-12-01 15:03:01+00:00,2025-12-01 15:03:01+00:00,2232,43.04689101016883,-76.1522505789092,116,2025-12-01
1759869,10:01:55,17670,3,0.7147,21337,1,20 James - Lamson,268623,S Salina St & Water St (mid-block),Sy 20,2025-12-01 15:01:55+00:00,2025-12-01 15:04:01+00:00,2025-12-01 15:04:01+00:00,2232,43.04855728149414,-76.15222930908203,126,2025-12-01
1759869,10:02:38,423,4,0.9848,21337,1,20 James - Lamson,268623,James St & N Warren St,Sy 20,2025-12-01 15:02:38+00:00,2025-12-01 15:07:01+00:00,2025-12-01 15:07:01+00:00,2232,43.050899505615234,-76.15218353271484,263,2025-12-01
1759869,10:03:19,420,5,1.2412,21337,1,20 James - Lamson,268623,James St & N State St,Sy 20,2025-12-01 15:03:19+00:00,2025-12-01 15:08:02+00:00,2025-12-01 15:08:02+00:00,2232,43.052145640055336,-76.14892959594727,283,2025-12-01
1759869,10:03:51,421,6,1.4442,21337,1,20 James - Lamson,268623,James St & N Townsend St,Sy 20,2025-12-01 15:03:51+00:00,2025-12-01 15:09:01+00:00,2025-12-01 15:09:01+00:00,2232,43.05329284667969,-76.14660580952962,310,2025-12-01
1759869,10:04:14,442,7,1.5868,21337,1,20 James - Lamson,268623,James St & N McBride St,Sy 20,2025-12-01 15:04:14+00:00,2025-12-01 15:10:01+00:00,2025-12-01 15:10:01+00:00,2232,43.05411358733675,-76.14494107374504,347,2025-12-01
1759869,10:04:40,432,8,1.7532,21337,1,20 James - Lamson,268623,James St & Catherine St,Sy 20,2025-12-01 15:04:40+00:00,2025-12-01 15:11:02+00:00,2025-12-01 15:11:02+00:00,2232,43.055168696812224,-76.14279065813336,382,2025-12-01
1759869,10:05:18,14776,9,1.9920,21337,1,20 James - Lamson,268623,James St & Lodi St,Sy 20,2025-12-01 15:05:18+00:00,,2025-12-01 15:11:33.933816863+00:00,2232,,,375,2025-12-01
1759869,10:05:50,446,10,2.1944,21337,1,20 James - Lamson,268623,James St & Highland St,Sy 20,2025-12-01 15:05:50+00:00,2025-12-01 15:12:01+00:00,2025-12-01 15:12:01+00:00,2232,43.057351684570314,-76.13834518432617,371,2025-12-01
1759869,10:06:18,5088,11,2.3722,21337,1,20 James - Lamson,268623,960 James St,Sy 20,2025-12-01 15:06:18+00:00,2025-12-01 15:13:01+00:00,2025-12-01 15:13:01+00:00,2232,43.05836437594506,-76.13626197076613,403,2025-12-01
1759869,10:07:00,444,12,2.5905,21337,1,20 James - Lamson,268623,James St & Oak St,Sy 20,2025-12-01 15:07:00+00:00,,2025-12-01 15:13:26.319930407+00:00,2232,,,386,2025-12-01
1759869,10:07:36,2120,13,2.8021,21337,1,20 James - Lamson,268623,James St & WSYR,Sy 20,2025-12-01 15:07:36+00:00,,2025-12-01 15:13:50.862748888+00:00,2232,,,374,2025-12-01
1759869,10:07:50,450,14,2.8895,21337,1,20 James - Lamson,268623,James St & Dewitt St,Sy 20,2025-12-01 15:07:50+00:00,2025-12-01 15:14:01+00:00,2025-12-01 15:14:01+00:00,2232,43.0606005191803,-76.1317081451416,371,2025-12-01
1759869,10:08:06,453,15,2.9863,21337,1,20 James - Lamson,268623,James St & Sedgwick Dr,Sy 20,2025-12-01 15:08:06+00:00,,2025-12-01 15:14:19.104738154+00:00,2232,,,373,2025-12-01
1759869,10:08:44,459,16,3.2103,21337,1,20 James - Lamson,268623,James St & Vine St,Sy 20,2025-12-01 15:08:44+00:00,2025-12-01 15:15:01+00:00,2025-12-01 15:15:01+00:00,2232,43.06242182997406,-76.12798509441438,377,2025-12-01
1759869,10:09:16,464,17,3.3991,21337,1,20 James - Lamson,268623,James St & Wilson St,Sy 20,2025-12-01 15:09:16+00:00,,2025-12-01 15:15:21.330222541+00:00,2232,,,365,2025-12-01
1759869,10:09:56,469,18,3.6374,21337,1,20 James - Lamson,268623,James St & Hampton Rd,Sy 20,2025-12-01 15:09:56+00:00,,2025-12-01 15:15:46.990667623+00:00,2232,,,350,2025-12-01
1759869,10:10:18,10678,19,3.7675,21337,1,20 James - Lamson,268623,James St & Teall Ave,Sy 20,2025-12-01 15:10:18+00:00,2025-12-01 15:16:01+00:00,2025-12-01 15:16:01+00:00,2232,43.064928615794464,-76.12288935044232,343,2025-12-01
1759869,10:10:53,479,20,3.9788,21337,1,20 James - Lamson,268623,James St & Rugby Rd,Sy 20,2025-12-01 15:10:53+00:00,2025-12-01 15:17:01+00:00,2025-12-01 15:17:01+00:00,2232,43.066000366210936,-76.12069244384766,368,2025-12-01
1759869,10:11:13,481,21,4.0984,21337,1,20 James - Lamson,268623,James St & Cook Ave,Sy 20,2025-12-01 15:11:13+00:00,,2025-12-01 15:17:13.657219730+00:00,2232,,,360,2025-12-01
1759869,10:11:29,487,22,4.1927,21337,1,20 James - Lamson,268623,James St & Hastings Pl,Sy 20,2025-12-01 15:11:29+00:00,,2025-12-01 15:17:23.636950672+00:00,2232,,,354,2025-12-01
1759869,10:11:44,491,23,4.2856,21337,1,20 James - Lamson,268623,James St & Clifton Pl,Sy 20,2025-12-01 15:11:44+00:00,,2025-12-01 15:17:33.468520179+00:00,2232,,,349,2025-12-01
1759869,10:12:00,1759,24,4.3533,21337,1,20 James - Lamson,268623,James St & Shotwell Pk,Sy 20,2025-12-01 15:12:00+00:00,,2025-12-01 15:17:40.633183856+00:00,2232,,,340,2025-12-01
1759869,10:12:27,506,25,4.5363,21337,1,20 James - Lamson,268623,James St & Hickok Ave,Sy 20,2025-12-01 15:12:27+00:00,2025-12-01 15:18:00+00:00,2025-12-01 15:18:00+00:00,2232,43.068448021298366,-76.11413828531902,333,2025-12-01
1759869,10:12:44,507,26,4.6515,21337,1,20 James - Lamson,268623,James St & Stafford Ave,Sy 20,2025-12-01 15:12:44+00:00,2025-12-01 15:19:02+00:00,2025-12-01 15:19:02+00:00,2232,43.06854526067184,-76.11210089214778,378,2025-12-01
1759869,10:13:00,515,27,4.7648,21337,1,20 James - Lamson,268623,James St & Forest Hill Dr,Sy 20,2025-12-01 15:13:00+00:00,,2025-12-01 15:19:15.194875776+00:00,2232,,,375,2025-12-01
1759869,10:13:14,523,28,4.8640,21337,1,20 James - Lamson,268623,James St & Woodbine Ave,Sy 20,2025-12-01 15:13:14+00:00,,2025-12-01 15:19:26.747670807+00:00,2232,,,372,2025-12-01
1759869,10:13:28,522,29,4.9633,21337,1,20 James - Lamson,268623,James St & Hillsdale Ave,Sy 20,2025-12-01 15:13:28+00:00,,2025-12-01 15:19:38.312111801+00:00,2232,,,370,2025-12-01
1759869,10:13:43,532,30,5.0705,21337,1,20 James - Lamson,268623,James St & S Collingwood Ave,Sy 20,2025-12-01 15:13:43+00:00,,2025-12-01 15:19:50.796583850+00:00,2232,,,367,2025-12-01
1759869,10:13:57,533,31,5.1667,21337,1,20 James - Lamson,268623,James St & S Edwards Ave,Sy 20,2025-12-01 15:13:57+00:00,2025-12-01 15:20:02+00:00,2025-12-01 15:20:02+00:00,2232,43.06882418616343,-76.10701971538997,365,2025-12-01
1759869,10:14:09,541,32,5.2510,21337,1,20 James - Lamson,268623,James St & S Midler Ave,Sy 20,2025-12-01 15:14:09+00:00,,2025-12-01 15:20:26.930827067+00:00,2232,,,377,2025-12-01
1759869,10:14:26,547,33,5.3662,21337,1,20 James - Lamson,268623,James St & Nichols Ave,Sy 20,2025-12-01 15:14:26+00:00,2025-12-01 15:21:01+00:00,2025-12-01 15:21:01+00:00,2232,43.068932427300346,-76.10454983181424,395,2025-12-01
1759869,10:14:40,552,34,5.4654,21337,1,20 James - Lamson,268623,James St & Homecroft Rd,Sy 20,2025-12-01 15:14:40+00:00,,2025-12-01 15:21:28.365517241+00:00,2232,,,408,2025-12-01
1759869,10:14:57,567,35,5.5837,21337,1,20 James - Lamson,268623,James St & Mosley Dr,Sy 20,2025-12-01 15:14:57+00:00,2025-12-01 15:22:01+00:00,2025-12-01 15:22:01+00:00,2232,43.06911249721752,-76.1007713991053,424,2025-12-01
1759869,10:15:10,558,36,5.6769,21337,1,20 James - Lamson,268623,James St & Plymouth Dr,Sy 20,2025-12-01 15:15:10+00:00,,2025-12-01 15:22:14.869724323+00:00,2232,,,424,2025-12-01
1759869,10:15:23,562,37,5.7671,21337,1,20 James - Lamson,268623,James St & W Milford Dr,Sy 20,2025-12-01 15:15:23+00:00,,2025-12-01 15:22:28.292998292+00:00,2232,,,425,2025-12-01
1759869,10:15:56,578,38,5.9936,21337,1,20 James - Lamson,268623,James St & E Milford Dr,Sy 20,2025-12-01 15:15:56+00:00,2025-12-01 15:23:02+00:00,2025-12-01 15:23:02+00:00,2232,43.06932865489613,-76.09612528483073,426,2025-12-01
1759869,10:17:00,9538,39,6.3704,21337,1,20 James - Lamson,268623,Lepage Pl & Walter Dr,Sy 20,2025-12-01 15:17:00+00:00,,,,,,,2025-12-01
1759870,11:20:00,17651,1,,21337,1,20 James - Lamson,268623,B12,Sy 20,2025-12-01 16:20:00+00:00,2025-12-01 16:23:01+00:00,2025-12-01 16:23:01+00:00,2232,43.04391078948974,-76.15203895568848,181,2025-12-01
1759870,11:21:05,102,2,0.4057,21337,1,20 James - Lamson,268623,S Salina St & Jefferson St,Sy 20,2025-12-01 16:21:05+00:00,2025-12-01 16:24:01+00:00,2025-12-01 16:24:01+00:00,2232,43.04649701611749,-76.15225219726562,176,2025-12-01
1759870,11:21:55,17670,3,0.7147,21337,1,20 James - Lamson,268623,S Salina St & Water St (mid-block),Sy 20,2025-12-01 16:21:55+00:00,2025-12-01 16:26:01+00:00,2025-12-01 16:26:01+00:00,2232,43.04940518465909,-76.15221416588986,246,2025-12-01
1759870,11:22:38,423,4,0.9848,21337,1,20 James - Lamson,268623,James St & N Warren St,Sy 20,2025-12-01 16:22:38+00:00,2025-12-01 16:27:01+00:00,2025-12-01 16:27:01+00:00,2232,43.051023897917375,-76.15217855702276,263,2025-12-01
1759870,11:23:19,420,5,1.2412,21337,1,20 James - Lamson,268623,James St & N State St,Sy 20,2025-12-01 16:23:19+00:00,2025-12-01 16:28:01+00:00,2025-12-01 16:28:01+00:00,2232,43.05209753248427,-76.14902453952365,282,2025-12-01
1759870,11:23:51,421,6,1.4442,21337,1,20 James - Lamson,268623,James St & N Townsend St,Sy 20,2025-12-01 16:23:51+00:00,2025-12-01 16:29:01+00:00,2025-12-01 16:29:01+00:00,2232,43.053583992852104,-76.14601954707393,310,2025-12-01
1759870,11:24:14,442,7,1.5868,21337,1,20 James - Lamson,268623,James St & N McBride St,Sy 20,2025-12-01 16:24:14+00:00,,2025-12-01 16:29:28.689320388+00:00,2232,,,314,2025-12-01
1759870,11:24:40,432,8,1.7532,21337,1,20 James - Lamson,268623,James St & Catherine St,Sy 20,2025-12-01 16:24:40+00:00,2025-12-01 16:30:01+00:00,2025-12-01 16:30:01+00:00,2232,43.05485357240189,-76.1434361657431,321,2025-12-01
1759870,11:25:18,14776,9,1.9920,21337,1,20 James - Lamson,268623,James St & Lodi St,Sy 20,2025-12-01 16:25:18+00:00,,2025-12-01 16:31:05.950135992+00:00,2232,,,347,2025-12-01
1759870,11:25:50,446,10,2.1944,21337,1,20 James - Lamson,268623,James St & Highland St,Sy 20,2025-12-01 16:25:50+00:00,2025-12-01 16:32:01+00:00,2025-12-01 16:32:01+00:00,2232,43.05736083984375,-76.13832595825195,371,2025-12-01
1759870,11:26:18,5088,11,2.3722,21337,1,20 James - Lamson,268623,960 James St,Sy 20,2025-12-01 16:26:18+00:00,,2025-12-01 16:32:27.932592779+00:00,2232,,,369,2025-12-01
1759870,11:27:00,444,12,2.5905,21337,1,20 James - Lamson,268623,James St & Oak St,Sy 20,2025-12-01 16:27:00+00:00,2025-12-01 16:33:01+00:00,2025-12-01 16:33:01+00:00,2232,43.059661984443665,-76.1336362361908,361,2025-12-01
1759870,11:27:36,2120,13,2.8021,21337,1,20 James - Lamson,268623,James St & WSYR,Sy 20,2025-12-01 16:27:36+00:00,,2025-12-01 16:33:21.484027105+00:00,2232,,,345,2025-12-01
1759870,11:27:50,450,14,2.8895,21337,1,20 James - Lamson,268623,James St & Dewitt St,Sy 20,2025-12-01 16:27:50+00:00,,2025-12-01 16:33:29.944820909+00:00,2232,,,339,2025-12-01
1759870,11:28:06,453,15,2.9863,21337,1,20 James - Lamson,268623,James St & Sedgwick Dr,Sy 20,2025-12-01 16:28:06+00:00,,2025-12-01 16:33:39.315585672+00:00,2232,,,333,2025-12-01
1759870,11:28:44,459,16,3.2103,21337,1,20 James - Lamson,268623,James St & Vine St,Sy 20,2025-12-01 16:28:44+00:00,2025-12-01 16:34:01+00:00,2025-12-01 16:34:01+00:00,2232,43.062393000868504,-76.12805075723617,317,2025-12-01
1759870,11:29:16,464,17,3.3991,21337,1,20 James - Lamson,268623,James St & Wilson St,Sy 20,2025-12-01 16:29:16+00:00,,2025-12-01 16:34:27.523062514+00:00,2232,,,311,2025-12-01
1759870,11:29:56,469,18,3.6374,21337,1,20 James - Lamson,268623,James St & Hampton Rd,Sy 20,2025-12-01 16:29:56+00:00,2025-12-01 16:35:01+00:00,2025-12-01 16:35:01+00:00,2232,43.06459837139777,-76.12354508885798,305,2025-12-01
1759870,11:30:18,10678,19,3.7675,21337,1,20 James - Lamson,268623,James St & Teall Ave,Sy 20,2025-12-01 16:30:18+00:00,,2025-12-01 16:35:11.903757508+00:00,2232,,,293,2025-12-01
1759870,11:30:53,479,20,3.9788,21337,1,20 James - Lamson,268623,James St & Rugby Rd,Sy 20,2025-12-01 16:30:53+00:00,,2025-12-01 16:35:29.612934767+00:00,2232,,,276,2025-12-01
1759870,11:31:13,481,21,4.0984,21337,1,20 James - Lamson,268623,James St & Cook Ave,Sy 20,2025-12-01 16:31:13+00:00,,2025-12-01 16:35:39.636681100+00:00,2232,,,266,2025-12-01
1759870,11:31:29,487,22,4.1927,21337,1,20 James - Lamson,268623,James St & Hastings Pl,Sy 20,2025-12-01 16:31:29+00:00,,2025-12-01 16:35:47.540019555+00:00,2232,,,258,2025-12-01
1759870,11:31:44,491,23,4.2856,21337,1,20 James - Lamson,268623,James St & Clifton Pl,Sy 20,2025-12-01 16:31:44+00:00,,2025-12-01 16:35:55.326023187+00:00,2232,,,251,2025-12-01
1759870,11:32:00,1759,24,4.3533,21337,1,20 James - Lamson,268623,James St & Shotwell Pk,Sy 20,2025-12-01 16:32:00+00:00,2025-12-01 16:36:01+00:00,2025-12-01 16:36:01+00:00,2232,43.068182373046874,-76.1161895751953,241,2025-12-01
1759870,11:32:27,506,25,4.5363,21337,1,20 James - Lamson,268623,James St & Hickok Ave,Sy 20,2025-12-01 16:32:27+00:00,2025-12-01 16:37:01+00:00,2025-12-01 16:37:01+00:00,2232,43.06843001501901,-76.11450454166958,274,2025-12-01
1759870,11:32:44,507,26,4.6515,21337,1,20 James - Lamson,268623,James St & Stafford Ave,Sy 20,2025-12-01 16:32:44+00:00,,2025-12-01 16:37:17.187353629+00:00,2232,,,273,2025-12-01
1759870,11:33:00,515,27,4.7648,21337,1,20 James - Lamson,268623,James St & Forest Hill Dr,Sy 20,2025-12-01 16:33:00+00:00,,2025-12-01 16:37:33.107728337+00:00,2232,,,273,2025-12-01
1759870,11:33:14,523,28,4.8640,21337,1,20 James - Lamson,268623,James St & Woodbine Ave,Sy 20,2025-12-01 16:33:14+00:00,,2025-12-01 16:37:47.046838407+00:00,2232,,,273,2025-12-01
1759870,11:33:28,522,29,4.9633,21337,1,20 James - Lamson,268623,James St & Hillsdale Ave,Sy 20,2025-12-01 16:33:28+00:00,2025-12-01 16:38:01+00:00,2025-12-01 16:38:01+00:00,2232,43.06866507694639,-76.10950088500977,273,2025-12-01
1759870,11:33:43,532,30,5.0705,21337,1,20 James - Lamson,268623,James St & S Collingwood Ave,Sy 20,2025-12-01 16:33:43+00:00,,2025-12-01 16:38:23.356621480+00:00,2232,,,280,2025-12-01
1759870,11:33:57,533,31,5.1667,21337,1,20 James - Lamson,268623,James St & S Edwards Ave,Sy 20,2025-12-01 16:33:57+00:00,,2025-12-01 16:38:43.419186652+00:00,2232,,,286,2025-12-01
1759870,11:34:09,541,32,5.2510,21337,1,20 James - Lamson,268623,James St & S Midler Ave,Sy 20,2025-12-01 16:34:09+00:00,2025-12-01 16:39:01+00:00,2025-12-01 16:39:01+00:00,2232,43.06886381261489,-76.10592426973231,292,2025-12-01
1759870,11:34:26,547,33,5.3662,21337,1,20 James - Lamson,268623,James St & Nichols Ave,Sy 20,2025-12-01 16:34:26+00:00,,2025-12-01 16:39:22.121731289+00:00,2232,,,296,2025-12-01
1759870,11:34:40,552,34,5.4654,21337,1,20 James - Lamson,268623,James St & Homecroft Rd,Sy 20,2025-12-01 16:34:40+00:00,,2025-12-01 16:39:40.309888788+00:00,2232,,,300,2025-12-01
1759870,11:34:57,567,35,5.5837,21337,1,20 James - Lamson,268623,James St & Mosley Dr,Sy 20,2025-12-01 16:34:57+00:00,2025-12-01 16:40:02+00:00,2025-12-01 16:40:02+00:00,2232,43.06906297471788,-76.10189141167535,305,2025-12-01
1759870,11:35:10,558,36,5.6769,21337,1,20 James - Lamson,268623,James St & Plymouth Dr,Sy 20,2025-12-01 16:35:10+00:00,,2025-12-01 16:40:15.414979263+00:00,2232,,,305,2025-12-01
1759870,11:35:23,562,37,5.7671,21337,1,20 James - Lamson,268623,James St & W Milford Dr,Sy 20,2025-12-01 16:35:23+00:00,,2025-12-01 16:40:28.398145889+00:00,2232,,,305,2025-12-01
1759870,11:35:56,578,38,5.9936,21337,1,20 James - Lamson,268623,James St & E Milford Dr,Sy 20,2025-12-01 16:35:56+00:00,2025-12-01 16:41:01+00:00,2025-12-01 16:41:01+00:00,2232,43.069419006803145,-76.09596252441406,305,2025-12-01
1759870,11:37:00,9538,39,6.3704,21337,1,20 James - Lamson,268623,Lepage Pl & Walter Dr,Sy 20,2025-12-01 16:37:00+00:00,,,,,,,2025-12-01
1759871,12:40:00,17651,1,,21337,1,20 James - Lamson,268624,B12,Sy 20,2025-12-01 17:40:00+00:00,2025-12-01 17:43:01+00:00,2025-12-01 17:43:01+00:00,1806,43.0447758265904,-76.15226745605469,181,2025-12-01
1759871,12:41:05,102,2,0.4057,21337,1,20 James - Lamson,268624,S Salina St & Jefferson St,Sy 20,2025-12-01 17:41:05+00:00,,2025-12-01 17:43:31+00:00,1806,,,146,2025-12-01
1759871,12:41:55,17670,3,0.7147,21337,1,20 James - Lamson,268624,S Salina St & Water St (mid-block),Sy 20,2025-12-01 17:41:55+00:00,2025-12-01 17:44:01+00:00,2025-12-01 17:44:01+00:00,1806,43.049407958984375,-76.15221405029297,126,2025-12-01
1759871,12:42:38,423,4,0.9848,21337,1,20 James - Lamson,268624,James St & N Warren St,Sy 20,2025-12-01 17:42:38+00:00,2025-12-01 17:45:02+00:00,2025-12-01 17:45:02+00:00,1806,43.051205,-76.15092166666666,144,2025-12-01
1759871,12:43:19,420,5,1.2412,21337,1,20 James - Lamson,268624,James St & N State St,Sy 20,2025-12-01 17:43:19+00:00,2025-12-01 17:46:01+00:00,2025-12-01 17:46:01+00:00,1806,43.05229949951172,-76.14862823486328,162,2025-12-01
1759871,12:43:51,421,6,1.4442,21337,1,20 James - Lamson,268624,James St & N Townsend St,Sy 20,2025-12-01 17:43:51+00:00,,2025-12-01 17:46:24.789062499+00:00,1806,,,153,2025-12-01
1759871,12:44:14,442,7,1.5868,21337,1,20 James - Lamson,268624,James St & N McBride St,Sy 20,2025-12-01 17:44:14+00:00,,2025-12-01 17:46:41.499999999+00:00,1806,,,147,2025-12-01
1759871,12:44:40,432,8,1.7532,21337,1,20 James - Lamson,268624,James St & Catherine St,Sy 20,2025-12-01 17:44:40+00:00,2025-12-01 17:47:01+00:00,2025-12-01 17:47:01+00:00,1806,43.055085,-76.14280166666667,141,2025-12-01
1759871,12:45:18,14776,9,1.9920,21337,1,20 James - Lamson,268624,James St & Lodi St,Sy 20,2025-12-01 17:45:18+00:00,2025-12-01 17:48:01+00:00,2025-12-01 17:48:01+00:00,1806,43.05621337890625,-76.14066314697266,163,2025-12-01
1759871,12:45:50,446,10,2.1944,21337,1,20 James - Lamson,268624,James St & Highland St,Sy 20,2025-12-01 17:45:50+00:00,2025-12-01 17:49:01+00:00,2025-12-01 17:49:01+00:00,1806,43.05736236572265,-76.13832275390625,191,2025-12-01
1759871,12:46:18,5088,11,2.3722,21337,1,20 James - Lamson,268624,960 James St,Sy 20,2025-12-01 17:46:18+00:00,,2025-12-01 17:49:27.932592779+00:00,1806,,,189,2025-12-01
1759871,12:47:00,444,12,2.5905,21337,1,20 James - Lamson,268624,James St & Oak St,Sy 20,2025-12-01 17:47:00+00:00,2025-12-01 17:50:01+00:00,2025-12-01 17:50:01+00:00,1806,43.05939769744873,-76.1341724395752,181,2025-12-01
1759871,12:47:36,2120,13,2.8021,21337,1,20 James - Lamson,268624,James St & WSYR,Sy 20,2025-12-01 17:47:36+00:00,,2025-12-01 17:50:16.701211971+00:00,1806,,,160,2025-12-01
1759871,12:47:50,450,14,2.8895,21337,1,20 James - Lamson,268624,James St & Dewitt St,Sy 20,2025-12-01 17:47:50+00:00,,2025-12-01 17:50:23.186495176+00:00,1806,,,153,2025-12-01
1759871,12:48:06,453,15,2.9863,21337,1,20 James - Lamson,268624,James St & Sedgwick Dr,Sy 20,2025-12-01 17:48:06+00:00,,2025-12-01 17:50:30.369280237+00:00,1806,,,144,2025-12-01
1759871,12:48:44,459,16,3.2103,21337,1,20 James - Lamson,268624,James St & Vine St,Sy 20,2025-12-01 17:48:44+00:00,,2025-12-01 17:50:46.990601038+00:00,1806,,,122,2025-12-01
1759871,12:49:16,464,17,3.3991,21337,1,20 James - Lamson,268624,James St & Wilson St,Sy 20,2025-12-01 17:49:16+00:00,2025-12-01 17:51:01+00:00,2025-12-01 17:51:01+00:00,1806,43.063133239746094,-76.12653350830078,105,2025-12-01
1759871,12:49:56,469,18,3.6374,21337,1,20 James - Lamson,268624,James St & Hampton Rd,Sy 20,2025-12-01 17:49:56+00:00,2025-12-01 17:52:02+00:00,2025-12-01 17:52:02+00:00,1806,43.0647087097168,-76.12332153320312,126,2025-12-01
1759871,12:50:18,10678,19,3.7675,21337,1,20 James - Lamson,268624,James St & Teall Ave,Sy 20,2025-12-01 17:50:18+00:00,,2025-12-01 17:52:16.057266342+00:00,1806,,,118,2025-12-01
1759871,12:50:53,479,20,3.9788,21337,1,20 James - Lamson,268624,James St & Rugby Rd,Sy 20,2025-12-01 17:50:53+00:00,,2025-12-01 17:52:38.888168557+00:00,1806,,,105,2025-12-01
1759871,12:51:13,481,21,4.0984,21337,1,20 James - Lamson,268624,James St & Cook Ave,Sy 20,2025-12-01 17:51:13+00:00,,2025-12-01 17:52:51.810913019+00:00,1806,,,98,2025-12-01
1759871,12:51:29,487,22,4.1927,21337,1,20 James - Lamson,268624,James St & Hastings Pl,Sy 20,2025-12-01 17:51:29+00:00,2025-12-01 17:53:02+00:00,2025-12-01 17:53:02+00:00,1806,43.06710433959961,-76.11843872070312,93,2025-12-01
1759871,12:51:44,491,23,4.2856,21337,1,20 James - Lamson,268624,James St & Clifton Pl,Sy 20,2025-12-01 17:51:44+00:00,,2025-12-01 17:53:17.951979045+00:00,1806,,,93,2025-12-01
1759871,12:52:00,1759,24,4.3533,21337,1,20 James - Lamson,268624,James St & Shotwell Pk,Sy 20,2025-12-01 17:52:00+00:00,,2025-12-01 17:53:29.576833527+00:00,1806,,,89,2025-12-01
1759871,12:52:27,506,25,4.5363,21337,1,20 James - Lamson,268624,James St & Hickok Ave,Sy 20,2025-12-01 17:52:27+00:00,2025-12-01 17:54:01+00:00,2025-12-01 17:54:01+00:00,1806,43.06842041015625,-76.11467742919922,94,2025-12-01
1759871,12:52:44,507,26,4.6515,21337,1,20 James - Lamson,268624,James St & Stafford Ave,Sy 20,2025-12-01 17:52:44+00:00,,2025-12-01 17:54:43.184925236+00:00,1806,,,119,2025-12-01
1759871,12:53:00,515,27,4.7648,21337,1,20 James - Lamson,268624,James St & Forest Hill Dr,Sy 20,2025-12-01 17:53:00+00:00,,2025-12-01 17:55:24.674092157+00:00,1806,,,144,2025-12-01
1759871,12:53:14,523,28,4.8640,21337,1,20 James - Lamson,268624,James St & Woodbine Ave,Sy 20,2025-12-01 17:53:14+00:00,2025-12-01 17:56:01+00:00,2025-12-01 17:56:01+00:00,1806,43.068643333333334,-76.11019,167,2025-12-01
1759871,12:53:28,522,29,4.9633,21337,1,20 James - Lamson,268624,James St & Hillsdale Ave,Sy 20,2025-12-01 17:53:28+00:00,2025-12-01 17:57:01+00:00,2025-12-01 17:57:01+00:00,1806,43.068721771240234,-76.10845947265625,213,2025-12-01
1759871,12:53:43,532,30,5.0705,21337,1,20 James - Lamson,268624,James St & S Collingwood Ave,Sy 20,2025-12-01 17:53:43+00:00,,2025-12-01 17:57:16.964259121+00:00,1806,,,213,2025-12-01
1759871,12:53:57,533,31,5.1667,21337,1,20 James - Lamson,268624,James St & S Edwards Ave,Sy 20,2025-12-01 17:53:57+00:00,,2025-12-01 17:57:31.290394638+00:00,1806,,,214,2025-12-01
1759871,12:54:09,541,32,5.2510,21337,1,20 James - Lamson,268624,James St & S Midler Ave,Sy 20,2025-12-01 17:54:09+00:00,,2025-12-01 17:57:43.844378257+00:00,1806,,,214,2025-12-01
1759871,12:54:26,547,33,5.3662,21337,1,20 James - Lamson,268624,James St & Nichols Ave,Sy 20,2025-12-01 17:54:26+00:00,2025-12-01 17:58:01+00:00,2025-12-01 17:58:01+00:00,1806,43.06895065307617,-76.1041030883789,215,2025-12-01
1759871,12:54:40,552,34,5.4654,21337,1,20 James - Lamson,268624,James St & Homecroft Rd,Sy 20,2025-12-01 17:54:40+00:00,,2025-12-01 17:58:28.365517241+00:00,1806,,,228,2025-12-01
1759871,12:54:57,567,35,5.5837,21337,1,20 James - Lamson,268624,James St & Mosley Dr,Sy 20,2025-12-01 17:54:57+00:00,2025-12-01 17:59:01+00:00,2025-12-01 17:59:01+00:00,1806,43.0690803527832,-76.10147094726562,244,2025-12-01
1759871,12:55:10,558,36,5.6769,21337,1,20 James - Lamson,268624,James St & Plymouth Dr,Sy 20,2025-12-01 17:55:10+00:00,,2025-12-01 17:59:14.642351793+00:00,1806,,,244,2025-12-01
1759871,12:55:23,562,37,5.7671,21337,1,20 James - Lamson,268624,James St & W Milford Dr,Sy 20,2025-12-01 17:55:23+00:00,,2025-12-01 17:59:27.845572090+00:00,1806,,,244,2025-12-01
1759871,12:55:56,578,38,5.9936,21337,1,20 James - Lamson,268624,James St & E Milford Dr,Sy 20,2025-12-01 17:55:56+00:00,2025-12-01 18:00:01+00:00,2025-12-01 18:00:01+00:00,1806,43.06932830810547,-76.09613037109375,245,2025-12-01
1759871,12:57:00,9538,39,6.3704,21337,1,20 James - Lamson,268624,Lepage Pl & Walter Dr,Sy 20,2025-12-01 17:57:00+00:00,,,,,,,2025-12-01
1759872,11:00:00,17651,1,,21337,1,121 James-Sunnycrest Ext,268622,B12,Sy 20,2025-12-01 16:00:00+00:00,2025-12-01 16:02:01+00:00,2025-12-01 16:02:01+00:00,2475,43.04370880126953,-76.15152740478516,121,2025-12-01
1759872,11:01:05,102,2,0.4057,21337,1,121 James-Sunnycrest Ext,268622,S Salina St & Jefferson St,Sy 20,2025-12-01 16:01:05+00:00,2025-12-01 16:03:02+00:00,2025-12-01 16:03:02+00:00,2475,43.046902338663735,-76.15224965413411,117,2025-12-01
1759872,11:01:55,17670,3,0.7147,21337,1,121 James-Sunnycrest Ext,268622,S Salina St & Water St (mid-block),Sy 20,2025-12-01 16:01:55+00:00,2025-12-01 16:04:01+00:00,2025-12-01 16:04:01+00:00,2475,43.04941667829241,-76.15221368698846,126,2025-12-01
1759872,11:02:38,423,4,0.9848,21337,1,121 James-Sunnycrest Ext,268622,James St & N Warren St,Sy 20,2025-12-01 16:02:38+00:00,2025-12-01 16:05:01+00:00,2025-12-01 16:05:01+00:00,2475,43.05126953125,-76.15137667772247,143,2025-12-01
1759872,11:03:19,420,5,1.2412,21337,1,121 James-Sunnycrest Ext,268622,James St & N State St,Sy 20,2025-12-01 16:03:19+00:00,2025-12-01 16:06:01+00:00,2025-12-01 16:06:01+00:00,2475,43.05226648049276,-76.1486942729012,162,2025-12-01
1759872,11:03:51,421,6,1.4442,21337,1,121 James-Sunnycrest Ext,268622,James St & N Townsend St,Sy 20,2025-12-01 16:03:51+00:00,,2025-12-01 16:06:24.789062499+00:00,2475,,,153,2025-12-01
1759872,11:04:14,442,7,1.5868,21337,1,121 James-Sunnycrest Ext,268622,James St & N McBride St,Sy 20,2025-12-01 16:04:14+00:00,,2025-12-01 16:06:41.499999999+00:00,2475,,,147,2025-12-01
1759872,11:04:40,432,8,1.7532,21337,1,121 James-Sunnycrest Ext,268622,James St & Catherine St,Sy 20,2025-12-01 16:04:40+00:00,2025-12-01 16:07:01+00:00,2025-12-01 16:07:01+00:00,2475,43.05486421806868,-76.14341487440952,141,2025-12-01
1759872,11:05:18,14776,9,1.9920,21337,1,121 James-Sunnycrest Ext,268622,James St & Lodi St,Sy 20,2025-12-01 16:05:18+00:00,2025-12-01 16:08:01+00:00,2025-12-01 16:08:01+00:00,2475,43.05633190699986,-76.14041846139091,163,2025-12-01
1759872,11:05:50,446,10,2.1944,21337,1,121 James-Sunnycrest Ext,268622,James St & Highland St,Sy 20,2025-12-01 16:05:50+00:00,,2025-12-01 16:08:21.290726817+00:00,2475,,,151,2025-12-01
1759872,11:06:18,5088,11,2.3722,21337,1,121 James-Sunnycrest Ext,268622,960 James St,Sy 20,2025-12-01 16:06:18+00:00,,2025-12-01 16:08:39.115288220+00:00,2475,,,141,2025-12-01
1759872,11:07:00,444,12,2.5905,21337,1,121 James-Sunnycrest Ext,268622,James St & Oak St,Sy 20,2025-12-01 16:07:00+00:00,2025-12-01 16:09:01+00:00,2025-12-01 16:09:01+00:00,2475,43.05902116690109,-76.13492379259708,121,2025-12-01
1759872,11:07:38,2120,13,2.8021,21337,1,121 James-Sunnycrest Ext,268622,James St & WSYR,Sy 20,2025-12-01 16:07:38+00:00,2025-12-01 16:10:01+00:00,2025-12-01 16:10:01+00:00,2475,43.060424119998245,-76.13205973307292,143,2025-12-01
1759872,11:07:53,450,14,2.8895,21337,1,121 James-Sunnycrest Ext,268622,James St & Dewitt St,Sy 20,2025-12-01 16:07:53+00:00,,2025-12-01 16:10:12.676686706+00:00,2475,,,139,2025-12-01
1759872,11:08:38,6187,15,3.1439,21337,1,121 James-Sunnycrest Ext,268622,Sedgwick St & Elm St,Sy 20,2025-12-01 16:08:38+00:00,,2025-12-01 16:10:46.664662658+00:00,2475,,,128,2025-12-01
1759872,11:08:57,2453,16,3.2512,21337,1,121 James-Sunnycrest Ext,268622,Shuart Ave & Pattison St,Sy 20,2025-12-01 16:08:57+00:00,2025-12-01 16:11:01+00:00,2025-12-01 16:11:01+00:00,2475,43.0599854992282,-76.12883955432522,124,2025-12-01
1759872,11:09:13,6068,17,3.3442,21337,1,121 James-Sunnycrest Ext,268622,Pattison St & Boyden St,Sy 20,2025-12-01 16:09:13+00:00,,2025-12-01 16:11:15.816781731+00:00,2475,,,122,2025-12-01
1759872,11:09:46,2469,18,3.5305,21337,1,121 James-Sunnycrest Ext,268622,Pattison St & Vine St,Sy 20,2025-12-01 16:09:46+00:00,,2025-12-01 16:11:45.498141263+00:00,2475,,,119,2025-12-01
1759872,11:10:03,2473,19,3.6278,21337,1,121 James-Sunnycrest Ext,268622,Herbst Ave & Winton St,Sy 20,2025-12-01 16:10:03+00:00,2025-12-01 16:12:01+00:00,2025-12-01 16:12:01+00:00,2475,43.05900172183388,-76.1252377158717,118,2025-12-01
1759872,11:11:23,6196,20,4.0754,21337,1,121 James-Sunnycrest Ext,268622,Teall Ave & Kinne St,Sy 20,2025-12-01 16:11:23+00:00,2025-12-01 16:13:01+00:00,2025-12-01 16:13:01+00:00,2475,43.058380744036505,-76.12222054425408,98,2025-12-01
1759872,11:11:53,6204,21,4.2467,21337,1,121 James-Sunnycrest Ext,268622,Teall Ave & Boyden St,Sy 20,2025-12-01 16:11:53+00:00,,2025-12-01 16:13:54.907152145+00:00,2475,,,121,2025-12-01
1759872,11:12:12,6207,22,4.3538,21337,1,121 James-Sunnycrest Ext,268622,Teall Ave & Mariposa St,Sy 20,2025-12-01 16:12:12+00:00,,2025-12-01 16:14:28.610923276+00:00,2475,,,136,2025-12-01
1759872,11:12:31,6209,23,4.4599,21337,1,121 James-Sunnycrest Ext,268622,Teall Ave & Mooney Ave,Sy 20,2025-12-01 16:12:31+00:00,2025-12-01 16:15:02+00:00,2025-12-01 16:15:02+00:00,2475,43.06305486505682,-76.1225527676669,151,2025-12-01
1759872,11:12:55,6218,24,4.5952,21337,1,121 James-Sunnycrest Ext,268622,Teall Ave & Melrose Ave,Sy 20,2025-12-01 16:12:55+00:00,,2025-12-01 16:15:21.584641805+00:00,2475,,,146,2025-12-01
1759872,11:13:15,10503,25,4.7083,21337,1,121 James-Sunnycrest Ext,268622,Teall Ave & James St,Sy 20,2025-12-01 16:13:15+00:00,,2025-12-01 16:15:37.955839057+00:00,2475,,,142,2025-12-01
1759872,11:13:43,8318,26,4.8675,21337,1,121 James-Sunnycrest Ext,268622,Teall Av & 1360 Teall Av,Sy 20,2025-12-01 16:13:43+00:00,2025-12-01 16:16:01+00:00,2025-12-01 16:16:01+00:00,2475,43.06681272718642,-76.12281008119936,138,2025-12-01
1759872,11:14:06,6222,27,4.9996,21337,1,121 James-Sunnycrest Ext,268622,Teall Ave & Rugby Rd,Sy 20,2025-12-01 16:14:06+00:00,,2025-12-01 16:16:14.866340097+00:00,2475,,,128,2025-12-01
1759872,11:14:33,6421,28,5.1508,21337,1,121 James-Sunnycrest Ext,268622,Teall Ave & Peck Ave,Sy 20,2025-12-01 16:14:33+00:00,,2025-12-01 16:16:30.737578726+00:00,2475,,,117,2025-12-01
1759872,11:14:51,6435,29,5.2539,21337,1,121 James-Sunnycrest Ext,268622,Teall Ave & Paul Ave,Sy 20,2025-12-01 16:14:51+00:00,,2025-12-01 16:16:41.559832050+00:00,2475,,,110,2025-12-01
1759872,11:15:09,6438,30,5.3580,21337,1,121 James-Sunnycrest Ext,268622,Teall Ave & Mildred Ave,Sy 20,2025-12-01 16:15:09+00:00,,2025-12-01 16:16:52.487053883+00:00,2475,,,103,2025-12-01
1759872,11:15:23,11482,31,5.4391,21337,1,121 James-Sunnycrest Ext,268622,Teall Ave & Grant Blvd,Sy 20,2025-12-01 16:15:23+00:00,2025-12-01 16:17:01+00:00,2025-12-01 16:17:01+00:00,2475,43.07192819768732,-76.12301913174716,98,2025-12-01
1759872,11:17:00,3675,32,5.9173,21337,1,121 James-Sunnycrest Ext,268622,Shop City,Sy 20,2025-12-01 16:17:00+00:00,,2025-12-01 16:17:27.983917991+00:00,2475,,,27,2025-12-01
1759872,11:18:51,6465,33,6.5024,21337,1,121 James-Sunnycrest Ext,268622,Grant Ter & Grant Blvd,Sy 20,2025-12-01 16:18:51+00:00,2025-12-01 16:18:01+00:00,2025-12-01 16:18:01+00:00,2475,43.07198715209961,-76.12132263183594,-50,2025-12-01
1759872,11:19:32,6479,34,6.7220,21337,1,121 James-Sunnycrest Ext,268622,Grant Blvd & George St,Sy 20,2025-12-01 16:19:32+00:00,,2025-12-01 16:19:23.732638452+00:00,2475,,,-8,2025-12-01
1759872,11:21:22,8121,35,7.2987,21337,1,121 James-Sunnycrest Ext,268622,Shotwell Park & 130 Shotwell Park,Sy 20,2025-12-01 16:21:22+00:00,2025-12-01 16:23:01+00:00,2025-12-01 16:23:01+00:00,2475,43.068809509277344,-76.11564636230469,99,2025-12-01
1759872,11:22:12,6488,36,7.5641,21337,1,121 James-Sunnycrest Ext,268622,Shotwell Park & Melrose Ave,Sy 20,2025-12-01 16:22:12+00:00,,2025-12-01 16:24:07.349999999+00:00,2475,,,115,2025-12-01
1759872,11:22:35,17866,37,7.6874,21337,1,121 James-Sunnycrest Ext,268622,Shotwell Park & 222 Shotwell Park,Sy 20,2025-12-01 16:22:35+00:00,,2025-12-01 16:24:38.175000+00:00,2475,,,123,2025-12-01
1759872,11:22:53,8123,38,7.7827,21337,1,121 James-Sunnycrest Ext,268622,Shotwell Park & 248 Shotwell Park,Sy 20,2025-12-01 16:22:53+00:00,2025-12-01 16:25:02+00:00,2025-12-01 16:25:02+00:00,2475,43.06235122680664,-76.11495971679688,129,2025-12-01
1759872,11:23:38,6493,39,8.0195,21337,1,121 James-Sunnycrest Ext,268622,Sunnycrest Rd & Hickok Ave,Sy 20,2025-12-01 16:23:38+00:00,,2025-12-01 16:25:32.753246753+00:00,2475,,,114,2025-12-01
1759872,11:23:59,6516,40,8.1299,21337,1,121 James-Sunnycrest Ext,268622,Sunnycrest Rd & Stafford Ave,Sy 20,2025-12-01 16:23:59+00:00,,2025-12-01 16:25:47.090909090+00:00,2475,,,108,2025-12-01
1759872,11:24:19,6523,41,8.2370,21337,1,121 James-Sunnycrest Ext,268622,Sunnycrest Rd & Forest Hill Dr,Sy 20,2025-12-01 16:24:19+00:00,2025-12-01 16:26:01+00:00,2025-12-01 16:26:01+00:00,2475,43.06155776977539,-76.11138916015625,102,2025-12-01
1759872,11:24:40,6533,42,8.3495,21337,1,121 James-Sunnycrest Ext,268622,Sunnycrest Rd & Woodbine Ave,Sy 20,2025-12-01 16:24:40+00:00,,2025-12-01 16:26:23.066034651+00:00,2475,,,103,2025-12-01
1759872,11:24:58,6535,43,8.4477,21337,1,121 James-Sunnycrest Ext,268622,Sunnycrest Rd & Hillsdale Ave,Sy 20,2025-12-01 16:24:58+00:00,,2025-12-01 16:26:42.327231121+00:00,2475,,,104,2025-12-01
1759872,11:25:16,6542,44,8.5429,21337,1,121 James-Sunnycrest Ext,268622,Sunnycrest Rd & S Collingwood Ave,Sy 20,2025-12-01 16:25:16+00:00,2025-12-01 16:27:01+00:00,2025-12-01 16:27:01+00:00,2475,43.0617561340332,-76.10767364501953,105,2025-12-01
1759872,11:25:35,6551,45,8.6461,21337,1,121 James-Sunnycrest Ext,268622,Sunnycrest Rd & S Edwards Ave,Sy 20,2025-12-01 16:25:35+00:00,,2025-12-01 16:27:31.882793017+00:00,2475,,,116,2025-12-01
1759872,11:26:00,10236,46,8.7434,21337,1,121 James-Sunnycrest Ext,268622,Sunnycrest Rd & S Midler Ave,Sy 20,2025-12-01 16:26:00+00:00,2025-12-01 16:28:01+00:00,2025-12-01 16:28:01+00:00,2475,43.06209182739258,-76.10450744628906,121,2025-12-01
1759872,11:27:13,2515,47,9.0008,21337,1,121 James-Sunnycrest Ext,268622,S Midler Ave & Glencove Rd,Sy 20,2025-12-01 16:27:13+00:00,,2025-12-01 16:28:34.363577446+00:00,2475,,,81,2025-12-01
1759872,11:27:40,6567,48,9.0980,21337,1,121 James-Sunnycrest Ext,268622,Glencove Rd & Nichols Ave,Sy 20,2025-12-01 16:27:40+00:00,,2025-12-01 16:28:46.962410887+00:00,2475,,,66,2025-12-01
1759872,11:28:10,6575,49,9.2063,21337,1,121 James-Sunnycrest Ext,268622,Glencove Rd & Homecroft Rd,Sy 20,2025-12-01 16:28:10+00:00,2025-12-01 16:29:01+00:00,2025-12-01 16:29:01+00:00,2475,43.06429672241211,-76.10176849365234,51,2025-12-01
1759872,11:28:40,6582,50,9.3126,21337,1,121 James-Sunnycrest Ext,268622,Glencove Rd & Mosley Dr,Sy 20,2025-12-01 16:28:40+00:00,,2025-12-01 16:29:13.779002203+00:00,2475,,,33,2025-12-01
1759872,11:29:09,6588,51,9.4168,21337,1,121 James-Sunnycrest Ext,268622,Glencove Rd & Plymouth Dr,Sy 20,2025-12-01 16:29:09+00:00,,2025-12-01 16:29:26.305549989+00:00,2475,,,17,2025-12-01
1759872,11:30:31,2544,52,9.7054,21337,1,121 James-Sunnycrest Ext,268622,Plymouth Dr & Sunnycrest Rd,Sy 20,2025-12-01 16:30:31+00:00,2025-12-01 16:30:01+00:00,2025-12-01 16:30:01+00:00,2475,43.06267166137695,-76.09843444824219,-30,2025-12-01
1759872,11:30:58,8119,53,9.8016,21337,1,121 James-Sunnycrest Ext,268622,Sunnycrest Rd & Cresline Dr,Sy 20,2025-12-01 16:30:58+00:00,,2025-12-01 16:30:19.937007874+00:00,2475,,,-38,2025-12-01
1759872,11:31:24,8116,54,9.8939,21337,1,121 James-Sunnycrest Ext,268622,Sunnycrest Rd & Mosley Dr,Sy 20,2025-12-01 16:31:24+00:00,,2025-12-01 16:30:38.106299212+00:00,2475,,,-45,2025-12-01
1759872,11:32:00,8117,55,10.0102,21337,1,121 James-Sunnycrest Ext,268622,Sunnycrest Rd & Champlain Dr,Sy 20,2025-12-01 16:32:00+00:00,2025-12-01 16:31:01+00:00,2025-12-01 16:31:01+00:00,2475,43.06203842163086,-76.1016616821289,-59,2025-12-01
1759873,12:20:00,17651,1,,21337,1,121 James-Sunnycrest Ext,268622,B12,Sy 20,2025-12-01 17:20:00+00:00,2025-12-01 17:21:02+00:00,2025-12-01 17:21:02+00:00,2475,43.044392559979414,-76.15223920667493,62,2025-12-01
1759873,12:21:05,102,2,0.4057,21337,1,121 James-Sunnycrest Ext,268622,S Salina St & Jefferson St,Sy 20,2025-12-01 17:21:05+00:00,2025-12-01 17:22:01+00:00,2025-12-01 17:22:01+00:00,2475,43.047119140625,-76.15223693847656,56,2025-12-01
1759873,12:21:55,17670,3,0.7147,21337,1,121 James-Sunnycrest Ext,268622,S Salina St & Water St (mid-block),Sy 20,2025-12-01 17:21:55+00:00,2025-12-01 17:23:01+00:00,2025-12-01 17:23:01+00:00,2475,43.049402410333805,-76.15221428148675,66,2025-12-01
1759873,12:22:38,423,4,0.9848,21337,1,121 James-Sunnycrest Ext,268622,James St & N Warren St,Sy 20,2025-12-01 17:22:38+00:00,,2025-12-01 17:24:02.561253561+00:00,2475,,,84,2025-12-01
1759873,12:23:19,420,5,1.2412,21337,1,121 James-Sunnycrest Ext,268622,James St & N State St,Sy 20,2025-12-01 17:23:19+00:00,2025-12-01 17:25:01+00:00,2025-12-01 17:25:01+00:00,2475,43.05255294568611,-76.14808342673562,102,2025-12-01
1759873,12:23:51,421,6,1.4442,21337,1,121 James-Sunnycrest Ext,268622,James St & N Townsend St,Sy 20,2025-12-01 17:23:51+00:00,,2025-12-01 17:25:24.789062499+00:00,2475,,,93,2025-12-01
1759873,12:24:14,442,7,1.5868,21337,1,121 James-Sunnycrest Ext,268622,James St & N McBride St,Sy 20,2025-12-01 17:24:14+00:00,,2025-12-01 17:25:41.499999999+00:00,2475,,,87,2025-12-01
1759873,12:24:40,432,8,1.7532,21337,1,121 James-Sunnycrest Ext,268622,James St & Catherine St,Sy 20,2025-12-01 17:24:40+00:00,2025-12-01 17:26:01+00:00,2025-12-01 17:26:01+00:00,2475,43.05486208893532,-76.14341913267623,81,2025-12-01
1759873,12:25:18,14776,9,1.9920,21337,1,121 James-Sunnycrest Ext,268622,James St & Lodi St,Sy 20,2025-12-01 17:25:18+00:00,2025-12-01 17:27:02+00:00,2025-12-01 17:27:02+00:00,2475,43.05604724226327,-76.14100489123115,104,2025-12-01
1759873,12:25:50,446,10,2.1944,21337,1,121 James-Sunnycrest Ext,268622,James St & Highland St,Sy 20,2025-12-01 17:25:50+00:00,,2025-12-01 17:27:21.952548036+00:00,2475,,,91,2025-12-01
1759873,12:26:18,5088,11,2.3722,21337,1,121 James-Sunnycrest Ext,268622,960 James St,Sy 20,2025-12-01 17:26:18+00:00,,2025-12-01 17:27:39.480033416+00:00,2475,,,81,2025-12-01
1759873,12:27:00,444,12,2.5905,21337,1,121 James-Sunnycrest Ext,268622,James St & Oak St,Sy 20,2025-12-01 17:27:00+00:00,2025-12-01 17:28:01+00:00,2025-12-01 17:28:01+00:00,2475,43.05925750732422,-76.1343994140625,61,2025-12-01
1759873,12:27:38,2120,13,2.8021,21337,1,121 James-Sunnycrest Ext,268622,James St & WSYR,Sy 20,2025-12-01 17:27:38+00:00,2025-12-01 17:29:01+00:00,2025-12-01 17:29:01+00:00,2475,43.06010526418686,-76.13272976875305,83,2025-12-01
1759873,12:27:53,450,14,2.8895,21337,1,121 James-Sunnycrest Ext,268622,James St & Dewitt St,Sy 20,2025-12-01 17:27:53+00:00,2025-12-01 17:30:01+00:00,2025-12-01 17:30:01+00:00,2475,43.060935650841664,-76.13103549763308,128,2025-12-01
1759873,12:28:38,6187,15,3.1439,21337,1,121 James-Sunnycrest Ext,268622,Sedgwick St & Elm St,Sy 20,2025-12-01 17:28:38+00:00,,2025-12-01 17:30:35.128876182+00:00,2475,,,117,2025-12-01
1759873,12:28:57,2453,16,3.2512,21337,1,121 James-Sunnycrest Ext,268622,Shuart Ave & Pattison St,Sy 20,2025-12-01 17:28:57+00:00,,2025-12-01 17:30:49.523641961+00:00,2475,,,112,2025-12-01
1759873,12:29:13,6068,17,3.3442,21337,1,121 James-Sunnycrest Ext,268622,Pattison St & Boyden St,Sy 20,2025-12-01 17:29:13+00:00,2025-12-01 17:31:02+00:00,2025-12-01 17:31:02+00:00,2475,43.059227231949095,-76.12741149417938,109,2025-12-01
1759873,12:29:46,2469,18,3.5305,21337,1,121 James-Sunnycrest Ext,268622,Pattison St & Vine St,Sy 20,2025-12-01 17:29:46+00:00,,2025-12-01 17:31:40.757757404+00:00,2475,,,114,2025-12-01
1759873,12:30:03,2473,19,3.6278,21337,1,121 James-Sunnycrest Ext,268622,Herbst Ave & Winton St,Sy 20,2025-12-01 17:30:03+00:00,2025-12-01 17:32:01+00:00,2025-12-01 17:32:01+00:00,2475,43.05903949737549,-76.12448997497559,118,2025-12-01
1759873,12:31:23,6196,20,4.0754,21337,1,121 James-Sunnycrest Ext,268622,Teall Ave & Kinne St,Sy 20,2025-12-01 17:31:23+00:00,2025-12-01 17:33:01+00:00,2025-12-01 17:33:01+00:00,2475,43.05820212730995,-76.12279956524189,98,2025-12-01
1759873,12:31:53,6204,21,4.2467,21337,1,121 James-Sunnycrest Ext,268622,Teall Ave & Boyden St,Sy 20,2025-12-01 17:31:53+00:00,,2025-12-01 17:33:21.102539438+00:00,2475,,,88,2025-12-01
1759873,12:32:12,6207,22,4.3538,21337,1,121 James-Sunnycrest Ext,268622,Teall Ave & Mariposa St,Sy 20,2025-12-01 17:32:12+00:00,,2025-12-01 17:33:33.671027318+00:00,2475,,,81,2025-12-01
1759873,12:32:31,6209,23,4.4599,21337,1,121 James-Sunnycrest Ext,268622,Teall Ave & Mooney Ave,Sy 20,2025-12-01 17:32:31+00:00,,2025-12-01 17:33:46.122162370+00:00,2475,,,75,2025-12-01
1759873,12:32:55,6218,24,4.5952,21337,1,121 James-Sunnycrest Ext,268622,Teall Ave & Melrose Ave,Sy 20,2025-12-01 17:32:55+00:00,2025-12-01 17:34:02+00:00,2025-12-01 17:34:02+00:00,2475,43.06383392776268,-76.12260824009992,67,2025-12-01
1759873,12:33:15,10503,25,4.7083,21337,1,121 James-Sunnycrest Ext,268622,Teall Ave & James St,Sy 20,2025-12-01 17:33:15+00:00,,2025-12-01 17:34:14.010259179+00:00,2475,,,59,2025-12-01
1759873,12:33:43,8318,26,4.8675,21337,1,121 James-Sunnycrest Ext,268622,Teall Av & 1360 Teall Av,Sy 20,2025-12-01 17:33:43+00:00,,2025-12-01 17:34:30.915946724+00:00,2475,,,47,2025-12-01
1759873,12:34:06,6222,27,4.9996,21337,1,121 James-Sunnycrest Ext,268622,Teall Ave & Rugby Rd,Sy 20,2025-12-01 17:34:06+00:00,,2025-12-01 17:34:44.943844492+00:00,2475,,,38,2025-12-01
1759873,12:34:33,6421,28,5.1508,21337,1,121 James-Sunnycrest Ext,268622,Teall Ave & Peck Ave,Sy 20,2025-12-01 17:34:33+00:00,2025-12-01 17:35:01+00:00,2025-12-01 17:35:01+00:00,2475,43.06881168910435,-76.12293539241868,28,2025-12-01
1759873,12:34:51,6435,29,5.2539,21337,1,121 James-Sunnycrest Ext,268622,Teall Ave & Paul Ave,Sy 20,2025-12-01 17:34:51+00:00,,2025-12-01 17:35:22.456815816+00:00,2475,,,31,2025-12-01
1759873,12:35:09,6438,30,5.3580,21337,1,121 James-Sunnycrest Ext,268622,Teall Ave & Mildred Ave,Sy 20,2025-12-01 17:35:09+00:00,,2025-12-01 17:35:44.121748178+00:00,2475,,,35,2025-12-01
1759873,12:35:23,11482,31,5.4391,21337,1,121 James-Sunnycrest Ext,268622,Teall Ave & Grant Blvd,Sy 20,2025-12-01 17:35:23+00:00,2025-12-01 17:36:01+00:00,2025-12-01 17:36:01+00:00,2475,43.07190924424391,-76.12304306030273,38,2025-12-01
1759873,12:37:00,3675,32,5.9173,21337,1,121 James-Sunnycrest Ext,268622,Shop City,Sy 20,2025-12-01 17:37:00+00:00,2025-12-01 17:37:01+00:00,2025-12-01 17:37:01+00:00,2475,43.07302983601888,-76.1195084253947,1,2025-12-01
1759873,12:38:51,6465,33,6.5024,21337,1,121 James-Sunnycrest Ext,268622,Grant Ter & Grant Blvd,Sy 20,2025-12-01 17:38:51+00:00,,2025-12-01 17:38:28.252392195+00:00,2475,,,-22,2025-12-01
1759873,12:39:32,6479,34,6.7220,21337,1,121 James-Sunnycrest Ext,268622,Grant Blvd & George St,Sy 20,2025-12-01 17:39:32+00:00,2025-12-01 17:39:01+00:00,2025-12-01 17:39:01+00:00,2475,43.0705472946167,-76.11944007873535,-31,2025-12-01
1759873,12:41:22,8121,35,7.2987,21337,1,121 James-Sunnycrest Ext,268622,Shotwell Park & 130 Shotwell Park,Sy 20,2025-12-01 17:41:22+00:00,2025-12-01 17:40:01+00:00,2025-12-01 17:40:01+00:00,2475,43.06697518484933,-76.11567156655448,-81,2025-12-01
1759873,12:42:12,6488,36,7.5641,21337,1,121 James-Sunnycrest Ext,268622,Shotwell Park & Melrose Ave,Sy 20,2025-12-01 17:42:12+00:00,,2025-12-01 17:40:41.967326987+00:00,2475,,,-90,2025-12-01
1759873,12:42:35,17866,37,7.6874,21337,1,121 James-Sunnycrest Ext,268622,Shotwell Park & 222 Shotwell Park,Sy 20,2025-12-01 17:42:35+00:00,2025-12-01 17:41:01+00:00,2025-12-01 17:41:01+00:00,2475,43.06360496908931,-76.11544592905852,-94,2025-12-01
1759873,12:42:53,8123,38,7.7827,21337,1,121 James-Sunnycrest Ext,268622,Shotwell Park & 248 Shotwell Park,Sy 20,2025-12-01 17:42:53+00:00,,2025-12-01 17:41:13.922033898+00:00,2475,,,-99,2025-12-01
1759873,12:43:38,6493,39,8.0195,21337,1,121 James-Sunnycrest Ext,268622,Sunnycrest Rd & Hickok Ave,Sy 20,2025-12-01 17:43:38+00:00,,2025-12-01 17:41:46.030508474+00:00,2475,,,-111,2025-12-01
1759873,12:43:59,6516,40,8.1299,21337,1,121 James-Sunnycrest Ext,268622,Sunnycrest Rd & Stafford Ave,Sy 20,2025-12-01 17:43:59+00:00,2025-12-01 17:42:01+00:00,2025-12-01 17:42:01+00:00,2475,43.06148435484688,-76.11278605910967,-118,2025-12-01
1759873,12:44:19,6523,41,8.2370,21337,1,121 James-Sunnycrest Ext,268622,Sunnycrest Rd & Forest Hill Dr,Sy 20,2025-12-01 17:44:19+00:00,,2025-12-01 17:42:21.220264317+00:00,2475,,,-117,2025-12-01
1759873,12:44:40,6533,42,8.3495,21337,1,121 James-Sunnycrest Ext,268622,Sunnycrest Rd & Woodbine Ave,Sy 20,2025-12-01 17:44:40+00:00,,2025-12-01 17:42:42.460037759+00:00,2475,,,-117,2025-12-01
1759873,12:44:58,6535,43,8.4477,21337,1,121 James-Sunnycrest Ext,268622,Sunnycrest Rd & Hillsdale Ave,Sy 20,2025-12-01 17:44:58+00:00,2025-12-01 17:43:01+00:00,2025-12-01 17:43:01+00:00,2475,43.06175046648298,-76.10777282714844,-117,2025-12-01
1759873,12:45:16,6542,44,8.5429,21337,1,121 James-Sunnycrest Ext,268622,Sunnycrest Rd & S Collingwood Ave,Sy 20,2025-12-01 17:45:16+00:00,,2025-12-01 17:43:11.327246429+00:00,2475,,,-124,2025-12-01
1759873,12:45:35,6551,45,8.6461,21337,1,121 James-Sunnycrest Ext,268622,Sunnycrest Rd & S Edwards Ave,Sy 20,2025-12-01 17:45:35+00:00,,2025-12-01 17:43:22.522328692+00:00,2475,,,-132,2025-12-01
1759873,12:46:00,10236,46,8.7434,21337,1,121 James-Sunnycrest Ext,268622,Sunnycrest Rd & S Midler Ave,Sy 20,2025-12-01 17:46:00+00:00,,2025-12-01 17:43:33.077382028+00:00,2475,,,-146,2025-12-01
1759873,12:47:13,2515,47,9.0008,21337,1,121 James-Sunnycrest Ext,268622,S Midler Ave & Glencove Rd,Sy 20,2025-12-01 17:47:13+00:00,2025-12-01 17:44:01+00:00,2025-12-01 17:44:01+00:00,2475,43.06407165527344,-76.10468222878195,-192,2025-12-01
1759873,12:47:40,6567,48,9.0980,21337,1,121 James-Sunnycrest Ext,268622,Glencove Rd & Nichols Ave,Sy 20,2025-12-01 17:47:40+00:00,,2025-12-01 17:44:15.252884615+00:00,2475,,,-204,2025-12-01
1759873,12:48:10,6575,49,9.2063,21337,1,121 James-Sunnycrest Ext,268622,Glencove Rd & Homecroft Rd,Sy 20,2025-12-01 17:48:10+00:00,,2025-12-01 17:44:31.133413461+00:00,2475,,,-218,2025-12-01
1759873,12:48:40,6582,50,9.3126,21337,1,121 James-Sunnycrest Ext,268622,Glencove Rd & Mosley Dr,Sy 20,2025-12-01 17:48:40+00:00,,2025-12-01 17:44:46.720673076+00:00,2475,,,-233,2025-12-01
1759873,12:49:09,6588,51,9.4168,21337,1,121 James-Sunnycrest Ext,268622,Glencove Rd & Plymouth Dr,Sy 20,2025-12-01 17:49:09+00:00,2025-12-01 17:45:02+00:00,2025-12-01 17:45:02+00:00,2475,43.064408413199494,-76.09949457922647,-247,2025-12-01
1759873,12:50:31,2544,52,9.7054,21337,1,121 James-Sunnycrest Ext,268622,Plymouth Dr & Sunnycrest Rd,Sy 20,2025-12-01 17:50:31+00:00,,2025-12-01 17:45:37.689373297+00:00,2475,,,-293,2025-12-01
1759873,12:50:58,8119,53,9.8016,21337,1,121 James-Sunnycrest Ext,268622,Sunnycrest Rd & Cresline Dr,Sy 20,2025-12-01 17:50:58+00:00,,2025-12-01 17:45:49.585831062+00:00,2475,,,-308,2025-12-01
1759873,12:51:24,8116,54,9.8939,21337,1,121 James-Sunnycrest Ext,268622,Sunnycrest Rd & Mosley Dr,Sy 20,2025-12-01 17:51:24+00:00,2025-12-01 17:46:01+00:00,2025-12-01 17:46:01+00:00,2475,43.06211166381836,-76.10001831054687,-323,2025-12-01
1759873,12:52:00,8117,55,10.0102,21337,1,121 James-Sunnycrest Ext,268622,Sunnycrest Rd & Champlain Dr,Sy 20,2025-12-01 17:52:00+00:00,2025-12-01 17:47:01+00:00,2025-12-01 17:47:01+00:00,2475,43.062043333333335,-76.10197333333333,-299,2025-12-01
1759874, 9:40:00,17651,1,,21337,1,121 James-Sunnycrest Ext,268622,B12,Sy 20,2025-12-01 14:40:00+00:00,2025-12-01 14:41:02+00:00,2025-12-01 14:41:02+00:00,2475,43.04436307340055,-76.15223240207982,62,2025-12-01
1759874, 9:41:05,102,2,0.4057,21337,1,121 James-Sunnycrest Ext,268622,S Salina St & Jefferson St,Sy 20,2025-12-01 14:41:05+00:00,2025-12-01 14:42:01+00:00,2025-12-01 14:42:01+00:00,2475,43.046871185302734,-76.15216827392578,56,2025-12-01
1759874, 9:41:55,17670,3,0.7147,21337,1,121 James-Sunnycrest Ext,268622,S Salina St & Water St (mid-block),Sy 20,2025-12-01 14:41:55+00:00,2025-12-01 14:44:01+00:00,2025-12-01 14:44:01+00:00,2475,43.048446532218684,-76.15222930908203,126,2025-12-01
1759874, 9:42:38,423,4,0.9848,21337,1,121 James-Sunnycrest Ext,268622,James St & N Warren St,Sy 20,2025-12-01 14:42:38+00:00,2025-12-01 14:45:02+00:00,2025-12-01 14:45:02+00:00,2475,43.05096308390299,-76.15218098958333,144,2025-12-01
1759874, 9:43:19,420,5,1.2412,21337,1,121 James-Sunnycrest Ext,268622,James St & N State St,Sy 20,2025-12-01 14:43:19+00:00,,2025-12-01 14:45:52.683720930+00:00,2475,,,153,2025-12-01
1759874, 9:43:51,421,6,1.4442,21337,1,121 James-Sunnycrest Ext,268622,James St & N Townsend St,Sy 20,2025-12-01 14:43:51+00:00,,2025-12-01 14:46:32.811627906+00:00,2475,,,161,2025-12-01
1759874, 9:44:14,442,7,1.5868,21337,1,121 James-Sunnycrest Ext,268622,James St & N McBride St,Sy 20,2025-12-01 14:44:14+00:00,2025-12-01 14:47:01+00:00,2025-12-01 14:47:01+00:00,2475,43.05422063974234,-76.14465860220102,167,2025-12-01
1759874, 9:44:40,432,8,1.7532,21337,1,121 James-Sunnycrest Ext,268622,James St & Catherine St,Sy 20,2025-12-01 14:44:40+00:00,,2025-12-01 14:47:26.050345508+00:00,2475,,,166,2025-12-01
1759874, 9:45:18,14776,9,1.9920,21337,1,121 James-Sunnycrest Ext,268622,James St & Lodi St,Sy 20,2025-12-01 14:45:18+00:00,2025-12-01 14:48:02+00:00,2025-12-01 14:48:02+00:00,2475,43.05604875498805,-76.1410017342403,164,2025-12-01
1759874, 9:45:50,446,10,2.1944,21337,1,121 James-Sunnycrest Ext,268622,James St & Highland St,Sy 20,2025-12-01 14:45:50+00:00,,2025-12-01 14:48:21.952548036+00:00,2475,,,151,2025-12-01
1759874, 9:46:18,5088,11,2.3722,21337,1,121 James-Sunnycrest Ext,268622,960 James St,Sy 20,2025-12-01 14:46:18+00:00,,2025-12-01 14:48:39.480033416+00:00,2475,,,141,2025-12-01
1759874, 9:47:00,444,12,2.5905,21337,1,121 James-Sunnycrest Ext,268622,James St & Oak St,Sy 20,2025-12-01 14:47:00+00:00,2025-12-01 14:49:01+00:00,2025-12-01 14:49:01+00:00,2475,43.05933332443237,-76.13429892063141,121,2025-12-01
1759874, 9:47:38,2120,13,2.8021,21337,1,121 James-Sunnycrest Ext,268622,James St & WSYR,Sy 20,2025-12-01 14:47:38+00:00,,2025-12-01 14:49:23.941814239+00:00,2475,,,105,2025-12-01
1759874, 9:47:53,450,14,2.8895,21337,1,121 James-Sunnycrest Ext,268622,James St & Dewitt St,Sy 20,2025-12-01 14:47:53+00:00,,2025-12-01 14:49:33.417780990+00:00,2475,,,100,2025-12-01
1759874, 9:48:38,6187,15,3.1439,21337,1,121 James-Sunnycrest Ext,268622,Sedgwick St & Elm St,Sy 20,2025-12-01 14:48:38+00:00,2025-12-01 14:50:01+00:00,2025-12-01 14:50:01+00:00,2475,43.05977661378922,-76.129330419725,83,2025-12-01
1759874, 9:48:57,2453,16,3.2512,21337,1,121 James-Sunnycrest Ext,268622,Shuart Ave & Pattison St,Sy 20,2025-12-01 14:48:57+00:00,,2025-12-01 14:50:17.652871184+00:00,2475,,,80,2025-12-01
1759874, 9:49:13,6068,17,3.3442,21337,1,121 James-Sunnycrest Ext,268622,Pattison St & Boyden St,Sy 20,2025-12-01 14:49:13+00:00,,2025-12-01 14:50:32.086394205+00:00,2475,,,79,2025-12-01
1759874, 9:49:46,2469,18,3.5305,21337,1,121 James-Sunnycrest Ext,268622,Pattison St & Vine St,Sy 20,2025-12-01 14:49:46+00:00,2025-12-01 14:51:01+00:00,2025-12-01 14:51:01+00:00,2475,43.058952713012694,-76.12644958496094,75,2025-12-01
1759874, 9:50:03,2473,19,3.6278,21337,1,121 James-Sunnycrest Ext,268622,Herbst Ave & Winton St,Sy 20,2025-12-01 14:50:03+00:00,2025-12-01 14:52:01+00:00,2025-12-01 14:52:01+00:00,2475,43.058170083852914,-76.12357987623949,118,2025-12-01
1759874, 9:51:23,6196,20,4.0754,21337,1,121 James-Sunnycrest Ext,268622,Teall Ave & Kinne St,Sy 20,2025-12-01 14:51:23+00:00,2025-12-01 14:53:01+00:00,2025-12-01 14:53:01+00:00,2475,43.05821990966797,-76.12223006739761,98,2025-12-01
1759874, 9:51:53,6204,21,4.2467,21337,1,121 James-Sunnycrest Ext,268622,Teall Ave & Boyden St,Sy 20,2025-12-01 14:51:53+00:00,,2025-12-01 14:53:27.730819245+00:00,2475,,,94,2025-12-01
1759874, 9:52:12,6207,22,4.3538,21337,1,121 James-Sunnycrest Ext,268622,Teall Ave & Mariposa St,Sy 20,2025-12-01 14:52:12+00:00,,2025-12-01 14:53:44.443433029+00:00,2475,,,92,2025-12-01
1759874, 9:52:31,6209,23,4.4599,21337,1,121 James-Sunnycrest Ext,268622,Teall Ave & Mooney Ave,Sy 20,2025-12-01 14:52:31+00:00,2025-12-01 14:54:01+00:00,2025-12-01 14:54:01+00:00,2475,43.06265445784027,-76.12252194273705,90,2025-12-01
1759874, 9:52:55,6218,24,4.5952,21337,1,121 James-Sunnycrest Ext,268622,Teall Ave & Melrose Ave,Sy 20,2025-12-01 14:52:55+00:00,,2025-12-01 14:54:12.749891445+00:00,2475,,,77,2025-12-01
1759874, 9:53:15,10503,25,4.7083,21337,1,121 James-Sunnycrest Ext,268622,Teall Ave & James St,Sy 20,2025-12-01 14:53:15+00:00,,2025-12-01 14:54:22.571862787+00:00,2475,,,67,2025-12-01
1759874, 9:53:43,8318,26,4.8675,21337,1,121 James-Sunnycrest Ext,268622,Teall Av & 1360 Teall Av,Sy 20,2025-12-01 14:53:43+00:00,,2025-12-01 14:54:36.397307859+00:00,2475,,,53,2025-12-01
1759874, 9:54:06,6222,27,4.9996,21337,1,121 James-Sunnycrest Ext,268622,Teall Ave & Rugby Rd,Sy 20,2025-12-01 14:54:06+00:00,,2025-12-01 14:54:47.869300911+00:00,2475,,,41,2025-12-01
1759874, 9:54:33,6421,28,5.1508,21337,1,121 James-Sunnycrest Ext,268622,Teall Ave & Peck Ave,Sy 20,2025-12-01 14:54:33+00:00,2025-12-01 14:55:01+00:00,2025-12-01 14:55:01+00:00,2475,43.06935172447791,-76.12296553391677,28,2025-12-01
1759874, 9:54:51,6435,29,5.2539,21337,1,121 James-Sunnycrest Ext,268622,Teall Ave & Paul Ave,Sy 20,2025-12-01 14:54:51+00:00,,2025-12-01 14:55:05.576797869+00:00,2475,,,14,2025-12-01
1759874, 9:55:09,6438,30,5.3580,21337,1,121 James-Sunnycrest Ext,268622,Teall Ave & Mildred Ave,Sy 20,2025-12-01 14:55:09+00:00,,2025-12-01 14:55:10.197987570+00:00,2475,,,1,2025-12-01
1759874, 9:55:23,11482,31,5.4391,21337,1,121 James-Sunnycrest Ext,268622,Teall Ave & Grant Blvd,Sy 20,2025-12-01 14:55:23+00:00,,2025-12-01 14:55:13.798165137+00:00,2475,,,-9,2025-12-01
1759874, 9:57:00,3675,32,5.9173,21337,1,121 James-Sunnycrest Ext,268622,Shop City,Sy 20,2025-12-01 14:57:00+00:00,,2025-12-01 14:55:35.026339153+00:00,2475,,,-84,2025-12-01
1759874, 9:58:51,6465,33,6.5024,21337,1,121 James-Sunnycrest Ext,268622,Grant Ter & Grant Blvd,Sy 20,2025-12-01 14:58:51+00:00,2025-12-01 14:56:01+00:00,2025-12-01 14:56:01+00:00,2475,43.07192357381185,-76.12135629092946,-170,2025-12-01
1759874, 9:59:32,6479,34,6.7220,21337,1,121 James-Sunnycrest Ext,268622,Grant Blvd & George St,Sy 20,2025-12-01 14:59:32+00:00,2025-12-01 15:00:02+00:00,2025-12-01 15:00:02+00:00,2475,43.070613861083984,-76.11958312988281,30,2025-12-01
1759874,10:01:22,8121,35,7.2987,21337,1,121 James-Sunnycrest Ext,268622,Shotwell Park & 130 Shotwell Park,Sy 20,2025-12-01 15:01:22+00:00,2025-12-01 15:02:01+00:00,2025-12-01 15:02:01+00:00,2475,43.06777763366699,-76.1155948638916,39,2025-12-01
1759874,10:02:12,6488,36,7.5641,21337,1,121 James-Sunnycrest Ext,268622,Shotwell Park & Melrose Ave,Sy 20,2025-12-01 15:02:12+00:00,,2025-12-01 15:02:33.900826446+00:00,2475,,,21,2025-12-01
1759874,10:02:35,17866,37,7.6874,21337,1,121 James-Sunnycrest Ext,268622,Shotwell Park & 222 Shotwell Park,Sy 20,2025-12-01 15:02:35+00:00,,2025-12-01 15:02:49.185950413+00:00,2475,,,14,2025-12-01
1759874,10:02:53,8123,38,7.7827,21337,1,121 James-Sunnycrest Ext,268622,Shotwell Park & 248 Shotwell Park,Sy 20,2025-12-01 15:02:53+00:00,2025-12-01 15:03:01+00:00,2025-12-01 15:03:01+00:00,2475,43.063136472540386,-76.11534610037076,8,2025-12-01
1759874,10:03:38,6493,39,8.0195,21337,1,121 James-Sunnycrest Ext,268622,Sunnycrest Rd & Hickok Ave,Sy 20,2025-12-01 15:03:38+00:00,,2025-12-01 15:03:41.921658986+00:00,2475,,,3,2025-12-01
1759874,10:03:59,6516,40,8.1299,21337,1,121 James-Sunnycrest Ext,268622,Sunnycrest Rd & Stafford Ave,Sy 20,2025-12-01 15:03:59+00:00,2025-12-01 15:04:01+00:00,2025-12-01 15:04:01+00:00,2475,43.06148435484688,-76.11278605910967,2,2025-12-01
1759874,10:04:19,6523,41,8.2370,21337,1,121 James-Sunnycrest Ext,268622,Sunnycrest Rd & Forest Hill Dr,Sy 20,2025-12-01 15:04:19+00:00,,2025-12-01 15:04:21.220264317+00:00,2475,,,2,2025-12-01
1759874,10:04:40,6533,42,8.3495,21337,1,121 James-Sunnycrest Ext,268622,Sunnycrest Rd & Woodbine Ave,Sy 20,2025-12-01 15:04:40+00:00,,2025-12-01 15:04:42.460037759+00:00,2475,,,2,2025-12-01
1759874,10:04:58,6535,43,8.4477,21337,1,121 James-Sunnycrest Ext,268622,Sunnycrest Rd & Hillsdale Ave,Sy 20,2025-12-01 15:04:58+00:00,2025-12-01 15:05:01+00:00,2025-12-01 15:05:01+00:00,2475,43.06175068446568,-76.10776901245117,3,2025-12-01
1759874,10:05:16,6542,44,8.5429,21337,1,121 James-Sunnycrest Ext,268622,Sunnycrest Rd & S Collingwood Ave,Sy 20,2025-12-01 15:05:16+00:00,,2025-12-01 15:05:20.316875211+00:00,2475,,,4,2025-12-01
1759874,10:05:35,6551,45,8.6461,21337,1,121 James-Sunnycrest Ext,268622,Sunnycrest Rd & S Edwards Ave,Sy 20,2025-12-01 15:05:35+00:00,,2025-12-01 15:05:41.257017247+00:00,2475,,,6,2025-12-01
1759874,10:06:00,10236,46,8.7434,21337,1,121 James-Sunnycrest Ext,268622,Sunnycrest Rd & S Midler Ave,Sy 20,2025-12-01 15:06:00+00:00,2025-12-01 15:06:01+00:00,2025-12-01 15:06:01+00:00,2475,43.06189211677103,-76.10467993044385,1,2025-12-01
1759874,10:07:13,2515,47,9.0008,21337,1,121 James-Sunnycrest Ext,268622,S Midler Ave & Glencove Rd,Sy 20,2025-12-01 15:07:13+00:00,,2025-12-01 15:06:44.553299492+00:00,2475,,,-28,2025-12-01
1759874,10:07:40,6567,48,9.0980,21337,1,121 James-Sunnycrest Ext,268622,Glencove Rd & Nichols Ave,Sy 20,2025-12-01 15:07:40+00:00,2025-12-01 15:07:01+00:00,2025-12-01 15:07:01+00:00,2475,43.06418016221788,-76.1041259765625,-39,2025-12-01
1759874,10:08:10,6575,49,9.2063,21337,1,121 James-Sunnycrest Ext,268622,Glencove Rd & Homecroft Rd,Sy 20,2025-12-01 15:08:10+00:00,,2025-12-01 15:07:21.722396486+00:00,2475,,,-48,2025-12-01
1759874,10:08:40,6582,50,9.3126,21337,1,121 James-Sunnycrest Ext,268622,Glencove Rd & Mosley Dr,Sy 20,2025-12-01 15:08:40+00:00,,2025-12-01 15:07:42.062107904+00:00,2475,,,-57,2025-12-01
1759874,10:09:09,6588,51,9.4168,21337,1,121 James-Sunnycrest Ext,268622,Glencove Rd & Plymouth Dr,Sy 20,2025-12-01 15:09:09+00:00,2025-12-01 15:08:02+00:00,2025-12-01 15:08:02+00:00,2475,43.06441240532454,-76.09951232200446,-67,2025-12-01
1759874,10:10:31,2544,52,9.7054,21337,1,121 James-Sunnycrest Ext,268622,Plymouth Dr & Sunnycrest Rd,Sy 20,2025-12-01 15:10:31+00:00,,2025-12-01 15:08:37.689373297+00:00,2475,,,-113,2025-12-01
1759874,10:10:58,8119,53,9.8016,21337,1,121 James-Sunnycrest Ext,268622,Sunnycrest Rd & Cresline Dr,Sy 20,2025-12-01 15:10:58+00:00,,2025-12-01 15:08:49.585831062+00:00,2475,,,-128,2025-12-01
1759874,10:11:24,8116,54,9.8939,21337,1,121 James-Sunnycrest Ext,268622,Sunnycrest Rd & Mosley Dr,Sy 20,2025-12-01 15:11:24+00:00,2025-12-01 15:09:01+00:00,2025-12-01 15:09:01+00:00,2475,43.06211177280971,-76.10001460484096,-143,2025-12-01
1759874,10:12:00,8117,55,10.0102,21337,1,121 James-Sunnycrest Ext,268622,Sunnycrest Rd & Champlain Dr,Sy 20,2025-12-01 15:12:00+00:00,2025-12-01 15:10:01+00:00,2025-12-01 15:10:01+00:00,2475,43.062055,-76.10205166666667,-119,2025-12-01
1759875, 6:40:00,17651,1,,21337,1,21 James - Sunnycrest,268623,B12,Sy 20,2025-12-01 11:40:00+00:00,2025-12-01 11:42:01+00:00,2025-12-01 11:42:01+00:00,2232,43.0438175201416,-76.15187549591064,121,2025-12-01
1759875, 6:41:05,102,2,0.4057,21337,1,21 James - Sunnycrest,268623,S Salina St & Jefferson St,Sy 20,2025-12-01 11:41:05+00:00,2025-12-01 11:43:01+00:00,2025-12-01 11:43:01+00:00,2232,43.04689667441628,-76.15225011652166,116,2025-12-01
1759875, 6:41:55,17670,3,0.7147,21337,1,21 James - Sunnycrest,268623,S Salina St & Water St (mid-block),Sy 20,2025-12-01 11:41:55+00:00,2025-12-01 11:44:00+00:00,2025-12-01 11:44:00+00:00,2232,43.04927479137074,-76.15221959894353,125,2025-12-01
1759875, 6:42:38,423,4,0.9848,21337,1,21 James - Sunnycrest,268623,James St & N Warren St,Sy 20,2025-12-01 11:42:38+00:00,2025-12-01 11:46:02+00:00,2025-12-01 11:46:02+00:00,2232,43.05126953125,-76.15136179109899,204,2025-12-01
1759875, 6:43:19,420,5,1.2412,21337,1,21 James - Sunnycrest,268623,James St & N State St,Sy 20,2025-12-01 11:43:19+00:00,2025-12-01 11:47:01+00:00,2025-12-01 11:47:01+00:00,2232,43.052545077558875,-76.14809815779977,222,2025-12-01
1759875, 6:43:51,421,6,1.4442,21337,1,21 James - Sunnycrest,268623,James St & N Townsend St,Sy 20,2025-12-01 11:43:51+00:00,,2025-12-01 11:47:36.243055555+00:00,2232,,,225,2025-12-01
1759875, 6:44:14,442,7,1.5868,21337,1,21 James - Sunnycrest,268623,James St & N McBride St,Sy 20,2025-12-01 11:44:14+00:00,2025-12-01 11:48:01+00:00,2025-12-01 11:48:01+00:00,2232,43.05401848965004,-76.14513684882492,227,2025-12-01
1759875, 6:44:40,432,8,1.7532,21337,1,21 James - Sunnycrest,268623,James St & Catherine St,Sy 20,2025-12-01 11:44:40+00:00,2025-12-01 11:49:01+00:00,2025-12-01 11:49:01+00:00,2232,43.0551873464433,-76.14275335887122,261,2025-12-01
1759875, 6:45:18,14776,9,1.9920,21337,1,21 James - Sunnycrest,268623,James St & Lodi St,Sy 20,2025-12-01 11:45:18+00:00,,2025-12-01 11:49:34.016319129+00:00,2232,,,256,2025-12-01
1759875, 6:45:50,446,10,2.1944,21337,1,21 James - Sunnycrest,268623,James St & Highland St,Sy 20,2025-12-01 11:45:50+00:00,2025-12-01 11:50:02+00:00,2025-12-01 11:50:02+00:00,2232,43.05743682078826,-76.13816618308043,252,2025-12-01
1759875, 6:46:18,5088,11,2.3722,21337,1,21 James - Sunnycrest,268623,960 James St,Sy 20,2025-12-01 11:46:18+00:00,,2025-12-01 11:50:28.483716233+00:00,2232,,,250,2025-12-01
1759875, 6:47:00,444,12,2.5905,21337,1,21 James - Sunnycrest,268623,James St & Oak St,Sy 20,2025-12-01 11:47:00+00:00,2025-12-01 11:51:01+00:00,2025-12-01 11:51:01+00:00,2232,43.05973172187805,-76.13349676132202,241,2025-12-01
1759875, 6:47:23,2120,13,2.8021,21337,1,21 James - Sunnycrest,268623,James St & WSYR,Sy 20,2025-12-01 11:47:23+00:00,,2025-12-01 11:51:43.461538461+00:00,2232,,,260,2025-12-01
1759875, 6:47:32,450,14,2.8895,21337,1,21 James - Sunnycrest,268623,James St & Dewitt St,Sy 20,2025-12-01 11:47:32+00:00,2025-12-01 11:52:01+00:00,2025-12-01 11:52:01+00:00,2232,43.060886964959614,-76.13113480907376,269,2025-12-01
1759875, 6:48:00,6187,15,3.1439,21337,1,21 James - Sunnycrest,268623,Sedgwick St & Elm St,Sy 20,2025-12-01 11:48:00+00:00,,2025-12-01 11:52:34.569386408+00:00,2232,,,274,2025-12-01
1759875, 6:48:11,2453,16,3.2512,21337,1,21 James - Sunnycrest,268623,Shuart Ave & Pattison St,Sy 20,2025-12-01 11:48:11+00:00,,2025-12-01 11:52:48.728172421+00:00,2232,,,277,2025-12-01
1759875, 6:48:21,6068,17,3.3442,21337,1,21 James - Sunnycrest,268623,Pattison St & Boyden St,Sy 20,2025-12-01 11:48:21+00:00,2025-12-01 11:53:01+00:00,2025-12-01 11:53:01+00:00,2232,43.059479001968626,-76.12762414841424,280,2025-12-01
1759875, 6:48:41,2469,18,3.5305,21337,1,21 James - Sunnycrest,268623,Pattison St & Vine St,Sy 20,2025-12-01 11:48:41+00:00,,2025-12-01 11:53:40.414668547+00:00,2232,,,299,2025-12-01
1759875, 6:48:51,2473,19,3.6278,21337,1,21 James - Sunnycrest,268623,Herbst Ave & Winton St,Sy 20,2025-12-01 11:48:51+00:00,2025-12-01 11:54:01+00:00,2025-12-01 11:54:01+00:00,2232,43.05903854370117,-76.12450459798177,310,2025-12-01
1759875, 6:49:40,6196,20,4.0754,21337,1,21 James - Sunnycrest,268623,Teall Ave & Kinne St,Sy 20,2025-12-01 11:49:40+00:00,2025-12-01 11:55:02+00:00,2025-12-01 11:55:02+00:00,2232,43.05914166666667,-76.12239666666666,322,2025-12-01
1759875, 6:49:58,6204,21,4.2467,21337,1,21 James - Sunnycrest,268623,Teall Ave & Boyden St,Sy 20,2025-12-01 11:49:58+00:00,,2025-12-01 11:55:38.302801724+00:00,2232,,,340,2025-12-01
1759875, 6:50:09,6207,22,4.3538,21337,1,21 James - Sunnycrest,268623,Teall Ave & Mariposa St,Sy 20,2025-12-01 11:50:09+00:00,2025-12-01 11:56:01+00:00,2025-12-01 11:56:01+00:00,2232,43.061763763427734,-76.12246704101562,352,2025-12-01
1759875, 6:50:20,6209,23,4.4599,21337,1,21 James - Sunnycrest,268623,Teall Ave & Mooney Ave,Sy 20,2025-12-01 11:50:20+00:00,,2025-12-01 11:56:18.688246735+00:00,2232,,,358,2025-12-01
1759875, 6:50:34,6218,24,4.5952,21337,1,21 James - Sunnycrest,268623,Teall Ave & Melrose Ave,Sy 20,2025-12-01 11:50:34+00:00,,2025-12-01 11:56:41.244512364+00:00,2232,,,367,2025-12-01
1759875, 6:50:47,10678,25,4.7137,21337,1,21 James - Sunnycrest,268623,James St & Teall Ave,Sy 20,2025-12-01 11:50:47+00:00,2025-12-01 11:57:01+00:00,2025-12-01 11:57:01+00:00,2232,43.065093994140625,-76.12254333496094,374,2025-12-01
1759875, 6:51:10,479,26,4.9250,21337,1,21 James - Sunnycrest,268623,James St & Rugby Rd,Sy 20,2025-12-01 11:51:10+00:00,,2025-12-01 11:57:23.002902014+00:00,2232,,,373,2025-12-01
1759875, 6:51:23,481,27,5.0446,21337,1,21 James - Sunnycrest,268623,James St & Cook Ave,Sy 20,2025-12-01 11:51:23+00:00,,2025-12-01 11:57:35.456981905+00:00,2232,,,372,2025-12-01
1759875, 6:51:33,487,28,5.1389,21337,1,21 James - Sunnycrest,268623,James St & Hastings Pl,Sy 20,2025-12-01 11:51:33+00:00,,2025-12-01 11:57:45.276544895+00:00,2232,,,372,2025-12-01
1759875, 6:51:43,491,29,5.2318,21337,1,21 James - Sunnycrest,268623,James St & Clifton Pl,Sy 20,2025-12-01 11:51:43+00:00,,2025-12-01 11:57:54.950324342+00:00,2232,,,371,2025-12-01
1759875, 6:52:00,1759,30,5.2995,21337,1,21 James - Sunnycrest,268623,James St & Shotwell Pk,Sy 20,2025-12-01 11:52:00+00:00,2025-12-01 11:58:02+00:00,2025-12-01 11:58:02+00:00,2232,43.06816864013672,-76.11624908447266,362,2025-12-01
1759875, 6:52:46,8121,31,5.5163,21337,1,21 James - Sunnycrest,268623,Shotwell Park & 130 Shotwell Park,Sy 20,2025-12-01 11:52:46+00:00,2025-12-01 11:59:01+00:00,2025-12-01 11:59:01+00:00,2232,43.066619873046875,-76.11564636230469,375,2025-12-01
1759875, 6:53:43,6488,32,5.7817,21337,1,21 James - Sunnycrest,268623,Shotwell Park & Melrose Ave,Sy 20,2025-12-01 11:53:43+00:00,,2025-12-01 11:59:33.900826446+00:00,2232,,,350,2025-12-01
1759875, 6:54:09,17866,33,5.9050,21337,1,21 James - Sunnycrest,268623,Shotwell Park & 222 Shotwell Park,Sy 20,2025-12-01 11:54:09+00:00,,2025-12-01 11:59:49.185950413+00:00,2232,,,340,2025-12-01
1759875, 6:54:29,8123,34,6.0003,21337,1,21 James - Sunnycrest,268623,Shotwell Park & 248 Shotwell Park,Sy 20,2025-12-01 11:54:29+00:00,2025-12-01 12:00:01+00:00,2025-12-01 12:00:01+00:00,2232,43.062538146972656,-76.11528778076172,332,2025-12-01
1759875, 6:55:20,6493,35,6.2371,21337,1,21 James - Sunnycrest,268623,Sunnycrest Rd & Hickok Ave,Sy 20,2025-12-01 11:55:20+00:00,,2025-12-01 12:00:41.921658986+00:00,2232,,,321,2025-12-01
1759875, 6:55:43,6516,36,6.3475,21337,1,21 James - Sunnycrest,268623,Sunnycrest Rd & Stafford Ave,Sy 20,2025-12-01 11:55:43+00:00,2025-12-01 12:01:01+00:00,2025-12-01 12:01:01+00:00,2232,43.06149673461914,-76.11262512207031,318,2025-12-01
1759875, 6:56:06,6523,37,6.4546,21337,1,21 James - Sunnycrest,268623,Sunnycrest Rd & Forest Hill Dr,Sy 20,2025-12-01 11:56:06+00:00,,2025-12-01 12:01:30.262295081+00:00,2232,,,324,2025-12-01
1759875, 6:56:30,6533,38,6.5671,21337,1,21 James - Sunnycrest,268623,Sunnycrest Rd & Woodbine Ave,Sy 20,2025-12-01 11:56:30+00:00,2025-12-01 12:02:01+00:00,2025-12-01 12:02:01+00:00,2232,43.061683654785156,-76.10897827148438,331,2025-12-01
1759875, 6:56:51,6535,39,6.6653,21337,1,21 James - Sunnycrest,268623,Sunnycrest Rd & Hillsdale Ave,Sy 20,2025-12-01 11:56:51+00:00,,2025-12-01 12:02:15.958111195+00:00,2232,,,324,2025-12-01
1759875, 6:57:11,6542,40,6.7605,21337,1,21 James - Sunnycrest,268623,Sunnycrest Rd & S Collingwood Ave,Sy 20,2025-12-01 11:57:11+00:00,,2025-12-01 12:02:30.459253617+00:00,2232,,,319,2025-12-01
1759875, 6:57:33,6551,41,6.8637,21337,1,21 James - Sunnycrest,268623,Sunnycrest Rd & S Edwards Ave,Sy 20,2025-12-01 11:57:33+00:00,,2025-12-01 12:02:46.178979436+00:00,2232,,,313,2025-12-01
1759875, 6:58:00,10236,42,6.9610,21337,1,21 James - Sunnycrest,268623,Sunnycrest Rd & S Midler Ave,Sy 20,2025-12-01 11:58:00+00:00,2025-12-01 12:03:01+00:00,2025-12-01 12:03:01+00:00,2232,43.0618782043457,-76.10467529296875,301,2025-12-01
1759875, 7:00:16,2515,43,7.2185,21337,1,21 James - Sunnycrest,268623,S Midler Ave & Glencove Rd,Sy 20,2025-12-01 12:00:16+00:00,2025-12-01 12:04:02+00:00,2025-12-01 12:04:02+00:00,2232,43.06416320800781,-76.10455322265625,226,2025-12-01
1759875, 7:01:07,6567,44,7.3156,21337,1,21 James - Sunnycrest,268623,Glencove Rd & Nichols Ave,Sy 20,2025-12-01 12:01:07+00:00,,2025-12-01 12:04:15.774705458+00:00,2232,,,188,2025-12-01
1759875, 7:02:04,6575,45,7.4239,21337,1,21 James - Sunnycrest,268623,Glencove Rd & Homecroft Rd,Sy 20,2025-12-01 12:02:04+00:00,,2025-12-01 12:04:31.138254388+00:00,2232,,,147,2025-12-01
1759875, 7:03:00,6582,46,7.5302,21337,1,21 James - Sunnycrest,268623,Glencove Rd & Mosley Dr,Sy 20,2025-12-01 12:03:00+00:00,,2025-12-01 12:04:46.218081269+00:00,2232,,,106,2025-12-01
1759875, 7:03:55,6588,47,7.6344,21337,1,21 James - Sunnycrest,268623,Glencove Rd & Plymouth Dr,Sy 20,2025-12-01 12:03:55+00:00,2025-12-01 12:05:01+00:00,2025-12-01 12:05:01+00:00,2232,43.064369201660156,-76.10027313232422,66,2025-12-01
1759875, 7:05:58,8105,48,7.8664,21337,1,21 James - Sunnycrest,268623,N Glencove Rd & Culver Dr,Sy 20,2025-12-01 12:05:58+00:00,2025-12-01 12:06:01+00:00,2025-12-01 12:06:01+00:00,2232,43.06492233276367,-76.09701538085938,3,2025-12-01
1759875, 7:08:12,8106,49,8.1190,21337,1,21 James - Sunnycrest,268623,Glencove Rd & Ridgewood Dr,Sy 20,2025-12-01 12:08:12+00:00,2025-12-01 12:07:01+00:00,2025-12-01 12:07:01+00:00,2232,43.06467819213867,-76.09362030029297,-71,2025-12-01
1759875, 7:09:03,8107,50,8.2155,21337,1,21 James - Sunnycrest,268623,Glencove Rd & Clover Ridge Dr,Sy 20,2025-12-01 12:09:03+00:00,,2025-12-01 12:07:14.883254716+00:00,2232,,,-108,2025-12-01
1759875, 7:09:55,8108,51,8.3147,21337,1,21 James - Sunnycrest,268623,Glencove Rd & Burns Ave,Sy 20,2025-12-01 12:09:55+00:00,,2025-12-01 12:07:29.154952830+00:00,2232,,,-145,2025-12-01
1759875, 7:10:47,8109,52,8.4128,21337,1,21 James - Sunnycrest,268623,Glencove Rd & Boston St,Sy 20,2025-12-01 12:10:47+00:00,,2025-12-01 12:07:43.268396226+00:00,2232,,,-183,2025-12-01
1759875, 7:12:00,3645,53,8.5430,21337,1,21 James - Sunnycrest,268623,Conklin St & Glencove Rd,Sy 20,2025-12-01 12:12:00+00:00,2025-12-01 12:08:02+00:00,2025-12-01 12:08:02+00:00,2232,43.06486892700195,-76.08944702148438,-238,2025-12-01
1759876, 7:00:00,17651,1,,21337,1,21 James - Sunnycrest,268622,B12,Sy 20,2025-12-01 12:00:00+00:00,2025-12-01 12:01:01+00:00,2025-12-01 12:01:01+00:00,2475,43.0437997671274,-76.15178386981671,61,2025-12-01
1759876, 7:01:05,102,2,0.4057,21337,1,21 James - Sunnycrest,268622,S Salina St & Jefferson St,Sy 20,2025-12-01 12:01:05+00:00,2025-12-01 12:02:01+00:00,2025-12-01 12:02:01+00:00,2475,43.04690517078746,-76.15224942294034,56,2025-12-01
1759876, 7:01:55,17670,3,0.7147,21337,1,21 James - Sunnycrest,268622,S Salina St & Water St (mid-block),Sy 20,2025-12-01 12:01:55+00:00,2025-12-01 12:04:02+00:00,2025-12-01 12:04:02+00:00,2475,43.049919352811926,-76.15220642089844,127,2025-12-01
1759876, 7:02:38,423,4,0.9848,21337,1,21 James - Sunnycrest,268622,James St & N Warren St,Sy 20,2025-12-01 12:02:38+00:00,2025-12-01 12:05:01+00:00,2025-12-01 12:05:01+00:00,2475,43.0512941294703,-76.15070540329506,143,2025-12-01
1759876, 7:03:19,420,5,1.2412,21337,1,21 James - Sunnycrest,268622,James St & N State St,Sy 20,2025-12-01 12:03:19+00:00,2025-12-01 12:06:01+00:00,2025-12-01 12:06:01+00:00,2475,43.05267281965776,-76.14785951556581,162,2025-12-01
1759876, 7:03:51,421,6,1.4442,21337,1,21 James - Sunnycrest,268622,James St & N Townsend St,Sy 20,2025-12-01 12:03:51+00:00,,2025-12-01 12:06:24.789062499+00:00,2475,,,153,2025-12-01
1759876, 7:04:14,442,7,1.5868,21337,1,21 James - Sunnycrest,268622,James St & N McBride St,Sy 20,2025-12-01 12:04:14+00:00,,2025-12-01 12:06:41.499999999+00:00,2475,,,147,2025-12-01
1759876, 7:04:40,432,8,1.7532,21337,1,21 James - Sunnycrest,268622,James St & Catherine St,Sy 20,2025-12-01 12:04:40+00:00,2025-12-01 12:07:01+00:00,2025-12-01 12:07:01+00:00,2475,43.05487512987713,-76.14339251850926,141,2025-12-01
1759876, 7:05:18,14776,9,1.9920,21337,1,21 James - Sunnycrest,268622,James St & Lodi St,Sy 20,2025-12-01 12:05:18+00:00,2025-12-01 12:08:02+00:00,2025-12-01 12:08:02+00:00,2475,43.05605631861194,-76.1409859492861,164,2025-12-01
1759876, 7:05:50,446,10,2.1944,21337,1,21 James - Sunnycrest,268622,James St & Highland St,Sy 20,2025-12-01 12:05:50+00:00,,2025-12-01 12:08:33.408732246+00:00,2475,,,163,2025-12-01
1759876, 7:06:18,5088,11,2.3722,21337,1,21 James - Sunnycrest,268622,960 James St,Sy 20,2025-12-01 12:06:18+00:00,2025-12-01 12:09:01+00:00,2025-12-01 12:09:01+00:00,2475,43.058324383151145,-76.13634195635396,163,2025-12-01
1759876, 7:07:00,444,12,2.5905,21337,1,21 James - Sunnycrest,268622,James St & Oak St,Sy 20,2025-12-01 12:07:00+00:00,,2025-12-01 12:09:31.467550593+00:00,2475,,,151,2025-12-01
1759876, 7:07:23,2120,13,2.8021,21337,1,21 James - Sunnycrest,268622,James St & WSYR,Sy 20,2025-12-01 12:07:23+00:00,2025-12-01 12:10:01+00:00,2025-12-01 12:10:01+00:00,2475,43.06045209444486,-76.13200261042668,158,2025-12-01
1759876, 7:07:32,450,14,2.8895,21337,1,21 James - Sunnycrest,268622,James St & Dewitt St,Sy 20,2025-12-01 12:07:32+00:00,,2025-12-01 12:10:12.676686706+00:00,2475,,,160,2025-12-01
1759876, 7:08:00,6187,15,3.1439,21337,1,21 James - Sunnycrest,268622,Sedgwick St & Elm St,Sy 20,2025-12-01 12:08:00+00:00,,2025-12-01 12:10:46.664662658+00:00,2475,,,166,2025-12-01
1759876, 7:08:11,2453,16,3.2512,21337,1,21 James - Sunnycrest,268622,Shuart Ave & Pattison St,Sy 20,2025-12-01 12:08:11+00:00,2025-12-01 12:11:01+00:00,2025-12-01 12:11:01+00:00,2475,43.060191779301086,-76.12823894106108,170,2025-12-01
1759876, 7:08:21,6068,17,3.3442,21337,1,21 James - Sunnycrest,268622,Pattison St & Boyden St,Sy 20,2025-12-01 12:08:21+00:00,,2025-12-01 12:11:16.063728093+00:00,2475,,,175,2025-12-01
1759876, 7:08:41,2469,18,3.5305,21337,1,21 James - Sunnycrest,268622,Pattison St & Vine St,Sy 20,2025-12-01 12:08:41+00:00,,2025-12-01 12:11:46.239776951+00:00,2475,,,185,2025-12-01
1759876, 7:08:51,2473,19,3.6278,21337,1,21 James - Sunnycrest,268622,Herbst Ave & Winton St,Sy 20,2025-12-01 12:08:51+00:00,2025-12-01 12:12:02+00:00,2025-12-01 12:12:02+00:00,2475,43.05903568267822,-76.12454846700032,191,2025-12-01
1759876, 7:09:40,6196,20,4.0754,21337,1,21 James - Sunnycrest,268622,Teall Ave & Kinne St,Sy 20,2025-12-01 12:09:40+00:00,2025-12-01 12:14:01+00:00,2025-12-01 12:14:01+00:00,2475,43.05820576594426,-76.1226831289438,261,2025-12-01
1759876, 7:09:58,6204,21,4.2467,21337,1,21 James - Sunnycrest,268622,Teall Ave & Boyden St,Sy 20,2025-12-01 12:09:58+00:00,2025-12-01 12:15:01+00:00,2025-12-01 12:15:01+00:00,2475,43.061212733171985,-76.1224223703578,303,2025-12-01
1759876, 7:10:09,6207,22,4.3538,21337,1,21 James - Sunnycrest,268622,Teall Ave & Mariposa St,Sy 20,2025-12-01 12:10:09+00:00,,2025-12-01 12:15:09.053640807+00:00,2475,,,300,2025-12-01
1759876, 7:10:20,6209,23,4.4599,21337,1,21 James - Sunnycrest,268622,Teall Ave & Mooney Ave,Sy 20,2025-12-01 12:10:20+00:00,,2025-12-01 12:15:17.032084221+00:00,2475,,,297,2025-12-01
1759876, 7:10:34,6218,24,4.5952,21337,1,21 James - Sunnycrest,268622,Teall Ave & Melrose Ave,Sy 20,2025-12-01 12:10:34+00:00,,2025-12-01 12:15:27.206291515+00:00,2475,,,293,2025-12-01
1759876, 7:10:47,10678,25,4.7137,21337,1,21 James - Sunnycrest,268622,James St & Teall Ave,Sy 20,2025-12-01 12:10:47+00:00,,2025-12-01 12:15:36.117182604+00:00,2475,,,289,2025-12-01
1759876, 7:11:10,479,26,4.9250,21337,1,21 James - Sunnycrest,268622,James St & Rugby Rd,Sy 20,2025-12-01 12:11:10+00:00,,2025-12-01 12:15:52.006391778+00:00,2475,,,282,2025-12-01
1759876, 7:11:23,481,27,5.0446,21337,1,21 James - Sunnycrest,268622,James St & Cook Ave,Sy 20,2025-12-01 12:11:23+00:00,2025-12-01 12:16:01+00:00,2025-12-01 12:16:01+00:00,2475,43.06657594250095,-76.11951520366054,278,2025-12-01
1759876, 7:11:33,487,28,5.1389,21337,1,21 James - Sunnycrest,268622,James St & Hastings Pl,Sy 20,2025-12-01 12:11:33+00:00,,2025-12-01 12:16:12.994912020+00:00,2475,,,279,2025-12-01
1759876, 7:11:43,491,29,5.2318,21337,1,21 James - Sunnycrest,268622,James St & Clifton Pl,Sy 20,2025-12-01 12:11:43+00:00,,2025-12-01 12:16:24.811744753+00:00,2475,,,281,2025-12-01
1759876, 7:12:00,1759,30,5.2995,21337,1,21 James - Sunnycrest,268622,James St & Shotwell Pk,Sy 20,2025-12-01 12:12:00+00:00,,2025-12-01 12:16:33.423150307+00:00,2475,,,273,2025-12-01
1759876, 7:12:46,8121,31,5.5163,21337,1,21 James - Sunnycrest,268622,Shotwell Park & 130 Shotwell Park,Sy 20,2025-12-01 12:12:46+00:00,2025-12-01 12:17:01+00:00,2025-12-01 12:17:01+00:00,2475,43.06758430822572,-76.11571878461696,255,2025-12-01
1759876, 7:13:43,6488,32,5.7817,21337,1,21 James - Sunnycrest,268622,Shotwell Park & Melrose Ave,Sy 20,2025-12-01 12:13:43+00:00,,2025-12-01 12:17:33.900826446+00:00,2475,,,230,2025-12-01
1759876, 7:14:09,17866,33,5.9050,21337,1,21 James - Sunnycrest,268622,Shotwell Park & 222 Shotwell Park,Sy 20,2025-12-01 12:14:09+00:00,,2025-12-01 12:17:49.185950413+00:00,2475,,,220,2025-12-01
1759876, 7:14:29,8123,34,6.0003,21337,1,21 James - Sunnycrest,268622,Shotwell Park & 248 Shotwell Park,Sy 20,2025-12-01 12:14:29+00:00,2025-12-01 12:18:01+00:00,2025-12-01 12:18:01+00:00,2475,43.06263590967932,-76.11530126527299,212,2025-12-01
1759876, 7:15:20,6493,35,6.2371,21337,1,21 James - Sunnycrest,268622,Sunnycrest Rd & Hickok Ave,Sy 20,2025-12-01 12:15:20+00:00,,2025-12-01 12:18:32.274488223+00:00,2475,,,192,2025-12-01
1759876, 7:15:43,6516,36,6.3475,21337,1,21 James - Sunnycrest,268622,Sunnycrest Rd & Stafford Ave,Sy 20,2025-12-01 12:15:43+00:00,,2025-12-01 12:18:46.855161787+00:00,2475,,,183,2025-12-01
1759876, 7:16:06,6523,37,6.4546,21337,1,21 James - Sunnycrest,268622,Sunnycrest Rd & Forest Hill Dr,Sy 20,2025-12-01 12:16:06+00:00,2025-12-01 12:19:01+00:00,2025-12-01 12:19:01+00:00,2475,43.06155061721802,-76.11150360107422,175,2025-12-01
1759876, 7:16:30,6533,38,6.5671,21337,1,21 James - Sunnycrest,268622,Sunnycrest Rd & Woodbine Ave,Sy 20,2025-12-01 12:16:30+00:00,,2025-12-01 12:19:14.551540284+00:00,2475,,,164,2025-12-01
1759876, 7:16:51,6535,39,6.6653,21337,1,21 James - Sunnycrest,268622,Sunnycrest Rd & Hillsdale Ave,Sy 20,2025-12-01 12:16:51+00:00,,2025-12-01 12:19:26.380529225+00:00,2475,,,155,2025-12-01
1759876, 7:17:11,6542,40,6.7605,21337,1,21 James - Sunnycrest,268622,Sunnycrest Rd & S Collingwood Ave,Sy 20,2025-12-01 12:17:11+00:00,,2025-12-01 12:19:37.848143759+00:00,2475,,,146,2025-12-01
1759876, 7:17:33,6551,41,6.8637,21337,1,21 James - Sunnycrest,268622,Sunnycrest Rd & S Edwards Ave,Sy 20,2025-12-01 12:17:33+00:00,,2025-12-01 12:19:50.279423380+00:00,2475,,,137,2025-12-01
1759876, 7:18:00,10236,42,6.9610,21337,1,21 James - Sunnycrest,268622,Sunnycrest Rd & S Midler Ave,Sy 20,2025-12-01 12:18:00+00:00,2025-12-01 12:20:02+00:00,2025-12-01 12:20:02+00:00,2475,43.06187253679548,-76.10523507254464,122,2025-12-01
1759876, 7:20:16,2515,43,7.2185,21337,1,21 James - Sunnycrest,268622,S Midler Ave & Glencove Rd,Sy 20,2025-12-01 12:20:16+00:00,,2025-12-01 12:20:34.820263555+00:00,2475,,,18,2025-12-01
1759876, 7:21:07,6567,44,7.3156,21337,1,21 James - Sunnycrest,268622,Glencove Rd & Nichols Ave,Sy 20,2025-12-01 12:21:07+00:00,,2025-12-01 12:20:47.196370706+00:00,2475,,,-19,2025-12-01
1759876, 7:22:04,6575,45,7.4239,21337,1,21 James - Sunnycrest,268622,Glencove Rd & Homecroft Rd,Sy 20,2025-12-01 12:22:04+00:00,2025-12-01 12:21:01+00:00,2025-12-01 12:21:01+00:00,2475,43.06427390234811,-76.10211821964809,-63,2025-12-01
1759876, 7:23:00,6582,46,7.5302,21337,1,21 James - Sunnycrest,268622,Glencove Rd & Mosley Dr,Sy 20,2025-12-01 12:23:00+00:00,,2025-12-01 12:21:15.413559322+00:00,2475,,,-104,2025-12-01
1759876, 7:23:55,6588,47,7.6344,21337,1,21 James - Sunnycrest,268622,Glencove Rd & Plymouth Dr,Sy 20,2025-12-01 12:23:55+00:00,,2025-12-01 12:21:29.542372881+00:00,2475,,,-145,2025-12-01
1759876, 7:25:58,8105,48,7.8664,21337,1,21 James - Sunnycrest,268622,N Glencove Rd & Culver Dr,Sy 20,2025-12-01 12:25:58+00:00,2025-12-01 12:22:01+00:00,2025-12-01 12:22:01+00:00,2475,43.064879541811734,-76.09763944321784,-237,2025-12-01
1759876, 7:28:12,8106,49,8.1190,21337,1,21 James - Sunnycrest,268622,Glencove Rd & Ridgewood Dr,Sy 20,2025-12-01 12:28:12+00:00,,2025-12-01 12:22:34.807718045+00:00,2475,,,-337,2025-12-01
1759876, 7:29:03,8107,50,8.2155,21337,1,21 James - Sunnycrest,268622,Glencove Rd & Clover Ridge Dr,Sy 20,2025-12-01 12:29:03+00:00,,2025-12-01 12:22:47.723176444+00:00,2475,,,-375,2025-12-01
1759876, 7:29:55,8108,51,8.3147,21337,1,21 James - Sunnycrest,268622,Glencove Rd & Burns Ave,Sy 20,2025-12-01 12:29:55+00:00,2025-12-01 12:23:01+00:00,2025-12-01 12:23:01+00:00,2475,43.06474996017197,-76.09235537254204,-414,2025-12-01
1759876, 7:30:47,8109,52,8.4128,21337,1,21 James - Sunnycrest,268622,Glencove Rd & Boston St,Sy 20,2025-12-01 12:30:47+00:00,,2025-12-01 12:23:27.211563731+00:00,2475,,,-439,2025-12-01
1759876, 7:32:00,3645,53,8.5430,21337,1,21 James - Sunnycrest,268622,Conklin St & Glencove Rd,Sy 20,2025-12-01 12:32:00+00:00,2025-12-01 12:24:02+00:00,2025-12-01 12:24:02+00:00,2475,43.064655,-76.08920166666667,-478,2025-12-01
1759877, 8:20:00,17651,1,,21337,1,21 James - Sunnycrest,268622,B12,Sy 20,2025-12-01 13:20:00+00:00,2025-12-01 13:25:01+00:00,2025-12-01 13:25:01+00:00,2475,43.044349670410156,-76.15222930908203,301,2025-12-01
1759877, 8:21:05,102,2,0.4057,21337,1,21 James - Sunnycrest,268622,S Salina St & Jefferson St,Sy 20,2025-12-01 13:21:05+00:00,2025-12-01 13:26:01+00:00,2025-12-01 13:26:01+00:00,2475,43.046871185302734,-76.15220962745556,296,2025-12-01
1759877, 8:21:55,17670,3,0.7147,21337,1,21 James - Sunnycrest,268622,S Salina St & Water St (mid-block),Sy 20,2025-12-01 13:21:55+00:00,2025-12-01 13:27:01+00:00,2025-12-01 13:27:01+00:00,2475,43.04923595081676,-76.15222121729995,306,2025-12-01
1759877, 8:22:38,423,4,0.9848,21337,1,21 James - Sunnycrest,268622,James St & N Warren St,Sy 20,2025-12-01 13:22:38+00:00,2025-12-01 13:29:00+00:00,2025-12-01 13:29:00+00:00,2475,43.05126953125,-76.15136551275486,382,2025-12-01
1759877, 8:23:19,420,5,1.2412,21337,1,21 James - Sunnycrest,268622,James St & N State St,Sy 20,2025-12-01 13:23:19+00:00,2025-12-01 13:30:01+00:00,2025-12-01 13:30:01+00:00,2475,43.05243110656738,-76.14832043647766,402,2025-12-01
1759877, 8:23:51,421,6,1.4442,21337,1,21 James - Sunnycrest,268622,James St & N Townsend St,Sy 20,2025-12-01 13:23:51+00:00,2025-12-01 13:32:01+00:00,2025-12-01 13:32:01+00:00,2475,43.053297424316405,-76.14659627278645,490,2025-12-01
1759877, 8:24:14,442,7,1.5868,21337,1,21 James - Sunnycrest,268622,James St & N McBride St,Sy 20,2025-12-01 13:24:14+00:00,2025-12-01 13:33:01+00:00,2025-12-01 13:33:01+00:00,2475,43.05405482961171,-76.14506348567222,527,2025-12-01
1759877, 8:24:40,432,8,1.7532,21337,1,21 James - Sunnycrest,268622,James St & Catherine St,Sy 20,2025-12-01 13:24:40+00:00,2025-12-01 13:34:01+00:00,2025-12-01 13:34:01+00:00,2475,43.05487211360488,-76.14339890590934,561,2025-12-01
1759877, 8:25:18,14776,9,1.9920,21337,1,21 James - Sunnycrest,268622,James St & Lodi St,Sy 20,2025-12-01 13:25:18+00:00,,2025-12-01 13:34:34.016319129+00:00,2475,,,556,2025-12-01
1759877, 8:25:50,446,10,2.1944,21337,1,21 James - Sunnycrest,268622,James St & Highland St,Sy 20,2025-12-01 13:25:50+00:00,2025-12-01 13:35:02+00:00,2025-12-01 13:35:02+00:00,2475,43.057055830955505,-76.13892781734467,552,2025-12-01
1759877, 8:26:18,5088,11,2.3722,21337,1,21 James - Sunnycrest,268622,960 James St,Sy 20,2025-12-01 13:26:18+00:00,,2025-12-01 13:35:28.483716233+00:00,2475,,,550,2025-12-01
1759877, 8:27:00,444,12,2.5905,21337,1,21 James - Sunnycrest,268622,James St & Oak St,Sy 20,2025-12-01 13:27:00+00:00,2025-12-01 13:36:01+00:00,2025-12-01 13:36:01+00:00,2475,43.05901501783684,-76.13493654621182,541,2025-12-01
1759877, 8:27:23,2120,13,2.8021,21337,1,21 James - Sunnycrest,268622,James St & WSYR,Sy 20,2025-12-01 13:27:23+00:00,,2025-12-01 13:36:43.461538461+00:00,2475,,,560,2025-12-01
1759877, 8:27:32,450,14,2.8895,21337,1,21 James - Sunnycrest,268622,James St & Dewitt St,Sy 20,2025-12-01 13:27:32+00:00,2025-12-01 13:37:01+00:00,2025-12-01 13:37:01+00:00,2475,43.06059447924296,-76.13172086079915,569,2025-12-01
1759877, 8:28:00,6187,15,3.1439,21337,1,21 James - Sunnycrest,268622,Sedgwick St & Elm St,Sy 20,2025-12-01 13:28:00+00:00,,2025-12-01 13:37:42.497373513+00:00,2475,,,582,2025-12-01
1759877, 8:28:11,2453,16,3.2512,21337,1,21 James - Sunnycrest,268622,Shuart Ave & Pattison St,Sy 20,2025-12-01 13:28:11+00:00,2025-12-01 13:38:00+00:00,2025-12-01 13:38:00+00:00,2475,43.06007262199156,-76.12865078833795,589,2025-12-01
1759877, 8:28:21,6068,17,3.3442,21337,1,21 James - Sunnycrest,268622,Pattison St & Boyden St,Sy 20,2025-12-01 13:28:21+00:00,,2025-12-01 13:38:15.310674455+00:00,2475,,,594,2025-12-01
1759877, 8:28:41,2469,18,3.5305,21337,1,21 James - Sunnycrest,268622,Pattison St & Vine St,Sy 20,2025-12-01 13:28:41+00:00,,2025-12-01 13:38:45.981412639+00:00,2475,,,604,2025-12-01
1759877, 8:28:51,2473,19,3.6278,21337,1,21 James - Sunnycrest,268622,Herbst Ave & Winton St,Sy 20,2025-12-01 13:28:51+00:00,2025-12-01 13:39:02+00:00,2025-12-01 13:39:02+00:00,2475,43.05903854370117,-76.12450459798177,611,2025-12-01
1759877, 8:29:40,6196,20,4.0754,21337,1,21 James - Sunnycrest,268622,Teall Ave & Kinne St,Sy 20,2025-12-01 13:29:40+00:00,2025-12-01 13:40:01+00:00,2025-12-01 13:40:01+00:00,2475,43.05919172179024,-76.12227299528301,621,2025-12-01
1759877, 8:29:58,6204,21,4.2467,21337,1,21 James - Sunnycrest,268622,Teall Ave & Boyden St,Sy 20,2025-12-01 13:29:58+00:00,,2025-12-01 13:40:40.545979222+00:00,2475,,,642,2025-12-01
1759877, 8:30:09,6207,22,4.3538,21337,1,21 James - Sunnycrest,268622,Teall Ave & Mariposa St,Sy 20,2025-12-01 13:30:09+00:00,,2025-12-01 13:41:05.270873412+00:00,2475,,,656,2025-12-01
1759877, 8:30:20,6209,23,4.4599,21337,1,21 James - Sunnycrest,268622,Teall Ave & Mooney Ave,Sy 20,2025-12-01 13:30:20+00:00,,2025-12-01 13:41:29.764909580+00:00,2475,,,669,2025-12-01
1759877, 8:30:34,6218,24,4.5952,21337,1,21 James - Sunnycrest,268622,Teall Ave & Melrose Ave,Sy 20,2025-12-01 13:30:34+00:00,2025-12-01 13:42:01+00:00,2025-12-01 13:42:01+00:00,2475,43.064406752586365,-76.12261855602264,687,2025-12-01
1759877, 8:30:47,10678,25,4.7137,21337,1,21 James - Sunnycrest,268622,James St & Teall Ave,Sy 20,2025-12-01 13:30:47+00:00,,2025-12-01 13:42:17.084779706+00:00,2475,,,690,2025-12-01
1759877, 8:31:10,479,26,4.9250,21337,1,21 James - Sunnycrest,268622,James St & Rugby Rd,Sy 20,2025-12-01 13:31:10+00:00,,2025-12-01 13:42:45.765910102+00:00,2475,,,695,2025-12-01
1759877, 8:31:23,481,27,5.0446,21337,1,21 James - Sunnycrest,268622,James St & Cook Ave,Sy 20,2025-12-01 13:31:23+00:00,2025-12-01 13:43:02+00:00,2025-12-01 13:43:02+00:00,2475,43.06657901886971,-76.1195088048135,699,2025-12-01
1759877, 8:31:33,487,28,5.1389,21337,1,21 James - Sunnycrest,268622,James St & Hastings Pl,Sy 20,2025-12-01 13:31:33+00:00,,2025-12-01 13:43:23.826990976+00:00,2475,,,710,2025-12-01
1759877, 8:31:43,491,29,5.2318,21337,1,21 James - Sunnycrest,268622,James St & Clifton Pl,Sy 20,2025-12-01 13:31:43+00:00,,2025-12-01 13:43:45.329933307+00:00,2475,,,722,2025-12-01
1759877, 8:32:00,1759,30,5.2995,21337,1,21 James - Sunnycrest,268622,James St & Shotwell Pk,Sy 20,2025-12-01 13:32:00+00:00,2025-12-01 13:44:01+00:00,2025-12-01 13:44:01+00:00,2475,43.068335677638196,-76.115666476163,721,2025-12-01
1759877, 8:32:46,8121,31,5.5163,21337,1,21 James - Sunnycrest,268622,Shotwell Park & 130 Shotwell Park,Sy 20,2025-12-01 13:32:46+00:00,,2025-12-01 13:44:19.561643835+00:00,2475,,,693,2025-12-01
1759877, 8:33:43,6488,32,5.7817,21337,1,21 James - Sunnycrest,268622,Shotwell Park & Melrose Ave,Sy 20,2025-12-01 13:33:43+00:00,,2025-12-01 13:44:42.284246575+00:00,2475,,,659,2025-12-01
1759877, 8:34:09,17866,33,5.9050,21337,1,21 James - Sunnycrest,268622,Shotwell Park & 222 Shotwell Park,Sy 20,2025-12-01 13:34:09+00:00,,2025-12-01 13:44:52.840753424+00:00,2475,,,643,2025-12-01
1759877, 8:34:29,8123,34,6.0003,21337,1,21 James - Sunnycrest,268622,Shotwell Park & 248 Shotwell Park,Sy 20,2025-12-01 13:34:29+00:00,2025-12-01 13:45:01+00:00,2025-12-01 13:45:01+00:00,2475,43.063139252743476,-76.1153463589943,632,2025-12-01
1759877, 8:35:20,6493,35,6.2371,21337,1,21 James - Sunnycrest,268622,Sunnycrest Rd & Hickok Ave,Sy 20,2025-12-01 13:35:20+00:00,,2025-12-01 13:45:42.603686635+00:00,2475,,,622,2025-12-01
1759877, 8:35:43,6516,36,6.3475,21337,1,21 James - Sunnycrest,268622,Sunnycrest Rd & Stafford Ave,Sy 20,2025-12-01 13:35:43+00:00,2025-12-01 13:46:02+00:00,2025-12-01 13:46:02+00:00,2475,43.061520516872406,-76.11208784580231,619,2025-12-01
1759877, 8:36:06,6523,37,6.4546,21337,1,21 James - Sunnycrest,268622,Sunnycrest Rd & Forest Hill Dr,Sy 20,2025-12-01 13:36:06+00:00,,2025-12-01 13:46:14.241185586+00:00,2475,,,608,2025-12-01
1759877, 8:36:30,6533,38,6.5671,21337,1,21 James - Sunnycrest,268622,Sunnycrest Rd & Woodbine Ave,Sy 20,2025-12-01 13:36:30+00:00,,2025-12-01 13:46:27.099573808+00:00,2475,,,597,2025-12-01
1759877, 8:36:51,6535,39,6.6653,21337,1,21 James - Sunnycrest,268622,Sunnycrest Rd & Hillsdale Ave,Sy 20,2025-12-01 13:36:51+00:00,,2025-12-01 13:46:38.323518016+00:00,2475,,,587,2025-12-01
1759877, 8:37:11,6542,40,6.7605,21337,1,21 James - Sunnycrest,268622,Sunnycrest Rd & S Collingwood Ave,Sy 20,2025-12-01 13:37:11+00:00,,2025-12-01 13:46:49.204571871+00:00,2475,,,578,2025-12-01
1759877, 8:37:33,6551,41,6.8637,21337,1,21 James - Sunnycrest,268622,Sunnycrest Rd & S Edwards Ave,Sy 20,2025-12-01 13:37:33+00:00,2025-12-01 13:47:01+00:00,2025-12-01 13:47:01+00:00,2475,43.061849049159456,-76.1057608468192,568,2025-12-01
1759877, 8:38:00,10236,42,6.9610,21337,1,21 James - Sunnycrest,268622,Sunnycrest Rd & S Midler Ave,Sy 20,2025-12-01 13:38:00+00:00,,2025-12-01 13:47:17.454340473+00:00,2475,,,557,2025-12-01
1759877, 8:40:16,2515,43,7.2185,21337,1,21 James - Sunnycrest,268622,S Midler Ave & Glencove Rd,Sy 20,2025-12-01 13:40:16+00:00,2025-12-01 13:48:01+00:00,2025-12-01 13:48:01+00:00,2475,43.06361689712062,-76.10463691480231,465,2025-12-01
1759877, 8:41:07,6567,44,7.3156,21337,1,21 James - Sunnycrest,268622,Glencove Rd & Nichols Ave,Sy 20,2025-12-01 13:41:07+00:00,,2025-12-01 13:48:19.691049085+00:00,2475,,,432,2025-12-01
1759877, 8:42:04,6575,45,7.4239,21337,1,21 James - Sunnycrest,268622,Glencove Rd & Homecroft Rd,Sy 20,2025-12-01 13:42:04+00:00,,2025-12-01 13:48:40.538017324+00:00,2475,,,396,2025-12-01
1759877, 8:43:00,6582,46,7.5302,21337,1,21 James - Sunnycrest,268622,Glencove Rd & Mosley Dr,Sy 20,2025-12-01 13:43:00+00:00,2025-12-01 13:49:01+00:00,2025-12-01 13:49:01+00:00,2475,43.06435325818184,-76.10074165539864,361,2025-12-01
1759877, 8:43:55,6588,47,7.6344,21337,1,21 James - Sunnycrest,268622,Glencove Rd & Plymouth Dr,Sy 20,2025-12-01 13:43:55+00:00,,2025-12-01 13:49:19.596073765+00:00,2475,,,324,2025-12-01
1759877, 8:45:58,8105,48,7.8664,21337,1,21 James - Sunnycrest,268622,N Glencove Rd & Culver Dr,Sy 20,2025-12-01 13:45:58+00:00,2025-12-01 13:50:01+00:00,2025-12-01 13:50:01+00:00,2475,43.064918742460364,-76.09691249623017,243,2025-12-01
1759877, 8:48:12,8106,49,8.1190,21337,1,21 James - Sunnycrest,268622,Glencove Rd & Ridgewood Dr,Sy 20,2025-12-01 13:48:12+00:00,,2025-12-01 13:50:29.200219619+00:00,2475,,,137,2025-12-01
1759877, 8:49:03,8107,50,8.2155,21337,1,21 James - Sunnycrest,268622,Glencove Rd & Clover Ridge Dr,Sy 20,2025-12-01 13:49:03+00:00,,2025-12-01 13:50:39.973462664+00:00,2475,,,96,2025-12-01
1759877, 8:49:55,8108,51,8.3147,21337,1,21 James - Sunnycrest,268622,Glencove Rd & Burns Ave,Sy 20,2025-12-01 13:49:55+00:00,,2025-12-01 13:50:51.048133235+00:00,2475,,,56,2025-12-01
1759877, 8:50:47,8109,52,8.4128,21337,1,21 James - Sunnycrest,268622,Glencove Rd & Boston St,Sy 20,2025-12-01 13:50:47+00:00,2025-12-01 13:51:02+00:00,2025-12-01 13:51:02+00:00,2475,43.06479868395575,-76.09116205675849,15,2025-12-01
1759877, 8:52:00,3645,53,8.5430,21337,1,21 James - Sunnycrest,268622,Conklin St & Glencove Rd,Sy 20,2025-12-01 13:52:00+00:00,,,,,,,2025-12-01
1759878,13:20:00,17651,1,,21337,1,123 James - East Syracuse - Walmart,268621,B12,Sy 20,2025-12-01 18:20:00+00:00,2025-12-01 18:24:01+00:00,2025-12-01 18:24:01+00:00,1903,43.043795365553635,-76.15176186194786,241,2025-12-01
1759878,13:21:05,102,2,0.4057,21337,1,123 James - East Syracuse - Walmart,268621,S Salina St & Jefferson St,Sy 20,2025-12-01 18:21:05+00:00,2025-12-01 18:25:01+00:00,2025-12-01 18:25:01+00:00,1903,43.046871185302734,-76.15216827392578,236,2025-12-01
1759878,13:21:55,17670,3,0.7147,21337,1,123 James - East Syracuse - Walmart,268621,S Salina St & Water St (mid-block),Sy 20,2025-12-01 18:21:55+00:00,2025-12-01 18:27:02+00:00,2025-12-01 18:27:02+00:00,1903,43.050201416015625,-76.15220642089844,307,2025-12-01
1759878,13:22:38,423,4,0.9848,21337,1,123 James - East Syracuse - Walmart,268621,James St & N Warren St,Sy 20,2025-12-01 18:22:38+00:00,,2025-12-01 18:27:32.267616334+00:00,1903,,,294,2025-12-01
1759878,13:23:19,420,5,1.2412,21337,1,123 James - East Syracuse - Walmart,268621,James St & N State St,Sy 20,2025-12-01 18:23:19+00:00,2025-12-01 18:28:01+00:00,2025-12-01 18:28:01+00:00,1903,43.05229949951172,-76.14862823486328,282,2025-12-01
1759878,13:23:51,421,6,1.4442,21337,1,123 James - East Syracuse - Walmart,268621,James St & N Townsend St,Sy 20,2025-12-01 18:23:51+00:00,,2025-12-01 18:29:12.073495370+00:00,1903,,,321,2025-12-01
1759878,13:24:14,442,7,1.5868,21337,1,123 James - East Syracuse - Walmart,268621,James St & N McBride St,Sy 20,2025-12-01 18:24:14+00:00,2025-12-01 18:30:02+00:00,2025-12-01 18:30:02+00:00,1903,43.05431365966797,-76.14452934265137,348,2025-12-01
1759878,13:24:40,432,8,1.7532,21337,1,123 James - East Syracuse - Walmart,268621,James St & Catherine St,Sy 20,2025-12-01 18:24:40+00:00,,2025-12-01 18:30:26.229022704+00:00,1903,,,346,2025-12-01
1759878,13:25:18,14776,9,1.9920,21337,1,123 James - East Syracuse - Walmart,268621,James St & Lodi St,Sy 20,2025-12-01 18:25:18+00:00,2025-12-01 18:31:01+00:00,2025-12-01 18:31:01+00:00,1903,43.056068420410156,-76.14096069335938,343,2025-12-01
1759878,13:25:50,446,10,2.1944,21337,1,123 James - East Syracuse - Walmart,268621,James St & Highland St,Sy 20,2025-12-01 18:25:50+00:00,,2025-12-01 18:31:32.941083640+00:00,1903,,,342,2025-12-01
1759878,13:26:18,5088,11,2.3722,21337,1,123 James - East Syracuse - Walmart,268621,960 James St,Sy 20,2025-12-01 18:26:18+00:00,2025-12-01 18:32:01+00:00,2025-12-01 18:32:01+00:00,1903,43.05797576904297,-76.1370620727539,343,2025-12-01
1759878,13:27:00,444,12,2.5905,21337,1,123 James - East Syracuse - Walmart,268621,James St & Oak St,Sy 20,2025-12-01 18:27:00+00:00,2025-12-01 18:33:01+00:00,2025-12-01 18:33:01+00:00,1903,43.058998107910156,-76.13497161865234,361,2025-12-01
1759878,13:27:36,2120,13,2.8021,21337,1,123 James - East Syracuse - Walmart,268621,James St & WSYR,Sy 20,2025-12-01 18:27:36+00:00,,2025-12-01 18:33:33.076806467+00:00,1903,,,357,2025-12-01
1759878,13:27:50,450,14,2.8895,21337,1,123 James - East Syracuse - Walmart,268621,James St & Dewitt St,Sy 20,2025-12-01 18:27:50+00:00,,2025-12-01 18:33:46.325922182+00:00,1903,,,356,2025-12-01
1759878,13:28:06,453,15,2.9863,21337,1,123 James - East Syracuse - Walmart,268621,James St & Sedgwick Dr,Sy 20,2025-12-01 18:28:06+00:00,2025-12-01 18:34:01+00:00,2025-12-01 18:34:01+00:00,1903,43.061466217041016,-76.12994384765625,355,2025-12-01
1759878,13:28:44,459,16,3.2103,21337,1,123 James - East Syracuse - Walmart,268621,James St & Vine St,Sy 20,2025-12-01 18:28:44+00:00,,2025-12-01 18:34:21.641990477+00:00,1903,,,337,2025-12-01
1759878,13:29:16,464,17,3.3991,21337,1,123 James - East Syracuse - Walmart,268621,James St & Wilson St,Sy 20,2025-12-01 18:29:16+00:00,,2025-12-01 18:34:39.040239594+00:00,1903,,,323,2025-12-01
1759878,13:29:56,469,18,3.6374,21337,1,123 James - East Syracuse - Walmart,268621,James St & Hampton Rd,Sy 20,2025-12-01 18:29:56+00:00,2025-12-01 18:35:01+00:00,2025-12-01 18:35:01+00:00,1903,43.0643310546875,-76.12409210205078,305,2025-12-01
1759878,13:30:18,10678,19,3.7675,21337,1,123 James - East Syracuse - Walmart,268621,James St & Teall Ave,Sy 20,2025-12-01 18:30:18+00:00,,2025-12-01 18:35:51.798264642+00:00,1903,,,333,2025-12-01
1759878,13:30:53,479,20,3.9788,21337,1,123 James - East Syracuse - Walmart,268621,James St & Rugby Rd,Sy 20,2025-12-01 18:30:53+00:00,,2025-12-01 18:37:14.301518438+00:00,1903,,,381,2025-12-01
1759878,13:31:13,481,21,4.0984,21337,1,123 James - East Syracuse - Walmart,268621,James St & Cook Ave,Sy 20,2025-12-01 18:31:13+00:00,2025-12-01 18:38:01+00:00,2025-12-01 18:38:01+00:00,1903,43.06705445509691,-76.11854248046875,408,2025-12-01
1759878,13:31:29,487,22,4.1927,21337,1,123 James - East Syracuse - Walmart,268621,James St & Hastings Pl,Sy 20,2025-12-01 18:31:29+00:00,,2025-12-01 18:38:14.136104133+00:00,1903,,,405,2025-12-01
1759878,13:31:44,491,23,4.2856,21337,1,123 James - East Syracuse - Walmart,268621,James St & Clifton Pl,Sy 20,2025-12-01 18:31:44+00:00,,2025-12-01 18:38:27.077186572+00:00,1903,,,403,2025-12-01
1759878,13:32:00,1759,24,4.3533,21337,1,123 James - East Syracuse - Walmart,268621,James St & Shotwell Pk,Sy 20,2025-12-01 18:32:00+00:00,,2025-12-01 18:38:36.507878511+00:00,1903,,,396,2025-12-01
1759878,13:32:31,506,25,4.5363,21337,1,123 James - East Syracuse - Walmart,268621,James St & Hickok Ave,Sy 20,2025-12-01 18:32:31+00:00,2025-12-01 18:39:02+00:00,2025-12-01 18:39:02+00:00,1903,43.06840133666992,-76.1142578125,391,2025-12-01
1759878,13:32:50,507,26,4.6515,21337,1,123 James - East Syracuse - Walmart,268621,James St & Stafford Ave,Sy 20,2025-12-01 18:32:50+00:00,,2025-12-01 18:39:27.662298764+00:00,1903,,,397,2025-12-01
1759878,13:33:09,515,27,4.7648,21337,1,123 James - East Syracuse - Walmart,268621,James St & Forest Hill Dr,Sy 20,2025-12-01 18:33:09+00:00,,2025-12-01 18:39:52.901347809+00:00,1903,,,403,2025-12-01
1759878,13:33:26,523,28,4.8640,21337,1,123 James - East Syracuse - Walmart,268621,James St & Woodbine Ave,Sy 20,2025-12-01 18:33:26+00:00,,2025-12-01 18:40:14.999438412+00:00,1903,,,408,2025-12-01
1759878,13:33:43,522,29,4.9633,21337,1,123 James - East Syracuse - Walmart,268621,James St & Hillsdale Ave,Sy 20,2025-12-01 18:33:43+00:00,,2025-12-01 18:40:37.119805316+00:00,1903,,,414,2025-12-01
1759878,13:34:01,532,30,5.0705,21337,1,123 James - East Syracuse - Walmart,268621,James St & S Collingwood Ave,Sy 20,2025-12-01 18:34:01+00:00,2025-12-01 18:41:01+00:00,2025-12-01 18:41:01+00:00,1903,43.06882095336914,-76.10711669921875,420,2025-12-01
1759878,13:34:17,533,31,5.1667,21337,1,123 James - East Syracuse - Walmart,268621,James St & S Edwards Ave,Sy 20,2025-12-01 18:34:17+00:00,2025-12-01 18:42:02+00:00,2025-12-01 18:42:02+00:00,1903,43.06879653930664,-76.10653686523438,465,2025-12-01
1759878,13:34:31,541,32,5.2510,21337,1,123 James - East Syracuse - Walmart,268621,James St & S Midler Ave,Sy 20,2025-12-01 18:34:31+00:00,,2025-12-01 18:42:35.302310010+00:00,1903,,,484,2025-12-01
1759878,13:34:50,547,33,5.3662,21337,1,123 James - East Syracuse - Walmart,268621,James St & Nichols Ave,Sy 20,2025-12-01 18:34:50+00:00,,2025-12-01 18:43:20.811516571+00:00,1903,,,510,2025-12-01
1759878,13:35:07,552,34,5.4654,21337,1,123 James - East Syracuse - Walmart,268621,James St & Homecroft Rd,Sy 20,2025-12-01 18:35:07+00:00,2025-12-01 18:44:00+00:00,2025-12-01 18:44:00+00:00,1903,43.06901168823242,-76.10277557373047,533,2025-12-01
1759878,13:35:27,567,35,5.5837,21337,1,123 James - East Syracuse - Walmart,268621,James St & Mosley Dr,Sy 20,2025-12-01 18:35:27+00:00,,2025-12-01 18:44:10.298701298+00:00,1903,,,523,2025-12-01
1759878,13:35:43,558,36,5.6769,21337,1,123 James - East Syracuse - Walmart,268621,James St & Plymouth Dr,Sy 20,2025-12-01 18:35:43+00:00,,2025-12-01 18:44:18.412301983+00:00,1903,,,515,2025-12-01
1759878,13:35:58,562,37,5.7671,21337,1,123 James - East Syracuse - Walmart,268621,James St & W Milford Dr,Sy 20,2025-12-01 18:35:58+00:00,,2025-12-01 18:44:26.264735264+00:00,1903,,,508,2025-12-01
1759878,13:36:36,578,38,5.9936,21337,1,123 James - East Syracuse - Walmart,268621,James St & E Milford Dr,Sy 20,2025-12-01 18:36:36+00:00,,2025-12-01 18:44:45.982874268+00:00,1903,,,489,2025-12-01
1759878,13:37:05,575,39,6.1661,21337,1,123 James - East Syracuse - Walmart,268621,James St & Ridgewood Dr,Sy 20,2025-12-01 18:37:05+00:00,2025-12-01 18:45:01+00:00,2025-12-01 18:45:01+00:00,1903,43.069400787353516,-76.0946273803711,476,2025-12-01
1759878,13:38:00,7471,40,6.4456,21337,1,123 James - East Syracuse - Walmart,268621,James St & Thompson Rd,Sy 20,2025-12-01 18:38:00+00:00,2025-12-01 18:46:02+00:00,2025-12-01 18:46:02+00:00,1903,43.06948947906494,-76.09098815917969,482,2025-12-01
1759878,13:39:06,2547,41,6.6732,21337,1,123 James - East Syracuse - Walmart,268621,James St & Wegman's Plaza,Sy 20,2025-12-01 18:39:06+00:00,,2025-12-01 18:46:38.912566820+00:00,1903,,,452,2025-12-01
1759878,13:40:25,2432,42,6.9448,21337,1,123 James - East Syracuse - Walmart,268621,James St & Worth St,Sy 20,2025-12-01 18:40:25+00:00,,2025-12-01 18:47:22.961130742+00:00,1903,,,417,2025-12-01
1759878,13:40:55,2440,43,7.0480,21337,1,123 James - East Syracuse - Walmart,268621,James St & Schoeder St,Sy 20,2025-12-01 18:40:55+00:00,,2025-12-01 18:47:39.698287578+00:00,1903,,,404,2025-12-01
1759878,13:41:20,2444,44,7.1352,21337,1,123 James - East Syracuse - Walmart,268621,James St & Allen St,Sy 20,2025-12-01 18:41:20+00:00,,2025-12-01 18:47:53.840536377+00:00,1903,,,393,2025-12-01
1759878,13:41:46,2448,45,7.2264,21337,1,123 James - East Syracuse - Walmart,268621,James St & West Ave,Sy 20,2025-12-01 18:41:46+00:00,,2025-12-01 18:48:08.631512186+00:00,1903,,,382,2025-12-01
1759878,13:42:13,2452,46,7.3206,21337,1,123 James - East Syracuse - Walmart,268621,James St & Highland Ave,Sy 20,2025-12-01 18:42:13+00:00,,2025-12-01 18:48:23.909033251+00:00,1903,,,370,2025-12-01
1759878,13:42:45,2461,47,7.4328,21337,1,123 James - East Syracuse - Walmart,268621,James St & East Ave,Sy 20,2025-12-01 18:42:45+00:00,,2025-12-01 18:48:42.105825858+00:00,1903,,,357,2025-12-01
1759878,13:43:18,2464,48,7.5493,21337,1,123 James - East Syracuse - Walmart,268621,James St & Kinne St,Sy 20,2025-12-01 18:43:18+00:00,2025-12-01 18:49:01+00:00,2025-12-01 18:49:01+00:00,1903,43.0701789855957,-76.07781219482422,343,2025-12-01
1759878,13:44:18,8146,49,7.7586,21337,1,123 James - East Syracuse - Walmart,268621,Kinne St & Midland St,Sy 20,2025-12-01 18:44:18+00:00,,2025-12-01 18:49:51.569688498+00:00,1903,,,333,2025-12-01
1759878,13:45:14,8147,50,7.9540,21337,1,123 James - East Syracuse - Walmart,268621,Kinne St & W Yates St,Sy 20,2025-12-01 18:45:14+00:00,,2025-12-01 18:50:38.780950479+00:00,1903,,,324,2025-12-01
1759878,13:45:42,8148,51,8.0501,21337,1,123 James - East Syracuse - Walmart,268621,Kinne St & W Ellis St,Sy 20,2025-12-01 18:45:42+00:00,2025-12-01 18:51:02+00:00,2025-12-01 18:51:02+00:00,1903,43.06619644165039,-76.07669067382812,320,2025-12-01
1759878,13:46:15,7237,52,8.1659,21337,1,123 James - East Syracuse - Walmart,268621,Kinne St & W Manlius St,Sy 20,2025-12-01 18:46:15+00:00,2025-12-01 18:52:01+00:00,2025-12-01 18:52:01+00:00,1903,43.064918518066406,-76.07666778564453,346,2025-12-01
1759878,13:46:49,7232,53,8.2861,21337,1,123 James - East Syracuse - Walmart,268621,W Manlius St & Charles St,Sy 20,2025-12-01 18:46:49+00:00,,2025-12-01 18:52:15.452905811+00:00,1903,,,326,2025-12-01
1759878,13:47:28,7267,54,8.4213,21337,1,123 James - East Syracuse - Walmart,268621,W Manlius St & Division St,Sy 20,2025-12-01 18:47:28+00:00,,2025-12-01 18:52:31.709418837+00:00,1903,,,303,2025-12-01
1759878,13:47:43,7274,55,8.4735,21337,1,123 James - East Syracuse - Walmart,268621,W Manlius St & Silver St,Sy 20,2025-12-01 18:47:43+00:00,,2025-12-01 18:52:37.985971943+00:00,1903,,,294,2025-12-01
1759878,13:48:13,7282,56,8.5777,21337,1,123 James - East Syracuse - Walmart,268621,W Manlius St & Ball St,Sy 20,2025-12-01 18:48:13+00:00,,2025-12-01 18:52:50.515030060+00:00,1903,,,277,2025-12-01
1759878,13:48:38,2523,57,8.6649,21337,1,123 James - East Syracuse - Walmart,268621,W Manlius St & N Center St,Sy 20,2025-12-01 18:48:38+00:00,2025-12-01 18:53:01+00:00,2025-12-01 18:53:01+00:00,1903,43.063968658447266,-76.07037353515625,263,2025-12-01
1759878,13:50:20,4281,58,9.0184,21337,1,123 James - East Syracuse - Walmart,268621,Bridge St & E 2nd St,Sy 20,2025-12-01 18:50:20+00:00,,2025-12-01 18:53:33.610701107+00:00,1903,,,193,2025-12-01
1759878,13:51:46,8169,59,9.3153,21337,1,123 James - East Syracuse - Walmart,268621,Chevy Dr & Bridge St,Sy 20,2025-12-01 18:51:46+00:00,2025-12-01 18:54:01+00:00,2025-12-01 18:54:01+00:00,1903,43.060752868652344,-76.06560516357422,135,2025-12-01
1759878,13:55:00,7888,60,9.9479,21337,1,123 James - East Syracuse - Walmart,268621,Walmart - East Syracuse,Sy 20,2025-12-01 18:55:00+00:00,2025-12-01 18:55:01+00:00,2025-12-01 18:55:01+00:00,1903,43.062538146972656,-76.0619888305664,1,2025-12-01
1759879, 7:05:00,17651,1,,21337,1,220 James St - Molloy Rd - Airpark,268620,B12,Sy 20,2025-12-01 12:05:00+00:00,2025-12-01 12:08:02+00:00,2025-12-01 12:08:02+00:00,1802,43.044349670410156,-76.15222930908203,182,2025-12-01
1759879, 7:06:05,102,2,0.4057,21337,1,220 James St - Molloy Rd - Airpark,268620,S Salina St & Jefferson St,Sy 20,2025-12-01 12:06:05+00:00,2025-12-01 12:09:01+00:00,2025-12-01 12:09:01+00:00,1802,43.046953316890836,-76.15224549264619,176,2025-12-01
1759879, 7:06:55,17670,3,0.7147,21337,1,220 James St - Molloy Rd - Airpark,268620,S Salina St & Water St (mid-block),Sy 20,2025-12-01 12:06:55+00:00,2025-12-01 12:10:01+00:00,2025-12-01 12:10:01+00:00,1802,43.04994987039005,-76.15220642089844,186,2025-12-01
1759879, 7:07:38,423,4,0.9848,21337,1,220 James St - Molloy Rd - Airpark,268620,James St & N Warren St,Sy 20,2025-12-01 12:07:38+00:00,2025-12-01 12:11:01+00:00,2025-12-01 12:11:01+00:00,1802,43.05127636591593,-76.1519546508789,203,2025-12-01
1759879, 7:08:19,420,5,1.2412,21337,1,220 James St - Molloy Rd - Airpark,268620,James St & N State St,Sy 20,2025-12-01 12:08:19+00:00,2025-12-01 12:12:02+00:00,2025-12-01 12:12:02+00:00,1802,43.05261161110618,-76.14797418767756,223,2025-12-01
1759879, 7:08:51,421,6,1.4442,21337,1,220 James St - Molloy Rd - Airpark,268620,James St & N Townsend St,Sy 20,2025-12-01 12:08:51+00:00,,2025-12-01 12:12:25.392578124+00:00,1802,,,214,2025-12-01
1759879, 7:09:14,442,7,1.5868,21337,1,220 James St - Molloy Rd - Airpark,268620,James St & N McBride St,Sy 20,2025-12-01 12:09:14+00:00,,2025-12-01 12:12:41.824999999+00:00,1802,,,207,2025-12-01
1759879, 7:09:40,432,8,1.7532,21337,1,220 James St - Molloy Rd - Airpark,268620,James St & Catherine St,Sy 20,2025-12-01 12:09:40+00:00,2025-12-01 12:13:01+00:00,2025-12-01 12:13:01+00:00,1802,43.05517167311449,-76.14278734647311,201,2025-12-01
1759879, 7:10:18,14776,9,1.9920,21337,1,220 James St - Molloy Rd - Airpark,268620,James St & Lodi St,Sy 20,2025-12-01 12:10:18+00:00,2025-12-01 12:14:01+00:00,2025-12-01 12:14:01+00:00,1802,43.05603211501549,-76.14103646113955,223,2025-12-01
1759879, 7:10:50,446,10,2.1944,21337,1,220 James St - Molloy Rd - Airpark,268620,James St & Highland St,Sy 20,2025-12-01 12:10:50+00:00,2025-12-01 12:15:01+00:00,2025-12-01 12:15:01+00:00,1802,43.057052748543875,-76.13893100193569,251,2025-12-01
1759879, 7:11:18,5088,11,2.3722,21337,1,220 James St - Molloy Rd - Airpark,268620,960 James St,Sy 20,2025-12-01 12:11:18+00:00,,2025-12-01 12:15:16.347432024+00:00,1802,,,238,2025-12-01
1759879, 7:12:00,444,12,2.5905,21337,1,220 James St - Molloy Rd - Airpark,268620,James St & Oak St,Sy 20,2025-12-01 12:12:00+00:00,,2025-12-01 12:15:35.190763918+00:00,1802,,,215,2025-12-01
1759879, 7:12:43,2120,13,2.8021,21337,1,220 James St - Molloy Rd - Airpark,268620,James St & WSYR,Sy 20,2025-12-01 12:12:43+00:00,,2025-12-01 12:15:53.455761760+00:00,1802,,,190,2025-12-01
1759879, 7:13:00,450,14,2.8895,21337,1,220 James St - Molloy Rd - Airpark,268620,James St & Dewitt St,Sy 20,2025-12-01 12:13:00+00:00,2025-12-01 12:16:01+00:00,2025-12-01 12:16:01+00:00,1802,43.06061681111654,-76.13167317708333,181,2025-12-01
1759879, 7:13:19,453,15,2.9863,21337,1,220 James St - Molloy Rd - Airpark,268620,James St & Sedgwick Dr,Sy 20,2025-12-01 12:13:19+00:00,,2025-12-01 12:16:19.104738154+00:00,1802,,,180,2025-12-01
1759879, 7:14:04,459,16,3.2103,21337,1,220 James St - Molloy Rd - Airpark,268620,James St & Vine St,Sy 20,2025-12-01 12:14:04+00:00,2025-12-01 12:17:01+00:00,2025-12-01 12:17:01+00:00,1802,43.062164512840475,-76.12850910908467,177,2025-12-01
1759879, 7:14:42,464,17,3.3991,21337,1,220 James St - Molloy Rd - Airpark,268620,James St & Wilson St,Sy 20,2025-12-01 12:14:42+00:00,,2025-12-01 12:17:27.523062514+00:00,1802,,,165,2025-12-01
1759879, 7:15:30,469,18,3.6374,21337,1,220 James St - Molloy Rd - Airpark,268620,James St & Hampton Rd,Sy 20,2025-12-01 12:15:30+00:00,2025-12-01 12:18:01+00:00,2025-12-01 12:18:01+00:00,1802,43.064592325462485,-76.12355775653191,151,2025-12-01
1759879, 7:15:56,10678,19,3.7675,21337,1,220 James St - Molloy Rd - Airpark,268620,James St & Teall Ave,Sy 20,2025-12-01 12:15:56+00:00,2025-12-01 12:19:01+00:00,2025-12-01 12:19:01+00:00,1802,43.06525786026664,-76.12220797331437,185,2025-12-01
1759879, 7:16:39,479,20,3.9788,21337,1,220 James St - Molloy Rd - Airpark,268620,James St & Rugby Rd,Sy 20,2025-12-01 12:16:39+00:00,,2025-12-01 12:19:17.765478668+00:00,1802,,,158,2025-12-01
1759879, 7:17:03,481,21,4.0984,21337,1,220 James St - Molloy Rd - Airpark,268620,James St & Cook Ave,Sy 20,2025-12-01 12:17:03+00:00,,2025-12-01 12:19:27.255072840+00:00,1802,,,144,2025-12-01
1759879, 7:17:22,487,22,4.1927,21337,1,220 James St - Molloy Rd - Airpark,268620,James St & Hastings Pl,Sy 20,2025-12-01 12:17:22+00:00,,2025-12-01 12:19:34.737252861+00:00,1802,,,132,2025-12-01
1759879, 7:17:40,491,23,4.2856,21337,1,220 James St - Molloy Rd - Airpark,268620,James St & Clifton Pl,Sy 20,2025-12-01 12:17:40+00:00,,2025-12-01 12:19:42.108350676+00:00,1802,,,122,2025-12-01
1759879, 7:18:00,1759,24,4.3533,21337,1,220 James St - Molloy Rd - Airpark,268620,James St & Shotwell Pk,Sy 20,2025-12-01 12:18:00+00:00,,2025-12-01 12:19:47.479968782+00:00,1802,,,107,2025-12-01
1759879, 7:18:30,506,25,4.5363,21337,1,220 James St - Molloy Rd - Airpark,268620,James St & Hickok Ave,Sy 20,2025-12-01 12:18:30+00:00,2025-12-01 12:20:02+00:00,2025-12-01 12:20:02+00:00,1802,43.06841387067522,-76.11478805541992,92,2025-12-01
1759879, 7:18:49,507,26,4.6515,21337,1,220 James St - Molloy Rd - Airpark,268620,James St & Stafford Ave,Sy 20,2025-12-01 12:18:49+00:00,,2025-12-01 12:20:17.917564402+00:00,1802,,,88,2025-12-01
1759879, 7:19:08,515,27,4.7648,21337,1,220 James St - Molloy Rd - Airpark,268620,James St & Forest Hill Dr,Sy 20,2025-12-01 12:19:08+00:00,,2025-12-01 12:20:33.572599531+00:00,1802,,,85,2025-12-01
1759879, 7:19:24,523,28,4.8640,21337,1,220 James St - Molloy Rd - Airpark,268620,James St & Woodbine Ave,Sy 20,2025-12-01 12:19:24+00:00,,2025-12-01 12:20:47.279391100+00:00,1802,,,83,2025-12-01
1759879, 7:19:40,522,29,4.9633,21337,1,220 James St - Molloy Rd - Airpark,268620,James St & Hillsdale Ave,Sy 20,2025-12-01 12:19:40+00:00,2025-12-01 12:21:01+00:00,2025-12-01 12:21:01+00:00,1802,43.06869570414225,-76.10888163248698,81,2025-12-01
1759879, 7:19:58,532,30,5.0705,21337,1,220 James St - Molloy Rd - Airpark,268620,James St & S Collingwood Ave,Sy 20,2025-12-01 12:19:58+00:00,,2025-12-01 12:21:21.425531914+00:00,1802,,,83,2025-12-01
1759879, 7:20:14,533,31,5.1667,21337,1,220 James St - Molloy Rd - Airpark,268620,James St & S Edwards Ave,Sy 20,2025-12-01 12:20:14+00:00,,2025-12-01 12:21:39.755160368+00:00,1802,,,85,2025-12-01
1759879, 7:20:32,7251,32,5.2782,21337,1,220 James St - Molloy Rd - Airpark,268620,N Midler Ave & James St,Sy 20,2025-12-01 12:20:32+00:00,2025-12-01 12:22:01+00:00,2025-12-01 12:22:01+00:00,1802,43.06917724609375,-76.10531158447266,89,2025-12-01
1759879, 7:21:04,8126,33,5.4706,21337,1,220 James St - Molloy Rd - Airpark,268620,N Midler Ave & Tyson Pl,Sy 20,2025-12-01 12:21:04+00:00,,2025-12-01 12:22:18.335936326+00:00,1802,,,74,2025-12-01
1759879, 7:21:28,8127,34,5.6147,21337,1,220 James St - Molloy Rd - Airpark,268620,N Midler Ave & 256 N Midler Ave,Sy 20,2025-12-01 12:21:28+00:00,,2025-12-01 12:22:31.319867848+00:00,1802,,,63,2025-12-01
1759879, 7:21:57,8128,35,5.7879,21337,1,220 James St - Molloy Rd - Airpark,268620,N Midler Ave & Coughlin Ave,Sy 20,2025-12-01 12:21:57+00:00,,2025-12-01 12:22:46.925814686+00:00,1802,,,49,2025-12-01
1759879, 7:22:23,8129,36,5.9441,21337,1,220 James St - Molloy Rd - Airpark,268620,N Midler Ave & 343 N Midler Ave,Sy 20,2025-12-01 12:22:23+00:00,2025-12-01 12:23:01+00:00,2025-12-01 12:23:01+00:00,1802,43.07454059307392,-76.10567697378305,38,2025-12-01
1759879, 7:23:19,6153,37,6.2820,21337,1,220 James St - Molloy Rd - Airpark,268620,New Court Ave & Ashdale Ave,Sy 20,2025-12-01 12:23:19+00:00,,2025-12-01 12:23:42.953440248+00:00,1802,,,23,2025-12-01
1759879, 7:23:55,8130,38,6.4993,21337,1,220 James St - Molloy Rd - Airpark,268620,New Court Ave & Thor Metal Product,Sy 20,2025-12-01 12:23:55+00:00,,2025-12-01 12:24:09.933264355+00:00,1802,,,14,2025-12-01
1759879, 7:24:14,8131,39,6.6159,21337,1,220 James St - Molloy Rd - Airpark,268620,New Court Ave & TRW,Sy 20,2025-12-01 12:24:14+00:00,,2025-12-01 12:24:24.410243145+00:00,1802,,,10,2025-12-01
1759879, 7:25:00,3662,40,6.8518,21337,1,220 James St - Molloy Rd - Airpark,268620,New Court Ave & Marisa Heights,Sy 20,2025-12-01 12:25:00+00:00,,2025-12-01 12:24:53.699430936+00:00,1802,,,-6,2025-12-01
1759879, 7:25:05,6142,41,6.9106,21337,1,220 James St - Molloy Rd - Airpark,268620,New Court Ave & Hazelhurst Ave,Sy 20,2025-12-01 12:25:05+00:00,2025-12-01 12:25:01+00:00,2025-12-01 12:25:01+00:00,1802,43.080706811720326,-76.11355418543661,-4,2025-12-01
1759879, 7:25:12,2581,42,6.9940,21337,1,220 James St - Molloy Rd - Airpark,268620,New Court Ave & North Ave,Sy 20,2025-12-01 12:25:12+00:00,,2025-12-01 12:25:22.634241245+00:00,1802,,,10,2025-12-01
1759879, 7:25:17,6134,43,7.0528,21337,1,220 James St - Molloy Rd - Airpark,268620,New Court Ave & Baird Ave,Sy 20,2025-12-01 12:25:17+00:00,,2025-12-01 12:25:37.887159533+00:00,1802,,,20,2025-12-01
1759879, 7:25:21,6123,44,7.1086,21337,1,220 James St - Molloy Rd - Airpark,268620,New Court Ave & Townline Rd,Sy 20,2025-12-01 12:25:21+00:00,,2025-12-01 12:25:52.361867704+00:00,1802,,,31,2025-12-01
1759879, 7:25:23,6118,45,7.1419,21337,1,220 James St - Molloy Rd - Airpark,268620,New Court Ave & Noble Ave,Sy 20,2025-12-01 12:25:23+00:00,2025-12-01 12:26:01+00:00,2025-12-01 12:26:01+00:00,1802,43.08169937133789,-76.1165771484375,38,2025-12-01
1759879, 7:28:45,8175,46,9.5046,21337,1,220 James St - Molloy Rd - Airpark,268620,E Molloy Rd & Oliva Dr,Sy 20,2025-12-01 12:28:45+00:00,2025-12-01 12:28:01+00:00,2025-12-01 12:28:01+00:00,1802,43.09444046020508,-76.11686706542969,-44,2025-12-01
1759879, 7:29:06,7429,47,9.7599,21337,1,220 James St - Molloy Rd - Airpark,268620,E Molloy Rd & Pickard Dr,Sy 20,2025-12-01 12:29:06+00:00,,2025-12-01 12:28:37.659088189+00:00,1802,,,-28,2025-12-01
1759879, 7:29:39,7432,48,10.1518,21337,1,220 James St - Molloy Rd - Airpark,268620,E Molloy Rd & Moore Rd,Sy 20,2025-12-01 12:29:39+00:00,,2025-12-01 12:29:33.932870647+00:00,1802,,,-5,2025-12-01
1759879, 7:29:55,8200,49,10.3403,21337,1,220 James St - Molloy Rd - Airpark,268620,6012 E Molloy Rd,Sy 20,2025-12-01 12:29:55+00:00,2025-12-01 12:30:01+00:00,2025-12-01 12:30:01+00:00,1802,43.09886169433594,-76.1055679321289,6,2025-12-01
1759879, 7:30:15,8202,50,10.5768,21337,1,220 James St - Molloy Rd - Airpark,268620,E Molloy Rd & Air Natl Guard Base,Sy 20,2025-12-01 12:30:15+00:00,,2025-12-01 12:30:18.737500+00:00,1802,,,3,2025-12-01
1759879, 7:31:03,7437,51,11.1403,21337,1,220 James St - Molloy Rd - Airpark,268620,E Molloy Rd & Thompson Rd,Sy 20,2025-12-01 12:31:03+00:00,2025-12-01 12:31:01+00:00,2025-12-01 12:31:01+00:00,1802,43.099342346191406,-76.09559631347656,-2,2025-12-01
1759879, 7:31:24,8201,52,11.3879,21337,1,220 James St - Molloy Rd - Airpark,268620,E Molloy Rd & Newbrook Av,Sy 20,2025-12-01 12:31:24+00:00,,2025-12-01 12:31:24.703391205+00:00,1802,,,0,2025-12-01
1759879, 7:31:35,13394,53,11.5262,21337,1,220 James St - Molloy Rd - Airpark,268620,E Molloy Rd & Ellicott Dr,Sy 20,2025-12-01 12:31:35+00:00,,2025-12-01 12:31:37.943209475+00:00,1802,,,2,2025-12-01
1759879, 7:32:00,9447,54,11.7566,21337,1,220 James St - Molloy Rd - Airpark,268620,E Molloy Rd & Joy Rd,Sy 20,2025-12-01 12:32:00+00:00,2025-12-01 12:32:00+00:00,2025-12-01 12:32:00+00:00,1802,43.09965515136719,-76.08937072753906,0,2025-12-01
1759879, 7:35:15,18241,55,13.1825,21337,1,220 James St - Molloy Rd - Airpark,268620,Schuyler Rd & Collamer Rd,Sy 20,2025-12-01 12:35:15+00:00,2025-12-01 12:34:01+00:00,2025-12-01 12:34:01+00:00,1802,43.10073357659417,-76.07694326864707,-74,2025-12-01
1759879, 7:36:15,18243,56,13.6212,21337,1,220 James St - Molloy Rd - Airpark,268620,Schuyler Rd & Canada Dr,Sy 20,2025-12-01 12:36:15+00:00,,2025-12-01 12:34:57.454691689+00:00,1802,,,-77,2025-12-01
1759879, 7:37:22,18244,57,14.1150,21337,1,220 James St - Molloy Rd - Airpark,268620,Schuyler Rd & Badgley Rd,Sy 20,2025-12-01 12:37:22+00:00,2025-12-01 12:36:01+00:00,2025-12-01 12:36:01+00:00,1802,43.11035150721453,-76.0730297807334,-81,2025-12-01
1759879, 7:41:50,18245,58,16.0723,21337,1,220 James St - Molloy Rd - Airpark,268620,Schuyler Rd & E Taft Rd,Sy 20,2025-12-01 12:41:50+00:00,2025-12-01 12:38:01+00:00,2025-12-01 12:38:01+00:00,1802,43.127655338596654,-76.07371026116448,-229,2025-12-01
1759879, 7:42:57,18246,59,16.5675,21337,1,220 James St - Molloy Rd - Airpark,268620,E Taft Rd & Northern Blvd,Sy 20,2025-12-01 12:42:57+00:00,2025-12-01 12:39:01+00:00,2025-12-01 12:39:01+00:00,1802,43.128030410179726,-76.08003719036395,-236,2025-12-01
1759879, 7:44:57,18247,60,17.4443,21337,1,220 James St - Molloy Rd - Airpark,268620,E Taft Rd & Totman Rd,Sy 20,2025-12-01 12:44:57+00:00,2025-12-01 12:40:02+00:00,2025-12-01 12:40:02+00:00,1802,43.12575162043337,-76.09008363817559,-295,2025-12-01
1759879, 7:46:45,18248,61,18.2363,21337,1,220 James St - Molloy Rd - Airpark,268620,E Taft Rd & Thompson Rd,Sy 20,2025-12-01 12:46:45+00:00,,2025-12-01 12:40:37.588728103+00:00,1802,,,-367,2025-12-01
1759879, 7:47:37,18249,62,18.6219,21337,1,220 James St - Molloy Rd - Airpark,268620,E Taft Rd & Palmcrest Rd,Sy 20,2025-12-01 12:47:37+00:00,,2025-12-01 12:40:54.915765422+00:00,1802,,,-402,2025-12-01
1759879, 7:48:00,18236,63,18.7573,21337,1,220 James St - Molloy Rd - Airpark,268620,William Barry Blvd & Taft Rd,Sy 20,2025-12-01 12:48:00+00:00,2025-12-01 12:41:01+00:00,2025-12-01 12:41:01+00:00,1802,43.12485865000132,-76.10485386204076,-419,2025-12-01
1759880, 5:35:00,7888,1,,21337,1,123 James Street to Hub,268626,Walmart - East Syracuse,Sy 20,2025-12-01 10:35:00+00:00,2025-12-01 10:39:02+00:00,2025-12-01 10:39:02+00:00,2236,43.06224060058594,-76.05925750732422,242,2025-12-01
1759880, 5:37:33,14862,2,1.0475,21337,1,123 James Street to Hub,268626,Bridge St & E 2nd St,Sy 20,2025-12-01 10:37:33+00:00,,2025-12-01 10:39:07.900000+00:00,2236,,,94,2025-12-01
1759880, 5:38:45,7257,3,1.5376,21337,1,123 James Street to Hub,268626,McCool Ave & E Ellis St,Sy 20,2025-12-01 10:38:45+00:00,,2025-12-01 10:39:13.800000+00:00,2236,,,28,2025-12-01
1759880, 5:39:00,1179,4,1.6438,21337,1,123 James Street to Hub,268626,McCool Ave & E Yates St,Sy 20,2025-12-01 10:39:00+00:00,,2025-12-01 10:39:19.700000+00:00,2236,,,19,2025-12-01
1759880, 5:39:15,2633,5,1.7489,21337,1,123 James Street to Hub,268626,McCool Ave & E Heman St,Sy 20,2025-12-01 10:39:15+00:00,,2025-12-01 10:39:25.600000+00:00,2236,,,10,2025-12-01
1759880, 5:39:40,4320,6,1.9242,21337,1,123 James Street to Hub,268626,McCool Ave & E Irving St,Sy 20,2025-12-01 10:39:40+00:00,,2025-12-01 10:39:31.500000+00:00,2236,,,-8,2025-12-01
1759880, 5:40:00,2556,7,2.0414,21337,1,123 James Street to Hub,268626,E Irving St & Hartwell Ave,Sy 20,2025-12-01 10:40:00+00:00,,2025-12-01 10:39:37.400000+00:00,2236,,,-22,2025-12-01
1759880, 5:40:40,2550,8,2.2287,21337,1,123 James Street to Hub,268626,Hartwell Ave & E Heman St,Sy 20,2025-12-01 10:40:40+00:00,,2025-12-01 10:39:43.300000+00:00,2236,,,-56,2025-12-01
1759880, 5:41:01,2542,9,2.3298,21337,1,123 James Street to Hub,268626,Hartwell Ave & E Yates St,Sy 20,2025-12-01 10:41:01+00:00,,2025-12-01 10:39:49.200000+00:00,2236,,,-71,2025-12-01
1759880, 5:41:22,7276,10,2.4300,21337,1,123 James Street to Hub,268626,Hartwell Ave & E Ellis St,Sy 20,2025-12-01 10:41:22+00:00,,2025-12-01 10:39:55.100000+00:00,2236,,,-86,2025-12-01
1759880, 5:42:10,7256,11,2.6579,21337,1,123 James Street to Hub,268626,E Manlius St & McCool Ave,Sy 20,2025-12-01 10:42:10+00:00,2025-12-01 10:40:01+00:00,2025-12-01 10:40:01+00:00,2236,43.0627555847168,-76.06355285644531,-129,2025-12-01
1759880, 5:42:44,2527,12,2.8201,21337,1,123 James Street to Hub,268626,E Manlius St & Upton St,Sy 20,2025-12-01 10:42:44+00:00,2025-12-01 10:45:01+00:00,2025-12-01 10:45:01+00:00,2236,43.06391775196996,-76.06902997247104,137,2025-12-01
1759880, 5:43:16,2526,13,2.9745,21337,1,123 James Street to Hub,268626,E Manlius St & N Center St,Sy 20,2025-12-01 10:43:16+00:00,,2025-12-01 10:45:28.670250896+00:00,2236,,,132,2025-12-01
1759880, 5:43:54,7278,14,3.1549,21337,1,123 James Street to Hub,268626,W Manlius St & Silver St,Sy 20,2025-12-01 10:43:54+00:00,2025-12-01 10:46:01+00:00,2025-12-01 10:46:01+00:00,2236,43.06407651034269,-76.07263322310014,127,2025-12-01
1759880, 5:44:14,7262,15,3.2504,21337,1,123 James Street to Hub,268626,W Manlius St & North St,Sy 20,2025-12-01 10:44:14+00:00,,2025-12-01 10:46:20.677197802+00:00,2236,,,126,2025-12-01
1759880, 5:44:55,7236,16,3.4461,21337,1,123 James Street to Hub,268626,W Manlius St & Kinne St,Sy 20,2025-12-01 10:44:55+00:00,2025-12-01 10:47:01+00:00,2025-12-01 10:47:01+00:00,2236,43.064485113961354,-76.0760750906808,126,2025-12-01
1759880, 5:45:40,1311,17,3.6614,21337,1,123 James Street to Hub,268626,Kinne St & W Yates St,Sy 20,2025-12-01 10:45:40+00:00,,2025-12-01 10:47:35.606851119+00:00,2236,,,115,2025-12-01
1759880, 5:45:56,3867,18,3.7365,21337,1,123 James Street to Hub,268626,Kinne St & W Heman St,Sy 20,2025-12-01 10:45:56+00:00,,2025-12-01 10:47:47.678260869+00:00,2236,,,111,2025-12-01
1759880, 5:46:15,7615,19,3.8256,21337,1,123 James Street to Hub,268626,Kinne St & Irving St,Sy 20,2025-12-01 10:46:15+00:00,2025-12-01 10:48:02+00:00,2025-12-01 10:48:02+00:00,2236,43.068102606411635,-76.07684865491143,107,2025-12-01
1759880, 5:47:07,2465,20,4.0701,21337,1,123 James Street to Hub,268626,Kinne St & James St,Sy 20,2025-12-01 10:47:07+00:00,,2025-12-01 10:48:27.290147265+00:00,2236,,,80,2025-12-01
1759880, 5:47:31,2460,21,4.1825,21337,1,123 James Street to Hub,268626,James St & East Ave,Sy 20,2025-12-01 10:47:31+00:00,,2025-12-01 10:48:38.916374474+00:00,2236,,,67,2025-12-01
1759880, 5:47:54,2451,22,4.2947,21337,1,123 James Street to Hub,268626,James St & Highland Ave,Sy 20,2025-12-01 10:47:54+00:00,,2025-12-01 10:48:50.521914446+00:00,2236,,,56,2025-12-01
1759880, 5:48:15,2450,23,4.3960,21337,1,123 James Street to Hub,268626,James St & Roby Ave,Sy 20,2025-12-01 10:48:15+00:00,2025-12-01 10:49:01+00:00,2025-12-01 10:49:01+00:00,2236,43.07006247001782,-76.08037272670813,46,2025-12-01
1759880, 5:48:34,2446,24,4.4892,21337,1,123 James Street to Hub,268626,James St & Colfax Ave,Sy 20,2025-12-01 10:48:34+00:00,,2025-12-01 10:49:11.239882805+00:00,2236,,,37,2025-12-01
1759880, 5:48:53,2438,25,4.5824,21337,1,123 James Street to Hub,268626,James St & Schoeder St,Sy 20,2025-12-01 10:48:53+00:00,,2025-12-01 10:49:21.479765610+00:00,2236,,,28,2025-12-01
1759880, 5:50:09,462,26,4.9421,21337,1,123 James Street to Hub,268626,James St & Wegmans Plaza,Sy 20,2025-12-01 10:50:09+00:00,2025-12-01 10:50:01+00:00,2025-12-01 10:50:01+00:00,2236,43.06979347342875,-76.08707405204204,-8,2025-12-01
1759880, 5:51:00,7891,27,5.1306,21337,1,123 James Street to Hub,268626,James St & Thompson Rd,Sy 20,2025-12-01 10:51:00+00:00,2025-12-01 10:51:01+00:00,2025-12-01 10:51:01+00:00,2236,43.06960663705502,-76.09108273488171,1,2025-12-01
1759880, 5:51:55,581,28,5.4183,21337,1,123 James Street to Hub,268626,James St & Clover Ridge Dr,Sy 20,2025-12-01 10:51:55+00:00,,2025-12-01 10:51:26.141275852+00:00,2236,,,-28,2025-12-01
1759880, 5:52:42,569,29,5.6658,21337,1,123 James Street to Hub,268626,James St & E Milford Dr,Sy 20,2025-12-01 10:52:42+00:00,,2025-12-01 10:51:47.769589280+00:00,2236,,,-54,2025-12-01
1759880, 5:53:11,568,30,5.8172,21337,1,123 James Street to Hub,268626,James St & Walter Dr,Sy 20,2025-12-01 10:53:11+00:00,2025-12-01 10:52:01+00:00,2025-12-01 10:52:01+00:00,2236,43.0692869617093,-76.09783935546875,-70,2025-12-01
1759880, 5:53:33,560,31,5.9354,21337,1,123 James Street to Hub,268626,James St & Lamson St,Sy 20,2025-12-01 10:53:33+00:00,,2025-12-01 10:52:16.850076939+00:00,2236,,,-76,2025-12-01
1759880, 5:53:55,556,32,6.0536,21337,1,123 James Street to Hub,268626,James St & Lynwood Ave,Sy 20,2025-12-01 10:53:55+00:00,,2025-12-01 10:52:32.700153879+00:00,2236,,,-82,2025-12-01
1759880, 5:54:13,549,33,6.1519,21337,1,123 James Street to Hub,268626,James St & Homecroft Rd,Sy 20,2025-12-01 10:54:13+00:00,,2025-12-01 10:52:45.881732248+00:00,2236,,,-87,2025-12-01
1759880, 5:54:36,546,34,6.2721,21337,1,123 James Street to Hub,268626,James St & Rigi Ave,Sy 20,2025-12-01 10:54:36+00:00,2025-12-01 10:53:02+00:00,2025-12-01 10:53:02+00:00,2236,43.068965911865234,-76.10378646850586,-94,2025-12-01
1759880, 5:54:53,10550,35,6.3644,21337,1,123 James Street to Hub,268626,James St & N Midler Ave,Sy 20,2025-12-01 10:54:53+00:00,,2025-12-01 10:54:02.516253443+00:00,2236,,,-50,2025-12-01
1759880, 5:55:10,539,36,6.4536,21337,1,123 James Street to Hub,268626,James St & N Edwards Ave,Sy 20,2025-12-01 10:55:10+00:00,2025-12-01 10:55:01+00:00,2025-12-01 10:55:01+00:00,2236,43.068851470947266,-76.10632445846778,-9,2025-12-01
1759880, 5:55:27,534,37,6.5428,21337,1,123 James Street to Hub,268626,James St & N Collingwood Ave,Sy 20,2025-12-01 10:55:27+00:00,,2025-12-01 10:55:17.203692674+00:00,2236,,,-9,2025-12-01
1759880, 5:55:42,530,38,6.6240,21337,1,123 James Street to Hub,268626,James St & Ashdale Ave,Sy 20,2025-12-01 10:55:42+00:00,,2025-12-01 10:55:31.954139368+00:00,2236,,,-10,2025-12-01
1759880, 5:56:13,520,39,6.7894,21337,1,123 James Street to Hub,268626,James St & Lillian Ave,Sy 20,2025-12-01 10:56:13+00:00,2025-12-01 10:56:02+00:00,2025-12-01 10:56:02+00:00,2236,43.06869888305664,-76.11042392615116,-11,2025-12-01
1759880, 5:56:36,516,40,6.9116,21337,1,123 James Street to Hub,268626,James St & Marlborough Rd,Sy 20,2025-12-01 10:56:36+00:00,2025-12-01 10:57:01+00:00,2025-12-01 10:57:01+00:00,2236,43.06863021850586,-76.11200535297394,25,2025-12-01
1759880, 5:56:57,511,41,7.0239,21337,1,123 James Street to Hub,268626,James St & North Ave,Sy 20,2025-12-01 10:56:57+00:00,,2025-12-01 10:57:40.752212389+00:00,2236,,,43,2025-12-01
1759880, 5:57:08,501,42,7.0811,21337,1,123 James Street to Hub,268626,James St & Hickok Ave,Sy 20,2025-12-01 10:57:08+00:00,2025-12-01 10:58:01+00:00,2025-12-01 10:58:01+00:00,2236,43.06853103637695,-76.1140074553313,53,2025-12-01
1759880, 5:58:00,499,43,7.3065,21337,1,123 James Street to Hub,268626,James St & Mildred Ave,Sy 20,2025-12-01 10:58:00+00:00,,2025-12-01 10:58:31.947368421+00:00,2236,,,31,2025-12-01
1759880, 5:58:42,484,44,7.5181,21337,1,123 James Street to Hub,268626,James St & Peck Ave,Sy 20,2025-12-01 10:58:42+00:00,2025-12-01 10:59:01+00:00,2025-12-01 10:59:01+00:00,2236,43.06710748505174,-76.11842386346115,19,2025-12-01
1759880, 5:59:10,483,45,7.6579,21337,1,123 James Street to Hub,268626,James St & Rugby Rd,Sy 20,2025-12-01 10:59:10+00:00,2025-12-01 11:00:02+00:00,2025-12-01 11:00:02+00:00,2236,43.065956473350525,-76.12078022956848,52,2025-12-01
1759880, 6:00:18,470,46,7.9966,21337,1,123 James Street to Hub,268626,James St & Hampton Rd,Sy 20,2025-12-01 11:00:18+00:00,2025-12-01 11:01:01+00:00,2025-12-01 11:01:01+00:00,2236,43.06424695253372,-76.12426733970642,43,2025-12-01
1759880, 6:01:17,476,47,8.2931,21337,1,123 James Street to Hub,268626,James St & Durston Ave,Sy 20,2025-12-01 11:01:17+00:00,2025-12-01 11:02:01+00:00,2025-12-01 11:02:01+00:00,2236,43.06296683139488,-76.12686732557954,44,2025-12-01
1759880, 6:01:49,455,48,8.4559,21337,1,123 James Street to Hub,268626,James St & Sedgwick Dr,Sy 20,2025-12-01 11:01:49+00:00,,2025-12-01 11:02:23.089552238+00:00,2236,,,34,2025-12-01
1759880, 6:02:45,451,49,8.7353,21337,1,123 James Street to Hub,268626,James St & Dewitt St,Sy 20,2025-12-01 11:02:45+00:00,2025-12-01 11:03:01+00:00,2025-12-01 11:03:01+00:00,2236,43.06077922474254,-76.13134210759944,16,2025-12-01
1759880, 6:04:00,447,50,9.0989,21337,1,123 James Street to Hub,268626,James St & Oak St,Sy 20,2025-12-01 11:04:00+00:00,2025-12-01 11:04:02+00:00,2025-12-01 11:04:02+00:00,2236,43.059252421061196,-76.13446553548177,2,2025-12-01
1759880, 6:04:18,6678,51,9.1932,21337,1,123 James Street to Hub,268626,James St & Bryant and Stratton College,Sy 20,2025-12-01 11:04:18+00:00,,2025-12-01 11:04:17.996837262+00:00,2236,,,0,2025-12-01
1759880, 6:05:08,443,52,9.4467,21337,1,123 James Street to Hub,268626,James St & Highland St,Sy 20,2025-12-01 11:05:08+00:00,2025-12-01 11:05:01+00:00,2025-12-01 11:05:01+00:00,2236,43.057198037906566,-76.13870659653021,-7,2025-12-01
1759880, 6:05:47,438,53,9.6470,21337,1,123 James Street to Hub,268626,James St & Lodi St,Sy 20,2025-12-01 11:05:47+00:00,2025-12-01 11:06:01+00:00,2025-12-01 11:06:01+00:00,2236,43.05606757988364,-76.14095474501788,14,2025-12-01
1759880, 6:06:34,10928,54,9.8844,21337,1,123 James Street to Hub,268626,James St & Catherine St,Sy 20,2025-12-01 11:06:34+00:00,2025-12-01 11:07:01+00:00,2025-12-01 11:07:01+00:00,2236,43.05528915137575,-76.14254586738453,27,2025-12-01
1759880, 6:07:02,431,55,10.0264,21337,1,123 James Street to Hub,268626,James St & N McBride St,Sy 20,2025-12-01 11:07:02+00:00,2025-12-01 11:08:01+00:00,2025-12-01 11:08:01+00:00,2236,43.05429386642744,-76.14457083648105,59,2025-12-01
1759880, 6:07:29,425,56,10.1668,21337,1,123 James Street to Hub,268626,James St & N Townsend St,Sy 20,2025-12-01 11:07:29+00:00,,2025-12-01 11:08:23.681744749+00:00,2236,,,54,2025-12-01
1759880, 6:08:14,426,57,10.3978,21337,1,123 James Street to Hub,268626,James St & N State St,Sy 20,2025-12-01 11:08:14+00:00,2025-12-01 11:09:01+00:00,2025-12-01 11:09:01+00:00,2236,43.05262444236062,-76.14854084361683,47,2025-12-01
1759880, 6:09:30,180,58,10.7851,21337,1,123 James Street to Hub,268626,E Willow St & N Salina St,Sy 20,2025-12-01 11:09:30+00:00,2025-12-01 11:10:02+00:00,2025-12-01 11:10:02+00:00,2236,43.05236598423549,-76.15211554936,32,2025-12-01
1759880, 6:10:00,174,59,10.9101,21337,1,123 James Street to Hub,268626,N Salina St & W Genesee St,Sy 20,2025-12-01 11:10:00+00:00,,2025-12-01 11:10:25.479783508+00:00,2236,,,25,2025-12-01
1759880, 6:10:57,99,60,11.0992,21337,1,123 James Street to Hub,268626,S Salina St & Washington St,Sy 20,2025-12-01 11:10:57+00:00,2025-12-01 11:11:01+00:00,2025-12-01 11:11:01+00:00,2236,43.05014756146599,-76.15220642089844,4,2025-12-01
1759880, 6:12:33,7987,61,11.4162,21337,1,123 James Street to Hub,268626,S Salina St & W Jefferson St,Sy 20,2025-12-01 11:12:33+00:00,2025-12-01 11:13:01+00:00,2025-12-01 11:13:01+00:00,2236,43.04518290928432,-76.15226721385169,28,2025-12-01
1759880, 6:15:00,17656,62,11.8964,21337,1,123 James Street to Hub,268626,B17,Sy 20,2025-12-01 11:15:00+00:00,2025-12-01 11:15:02+00:00,2025-12-01 11:15:02+00:00,2236,43.043295,-76.15108333333333,2,2025-12-01
1759881, 7:02:00,7888,1,,21337,1,123 James Street to Hub,268633,Walmart - East Syracuse,Sy 20,2025-12-01 12:02:00+00:00,2025-12-01 12:07:01+00:00,2025-12-01 12:07:01+00:00,1778,43.06269836425781,-76.05977630615234,301,2025-12-01
1759881, 7:04:19,14862,2,1.0475,21337,1,123 James Street to Hub,268633,Bridge St & E 2nd St,Sy 20,2025-12-01 12:04:19+00:00,2025-12-01 12:09:01+00:00,2025-12-01 12:09:01+00:00,1778,43.062225341796875,-76.06751251220703,282,2025-12-01
1759881, 7:05:10,2526,3,1.4366,21337,1,123 James Street to Hub,268633,E Manlius St & N Center St,Sy 20,2025-12-01 12:05:10+00:00,2025-12-01 12:10:01+00:00,2025-12-01 12:10:01+00:00,1778,43.063968658447266,-76.07037353515625,291,2025-12-01
1759881, 7:05:34,7278,4,1.6169,21337,1,123 James Street to Hub,268633,W Manlius St & Silver St,Sy 20,2025-12-01 12:05:34+00:00,,2025-12-01 12:10:23.938931297+00:00,1778,,,289,2025-12-01
1759881, 7:05:46,7262,5,1.7125,21337,1,123 James Street to Hub,268633,W Manlius St & North St,Sy 20,2025-12-01 12:05:46+00:00,,2025-12-01 12:10:36.101781170+00:00,1778,,,290,2025-12-01
1759881, 7:06:12,7236,6,1.9082,21337,1,123 James Street to Hub,268633,W Manlius St & Kinne St,Sy 20,2025-12-01 12:06:12+00:00,2025-12-01 12:11:01+00:00,2025-12-01 12:11:01+00:00,1778,43.06450271606445,-76.07614135742188,289,2025-12-01
1759881, 7:06:40,1311,7,2.1235,21337,1,123 James Street to Hub,268633,Kinne St & W Yates St,Sy 20,2025-12-01 12:06:40+00:00,2025-12-01 12:12:02+00:00,2025-12-01 12:12:02+00:00,1778,43.066130828857425,-76.0766845703125,322,2025-12-01
1759881, 7:06:50,3867,8,2.1986,21337,1,123 James Street to Hub,268633,Kinne St & W Heman St,Sy 20,2025-12-01 12:06:50+00:00,2025-12-01 12:13:01+00:00,2025-12-01 12:13:01+00:00,1778,43.067264730280094,-76.07678153298117,371,2025-12-01
1759881, 7:07:01,7615,9,2.2877,21337,1,123 James Street to Hub,268633,Kinne St & Irving St,Sy 20,2025-12-01 12:07:01+00:00,,2025-12-01 12:13:17.025179856+00:00,1778,,,376,2025-12-01
1759881, 7:07:33,2465,10,2.5322,21337,1,123 James Street to Hub,268633,Kinne St & James St,Sy 20,2025-12-01 12:07:33+00:00,2025-12-01 12:14:01+00:00,2025-12-01 12:14:01+00:00,1778,43.07017517089844,-76.07695159912109,388,2025-12-01
1759881, 7:07:48,2460,11,2.6446,21337,1,123 James Street to Hub,268633,James St & East Ave,Sy 20,2025-12-01 12:07:48+00:00,,2025-12-01 12:14:21.693464252+00:00,1778,,,393,2025-12-01
1759881, 7:08:02,2451,12,2.7568,21337,1,123 James Street to Hub,268633,James St & Highland Ave,Sy 20,2025-12-01 12:08:02+00:00,,2025-12-01 12:14:42.350107394+00:00,1778,,,400,2025-12-01
1759881, 7:08:15,2450,13,2.8581,21337,1,123 James Street to Hub,268633,James St & Roby Ave,Sy 20,2025-12-01 12:08:15+00:00,2025-12-01 12:15:01+00:00,2025-12-01 12:15:01+00:00,1778,43.07002906799316,-76.08105392456055,406,2025-12-01
1759881, 7:08:27,2446,14,2.9512,21337,1,123 James Street to Hub,268633,James St & Colfax Ave,Sy 20,2025-12-01 12:08:27+00:00,,2025-12-01 12:15:11.228895806+00:00,1778,,,404,2025-12-01
1759881, 7:08:39,2438,15,3.0444,21337,1,123 James Street to Hub,268633,James St & Schoeder St,Sy 20,2025-12-01 12:08:39+00:00,,2025-12-01 12:15:21.468778611+00:00,1778,,,402,2025-12-01
1759881, 7:09:27,462,16,3.4042,21337,1,123 James Street to Hub,268633,James St & Wegmans Plaza,Sy 20,2025-12-01 12:09:27+00:00,2025-12-01 12:16:01+00:00,2025-12-01 12:16:01+00:00,1778,43.06979364423609,-76.08707040815212,394,2025-12-01
1759881, 7:10:00,7891,17,3.5927,21337,1,123 James Street to Hub,268633,James St & Thompson Rd,Sy 20,2025-12-01 12:10:00+00:00,2025-12-01 12:17:01+00:00,2025-12-01 12:17:01+00:00,1778,43.069674558417745,-76.08998107910156,421,2025-12-01
1759881, 7:11:03,581,18,3.8804,21337,1,123 James Street to Hub,268633,James St & Clover Ridge Dr,Sy 20,2025-12-01 12:11:03+00:00,2025-12-01 12:18:01+00:00,2025-12-01 12:18:01+00:00,1778,43.069475088546525,-76.0932662736124,418,2025-12-01
1759881, 7:11:57,569,19,4.1278,21337,1,123 James Street to Hub,268633,James St & E Milford Dr,Sy 20,2025-12-01 12:11:57+00:00,,2025-12-01 12:18:38.221664994+00:00,1778,,,401,2025-12-01
1759881, 7:12:30,568,20,4.2792,21337,1,123 James Street to Hub,268633,James St & Walter Dr,Sy 20,2025-12-01 12:12:30+00:00,2025-12-01 12:19:01+00:00,2025-12-01 12:19:01+00:00,1778,43.0692867155998,-76.09784698486328,391,2025-12-01
1759881, 7:12:56,560,21,4.3975,21337,1,123 James Street to Hub,268633,James St & Lamson St,Sy 20,2025-12-01 12:12:56+00:00,,2025-12-01 12:19:22.560501942+00:00,1778,,,386,2025-12-01
1759881, 7:13:22,556,22,4.5157,21337,1,123 James Street to Hub,268633,James St & Lynwood Ave,Sy 20,2025-12-01 12:13:22+00:00,,2025-12-01 12:19:44.102778607+00:00,1778,,,382,2025-12-01
1759881, 7:13:43,549,23,4.6139,21337,1,123 James Street to Hub,268633,James St & Homecroft Rd,Sy 20,2025-12-01 12:13:43+00:00,2025-12-01 12:20:02+00:00,2025-12-01 12:20:02+00:00,1778,43.06902242110947,-76.10274402165817,379,2025-12-01
1759881, 7:14:09,546,24,4.7342,21337,1,123 James Street to Hub,268633,James St & Rigi Ave,Sy 20,2025-12-01 12:14:09+00:00,,2025-12-01 12:20:35.385230479+00:00,1778,,,386,2025-12-01
1759881, 7:14:29,10550,25,4.8265,21337,1,123 James Street to Hub,268633,James St & N Midler Ave,Sy 20,2025-12-01 12:14:29+00:00,2025-12-01 12:21:01+00:00,2025-12-01 12:21:01+00:00,1778,43.06892013549805,-76.10470051668128,392,2025-12-01
1759881, 7:14:48,539,26,4.9157,21337,1,123 James Street to Hub,268633,James St & N Edwards Ave,Sy 20,2025-12-01 12:14:48+00:00,,2025-12-01 12:21:42.232665639+00:00,1778,,,414,2025-12-01
1759881, 7:15:07,534,27,5.0049,21337,1,123 James Street to Hub,268633,James St & N Collingwood Ave,Sy 20,2025-12-01 12:15:07+00:00,,2025-12-01 12:22:23.465331278+00:00,1778,,,436,2025-12-01
1759881, 7:15:24,530,28,5.0861,21337,1,123 James Street to Hub,268633,James St & Ashdale Ave,Sy 20,2025-12-01 12:15:24+00:00,2025-12-01 12:23:01+00:00,2025-12-01 12:23:01+00:00,1778,43.0687834292042,-76.10857157804529,457,2025-12-01
1759881, 7:16:00,520,29,5.2515,21337,1,123 James Street to Hub,268633,James St & Lillian Ave,Sy 20,2025-12-01 12:16:00+00:00,,2025-12-01 12:23:36.081363004+00:00,1778,,,456,2025-12-01
1759881, 7:16:26,516,30,5.3737,21337,1,123 James Street to Hub,268633,James St & Marlborough Rd,Sy 20,2025-12-01 12:16:26+00:00,2025-12-01 12:24:02+00:00,2025-12-01 12:24:02+00:00,1778,43.068660736083984,-76.11139678955078,456,2025-12-01
1759881, 7:16:50,511,31,5.4860,21337,1,123 James Street to Hub,268633,James St & North Ave,Sy 20,2025-12-01 12:16:50+00:00,2025-12-01 12:25:01+00:00,2025-12-01 12:25:01+00:00,1778,43.06858749389649,-76.11275863647461,491,2025-12-01
1759881, 7:17:02,501,32,5.5432,21337,1,123 James Street to Hub,268633,James St & Hickok Ave,Sy 20,2025-12-01 12:17:02+00:00,,2025-12-01 12:25:07.944556859+00:00,1778,,,485,2025-12-01
1759881, 7:18:00,499,33,5.7686,21337,1,123 James Street to Hub,268633,James St & Mildred Ave,Sy 20,2025-12-01 12:18:00+00:00,,2025-12-01 12:25:35.309995953+00:00,1778,,,455,2025-12-01
1759881, 7:18:42,484,34,5.9802,21337,1,123 James Street to Hub,268633,James St & Peck Ave,Sy 20,2025-12-01 12:18:42+00:00,2025-12-01 12:26:01+00:00,2025-12-01 12:26:01+00:00,1778,43.066959381103516,-76.11883544921875,439,2025-12-01
1759881, 7:19:10,483,35,6.1200,21337,1,123 James Street to Hub,268633,James St & Rugby Rd,Sy 20,2025-12-01 12:19:10+00:00,2025-12-01 12:27:02+00:00,2025-12-01 12:27:02+00:00,1778,43.0660355091095,-76.12062215805054,472,2025-12-01
1759881, 7:20:18,470,36,6.4587,21337,1,123 James Street to Hub,268633,James St & Hampton Rd,Sy 20,2025-12-01 12:20:18+00:00,2025-12-01 12:28:01+00:00,2025-12-01 12:28:01+00:00,1778,43.06512580727631,-76.12248503487065,463,2025-12-01
1759881, 7:21:17,476,37,6.7552,21337,1,123 James Street to Hub,268633,James St & Durston Ave,Sy 20,2025-12-01 12:21:17+00:00,2025-12-01 12:29:01+00:00,2025-12-01 12:29:01+00:00,1778,43.06326065063477,-76.12627868652343,464,2025-12-01
1759881, 7:21:49,455,38,6.9180,21337,1,123 James Street to Hub,268633,James St & Sedgwick Dr,Sy 20,2025-12-01 12:21:49+00:00,,2025-12-01 12:29:23.089552238+00:00,1778,,,454,2025-12-01
1759881, 7:22:45,451,39,7.1974,21337,1,123 James Street to Hub,268633,James St & Dewitt St,Sy 20,2025-12-01 12:22:45+00:00,2025-12-01 12:30:01+00:00,2025-12-01 12:30:01+00:00,1778,43.061400326815516,-76.13008163914536,436,2025-12-01
1759881, 7:24:00,447,40,7.5610,21337,1,123 James Street to Hub,268633,James St & Oak St,Sy 20,2025-12-01 12:24:00+00:00,,2025-12-01 12:31:35.493120768+00:00,1778,,,455,2025-12-01
1759881, 7:24:18,6678,41,7.6553,21337,1,123 James Street to Hub,268633,James St & Bryant and Stratton College,Sy 20,2025-12-01 12:24:18+00:00,2025-12-01 12:32:00+00:00,2025-12-01 12:32:00+00:00,1778,43.058055631576046,-76.13689410301947,462,2025-12-01
1759881, 7:25:08,443,42,7.9088,21337,1,123 James Street to Hub,268633,James St & Highland St,Sy 20,2025-12-01 12:25:08+00:00,,2025-12-01 12:32:34.075583957+00:00,1778,,,446,2025-12-01
1759881, 7:25:47,438,43,8.1091,21337,1,123 James Street to Hub,268633,James St & Lodi St,Sy 20,2025-12-01 12:25:47+00:00,2025-12-01 12:33:01+00:00,2025-12-01 12:33:01+00:00,1778,43.0562026977539,-76.1407231648763,434,2025-12-01
1759881, 7:26:34,10928,44,8.3465,21337,1,123 James Street to Hub,268633,James St & Catherine St,Sy 20,2025-12-01 12:26:34+00:00,,2025-12-01 12:33:28.402847248+00:00,1778,,,414,2025-12-01
1759881, 7:27:02,431,45,8.4885,21337,1,123 James Street to Hub,268633,James St & N McBride St,Sy 20,2025-12-01 12:27:02+00:00,,2025-12-01 12:33:44.793766833+00:00,1778,,,402,2025-12-01
1759881, 7:27:29,425,46,8.6289,21337,1,123 James Street to Hub,268633,James St & N Townsend St,Sy 20,2025-12-01 12:27:29+00:00,2025-12-01 12:34:01+00:00,2025-12-01 12:34:01+00:00,1778,43.053877783603355,-76.14541826091829,392,2025-12-01
1759881, 7:28:14,426,47,8.8599,21337,1,123 James Street to Hub,268633,James St & N State St,Sy 20,2025-12-01 12:28:14+00:00,2025-12-01 12:36:01+00:00,2025-12-01 12:36:01+00:00,1778,43.05245506980202,-76.14835787686435,467,2025-12-01
1759881, 7:29:30,180,48,9.2472,21337,1,123 James Street to Hub,268633,E Willow St & N Salina St,Sy 20,2025-12-01 12:29:30+00:00,2025-12-01 12:37:01+00:00,2025-12-01 12:37:01+00:00,1778,43.05237143380301,-76.15211527688163,451,2025-12-01
1759881, 7:30:00,174,49,9.3722,21337,1,123 James Street to Hub,268633,N Salina St & W Genesee St,Sy 20,2025-12-01 12:30:00+00:00,,2025-12-01 12:37:24.885350318+00:00,1778,,,444,2025-12-01
1759881, 7:30:57,99,50,9.5612,21337,1,123 James Street to Hub,268633,S Salina St & Washington St,Sy 20,2025-12-01 12:30:57+00:00,2025-12-01 12:38:01+00:00,2025-12-01 12:38:01+00:00,1778,43.0501610251034,-76.15220642089844,424,2025-12-01
1759881, 7:32:33,7987,51,9.8783,21337,1,123 James Street to Hub,268633,S Salina St & W Jefferson St,Sy 20,2025-12-01 12:32:33+00:00,2025-12-01 12:40:02+00:00,2025-12-01 12:40:02+00:00,1778,43.04647420247396,-76.15225219726562,449,2025-12-01
1759881, 7:35:00,17656,52,10.3585,21337,1,123 James Street to Hub,268633,B17,Sy 20,2025-12-01 12:35:00+00:00,,,,,,,2025-12-01
1759882, 8:18:00,2556,1,,21337,1,23 James Street to Hub,268626,E Irving St & Hartwell Ave,Sy 20,2025-12-01 13:18:00+00:00,,,,,,,2025-12-01
1759882, 8:18:41,2550,2,0.1773,21337,1,23 James Street to Hub,268626,Hartwell Ave & E Heman St,Sy 20,2025-12-01 13:18:41+00:00,,,,,,,2025-12-01
1759882, 8:19:04,2542,3,0.2784,21337,1,23 James Street to Hub,268626,Hartwell Ave & E Yates St,Sy 20,2025-12-01 13:19:04+00:00,,,,,,,2025-12-01
1759882, 8:19:27,7276,4,0.3786,21337,1,23 James Street to Hub,268626,Hartwell Ave & E Ellis St,Sy 20,2025-12-01 13:19:27+00:00,,,,,,,2025-12-01
1759882, 8:20:20,7256,5,0.6065,21337,1,23 James Street to Hub,268626,E Manlius St & McCool Ave,Sy 20,2025-12-01 13:20:20+00:00,,,,,,,2025-12-01
1759882, 8:20:57,2527,6,0.7687,21337,1,23 James Street to Hub,268626,E Manlius St & Upton St,Sy 20,2025-12-01 13:20:57+00:00,2025-12-01 13:26:01+00:00,2025-12-01 13:26:01+00:00,2236,43.063880920410156,-76.06858825683594,304,2025-12-01
1759882, 8:21:33,2526,7,0.9231,21337,1,23 James Street to Hub,268626,E Manlius St & N Center St,Sy 20,2025-12-01 13:21:33+00:00,,2025-12-01 13:26:28.678518075+00:00,2236,,,295,2025-12-01
1759882, 8:22:15,7278,8,1.1034,21337,1,23 James Street to Hub,268626,W Manlius St & Silver St,Sy 20,2025-12-01 13:22:15+00:00,2025-12-01 13:27:01+00:00,2025-12-01 13:27:01+00:00,2236,43.0640869140625,-76.07279968261719,286,2025-12-01
1759882, 8:22:37,7262,9,1.1990,21337,1,23 James Street to Hub,268626,W Manlius St & North St,Sy 20,2025-12-01 13:22:37+00:00,,2025-12-01 13:27:20.691040164+00:00,2236,,,283,2025-12-01
1759882, 8:23:22,7236,10,1.3947,21337,1,23 James Street to Hub,268626,W Manlius St & Kinne St,Sy 20,2025-12-01 13:23:22+00:00,2025-12-01 13:28:01+00:00,2025-12-01 13:28:01+00:00,2236,43.0647032717441,-76.07671843183802,279,2025-12-01
1759882, 8:24:12,1311,11,1.6100,21337,1,23 James Street to Hub,268626,Kinne St & W Yates St,Sy 20,2025-12-01 13:24:12+00:00,,2025-12-01 13:28:21.356891025+00:00,2236,,,249,2025-12-01
1759882, 8:24:29,3867,12,1.6851,21337,1,23 James Street to Hub,268626,Kinne St & W Heman St,Sy 20,2025-12-01 13:24:29+00:00,,2025-12-01 13:28:28.457692307+00:00,2236,,,239,2025-12-01
1759882, 8:24:49,7615,13,1.7742,21337,1,23 James Street to Hub,268626,Kinne St & Irving St,Sy 20,2025-12-01 13:24:49+00:00,,2025-12-01 13:28:36.882211538+00:00,2236,,,227,2025-12-01
1759882, 8:25:46,2465,14,2.0187,21337,1,23 James Street to Hub,268626,Kinne St & James St,Sy 20,2025-12-01 13:25:46+00:00,2025-12-01 13:29:00+00:00,2025-12-01 13:29:00+00:00,2236,43.0697394340269,-76.07697173087827,194,2025-12-01
1759882, 8:26:12,2460,15,2.1311,21337,1,23 James Street to Hub,268626,James St & East Ave,Sy 20,2025-12-01 13:26:12+00:00,,2025-12-01 13:29:30.527159394+00:00,2236,,,198,2025-12-01
1759882, 8:26:38,2451,16,2.2433,21337,1,23 James Street to Hub,268626,James St & Highland Ave,Sy 20,2025-12-01 13:26:38+00:00,2025-12-01 13:30:01+00:00,2025-12-01 13:30:01+00:00,2236,43.07007859882555,-76.08006447239926,203,2025-12-01
1759882, 8:27:01,2450,17,2.3445,21337,1,23 James Street to Hub,268626,James St & Roby Ave,Sy 20,2025-12-01 13:27:01+00:00,,2025-12-01 13:30:08.385093910+00:00,2236,,,187,2025-12-01
1759882, 8:27:22,2446,18,2.4377,21337,1,23 James Street to Hub,268626,James St & Colfax Ave,Sy 20,2025-12-01 13:27:22+00:00,,2025-12-01 13:30:15.186385931+00:00,2236,,,173,2025-12-01
1759882, 8:27:43,2438,19,2.5309,21337,1,23 James Street to Hub,268626,James St & Schoeder St,Sy 20,2025-12-01 13:27:43+00:00,,2025-12-01 13:30:21.987677951+00:00,2236,,,158,2025-12-01
1759882, 8:29:07,462,20,2.8907,21337,1,23 James Street to Hub,268626,James St & Wegmans Plaza,Sy 20,2025-12-01 13:29:07+00:00,,2025-12-01 13:30:48.244167962+00:00,2236,,,101,2025-12-01
1759882, 8:30:00,7891,21,3.0792,21337,1,23 James Street to Hub,268626,James St & Thompson Rd,Sy 20,2025-12-01 13:30:00+00:00,2025-12-01 13:31:02+00:00,2025-12-01 13:31:02+00:00,2236,43.069683001591606,-76.08951715322641,62,2025-12-01
1759882, 8:31:03,581,22,3.3669,21337,1,23 James Street to Hub,268626,James St & Clover Ridge Dr,Sy 20,2025-12-01 13:31:03+00:00,2025-12-01 13:34:01+00:00,2025-12-01 13:34:01+00:00,2236,43.069488867005305,-76.09325875808943,178,2025-12-01
1759882, 8:31:57,569,23,3.6143,21337,1,23 James Street to Hub,268626,James St & E Milford Dr,Sy 20,2025-12-01 13:31:57+00:00,,2025-12-01 13:34:30.184683813+00:00,2236,,,153,2025-12-01
1759882, 8:32:30,568,24,3.7657,21337,1,23 James Street to Hub,268626,James St & Walter Dr,Sy 20,2025-12-01 13:32:30+00:00,,2025-12-01 13:34:48.044672210+00:00,2236,,,138,2025-12-01
1759882, 8:32:56,560,25,3.8840,21337,1,23 James Street to Hub,268626,James St & Lamson St,Sy 20,2025-12-01 13:32:56+00:00,2025-12-01 13:35:02+00:00,2025-12-01 13:35:02+00:00,2236,43.06917988976767,-76.09937321862509,126,2025-12-01
1759882, 8:33:22,556,26,4.0022,21337,1,23 James Street to Hub,268626,James St & Lynwood Ave,Sy 20,2025-12-01 13:33:22+00:00,,2025-12-01 13:35:22.712206712+00:00,2236,,,120,2025-12-01
1759882, 8:33:43,549,27,4.1004,21337,1,23 James Street to Hub,268626,James St & Homecroft Rd,Sy 20,2025-12-01 13:33:43+00:00,,2025-12-01 13:35:39.919809919+00:00,2236,,,116,2025-12-01
1759882, 8:34:09,546,28,4.2207,21337,1,23 James Street to Hub,268626,James St & Rigi Ave,Sy 20,2025-12-01 13:34:09+00:00,2025-12-01 13:36:01+00:00,2025-12-01 13:36:01+00:00,2236,43.06898920876639,-76.10346194675991,112,2025-12-01
1759882, 8:34:29,10550,29,4.3130,21337,1,23 James Street to Hub,268626,James St & N Midler Ave,Sy 20,2025-12-01 13:34:29+00:00,,2025-12-01 13:36:31.512396694+00:00,2236,,,122,2025-12-01
1759882, 8:34:48,539,30,4.4022,21337,1,23 James Street to Hub,268626,James St & N Edwards Ave,Sy 20,2025-12-01 13:34:48+00:00,2025-12-01 13:37:01+00:00,2025-12-01 13:37:01+00:00,2236,43.06887093905745,-76.10577050570784,133,2025-12-01
1759882, 8:35:07,534,31,4.4914,21337,1,23 James Street to Hub,268626,James St & N Collingwood Ave,Sy 20,2025-12-01 13:35:07+00:00,,2025-12-01 13:37:10.228125547+00:00,2236,,,123,2025-12-01
1759882, 8:35:24,530,32,4.5726,21337,1,23 James Street to Hub,268626,James St & Ashdale Ave,Sy 20,2025-12-01 13:35:24+00:00,,2025-12-01 13:37:18.628616517+00:00,2236,,,114,2025-12-01
1759882, 8:36:00,520,33,4.7380,21337,1,23 James Street to Hub,268626,James St & Lillian Ave,Sy 20,2025-12-01 13:36:00+00:00,,2025-12-01 13:37:35.739961423+00:00,2236,,,95,2025-12-01
1759882, 8:36:26,516,34,4.8602,21337,1,23 James Street to Hub,268626,James St & Marlborough Rd,Sy 20,2025-12-01 13:36:26+00:00,,2025-12-01 13:37:48.382079607+00:00,2236,,,82,2025-12-01
1759882, 8:36:50,511,35,4.9725,21337,1,23 James Street to Hub,268626,James St & North Ave,Sy 20,2025-12-01 13:36:50+00:00,2025-12-01 13:38:00+00:00,2025-12-01 13:38:00+00:00,2236,43.06859069824219,-76.1127017211914,70,2025-12-01
1759882, 8:37:02,501,36,5.0296,21337,1,23 James Street to Hub,268626,James St & Hickok Ave,Sy 20,2025-12-01 13:37:02+00:00,,2025-12-01 13:38:12.527246992+00:00,2236,,,70,2025-12-01
1759882, 8:38:00,499,37,5.2551,21337,1,23 James Street to Hub,268626,James St & Mildred Ave,Sy 20,2025-12-01 13:38:00+00:00,2025-12-01 13:39:02+00:00,2025-12-01 13:39:02+00:00,2236,43.06792581492457,-76.11677077720906,62,2025-12-01
1759882, 8:38:42,484,38,5.4667,21337,1,23 James Street to Hub,268626,James St & Peck Ave,Sy 20,2025-12-01 13:38:42+00:00,,2025-12-01 13:39:37.527603870+00:00,2236,,,55,2025-12-01
1759882, 8:39:10,483,39,5.6065,21337,1,23 James Street to Hub,268626,James St & Rugby Rd,Sy 20,2025-12-01 13:39:10+00:00,2025-12-01 13:40:01+00:00,2025-12-01 13:40:01+00:00,2236,43.06618893146515,-76.12031531333923,51,2025-12-01
1759882, 8:40:18,470,40,5.9452,21337,1,23 James Street to Hub,268626,James St & Hampton Rd,Sy 20,2025-12-01 13:40:18+00:00,2025-12-01 13:41:01+00:00,2025-12-01 13:41:01+00:00,2236,43.0642916560173,-76.12417435646057,43,2025-12-01
1759882, 8:41:17,476,41,6.2417,21337,1,23 James Street to Hub,268626,James St & Durston Ave,Sy 20,2025-12-01 13:41:17+00:00,,2025-12-01 13:41:39.732854343+00:00,2236,,,22,2025-12-01
1759882, 8:41:49,455,42,6.4045,21337,1,23 James Street to Hub,268626,James St & Sedgwick Dr,Sy 20,2025-12-01 13:41:49+00:00,2025-12-01 13:42:01+00:00,2025-12-01 13:42:01+00:00,2236,43.062021775679156,-76.12879146229137,12,2025-12-01
1759882, 8:42:45,451,43,6.6839,21337,1,23 James Street to Hub,268626,James St & Dewitt St,Sy 20,2025-12-01 13:42:45+00:00,,2025-12-01 13:42:27.506065318+00:00,2236,,,-17,2025-12-01
1759882, 8:44:00,447,44,7.0475,21337,1,23 James Street to Hub,268626,James St & Oak St,Sy 20,2025-12-01 13:44:00+00:00,2025-12-01 13:43:02+00:00,2025-12-01 13:43:02+00:00,2236,43.05894143240793,-76.13513775261082,-58,2025-12-01
1759882, 8:44:18,6678,45,7.1418,21337,1,23 James Street to Hub,268626,James St & Bryant and Stratton College,Sy 20,2025-12-01 13:44:18+00:00,2025-12-01 13:44:01+00:00,2025-12-01 13:44:01+00:00,2236,43.058354139328,-76.13632237911224,-17,2025-12-01
1759882, 8:45:08,443,46,7.3953,21337,1,23 James Street to Hub,268626,James St & Highland St,Sy 20,2025-12-01 13:45:08+00:00,,2025-12-01 13:44:34.516967827+00:00,2236,,,-33,2025-12-01
1759882, 8:45:47,438,47,7.5956,21337,1,23 James Street to Hub,268626,James St & Lodi St,Sy 20,2025-12-01 13:45:47+00:00,2025-12-01 13:45:01+00:00,2025-12-01 13:45:01+00:00,2236,43.05621471405029,-76.14070269266765,-46,2025-12-01
1759882, 8:46:34,10928,48,7.8330,21337,1,23 James Street to Hub,268626,James St & Catherine St,Sy 20,2025-12-01 13:46:34+00:00,2025-12-01 13:46:02+00:00,2025-12-01 13:46:02+00:00,2236,43.05529417071426,-76.14253542716042,-32,2025-12-01
1759882, 8:47:02,431,49,7.9750,21337,1,23 James Street to Hub,268626,James St & N McBride St,Sy 20,2025-12-01 13:47:02+00:00,2025-12-01 13:47:01+00:00,2025-12-01 13:47:01+00:00,2236,43.054263636750996,-76.14463129583395,-1,2025-12-01
1759882, 8:47:29,425,50,8.1154,21337,1,23 James Street to Hub,268626,James St & N Townsend St,Sy 20,2025-12-01 13:47:29+00:00,,2025-12-01 13:47:23.681744749+00:00,2236,,,-5,2025-12-01
1759882, 8:48:14,426,51,8.3464,21337,1,23 James Street to Hub,268626,James St & N State St,Sy 20,2025-12-01 13:48:14+00:00,2025-12-01 13:48:01+00:00,2025-12-01 13:48:01+00:00,2236,43.05270393221986,-76.14779348934398,-13,2025-12-01
1759882, 8:49:30,180,52,8.7337,21337,1,23 James Street to Hub,268626,E Willow St & N Salina St,Sy 20,2025-12-01 13:49:30+00:00,2025-12-01 13:49:01+00:00,2025-12-01 13:49:01+00:00,2236,43.05237237731023,-76.15136126617887,-29,2025-12-01
1759882, 8:50:00,174,53,8.8587,21337,1,23 James Street to Hub,268626,N Salina St & W Genesee St,Sy 20,2025-12-01 13:50:00+00:00,,2025-12-01 13:49:24.885350318+00:00,2236,,,-35,2025-12-01
1759882, 8:50:57,99,54,9.0477,21337,1,23 James Street to Hub,268626,S Salina St & Washington St,Sy 20,2025-12-01 13:50:57+00:00,2025-12-01 13:50:01+00:00,2025-12-01 13:50:01+00:00,2236,43.05029487609863,-76.15220260620117,-56,2025-12-01
1759882, 8:52:33,7987,55,9.3648,21337,1,23 James Street to Hub,268626,S Salina St & W Jefferson St,Sy 20,2025-12-01 13:52:33+00:00,2025-12-01 13:53:01+00:00,2025-12-01 13:53:01+00:00,2236,43.0472900390625,-76.15226745605469,28,2025-12-01
1759882, 8:55:00,17656,56,9.8450,21337,1,23 James Street to Hub,268626,B17,Sy 20,2025-12-01 13:55:00+00:00,2025-12-01 13:56:01+00:00,2025-12-01 13:56:01+00:00,2236,43.044406647377826,-76.15224245761303,61,2025-12-01
1759883, 9:35:00,7888,1,,21337,1,123 James Street to Hub,268633,Walmart - East Syracuse,Sy 20,2025-12-01 14:35:00+00:00,2025-12-01 14:43:01+00:00,2025-12-01 14:43:01+00:00,1778,43.06325912475586,-76.06185913085938,481,2025-12-01
1759883, 9:37:33,14862,2,1.0475,21337,1,123 James Street to Hub,268633,Bridge St & E 2nd St,Sy 20,2025-12-01 14:37:33+00:00,,2025-12-01 14:43:06+00:00,1778,,,333,2025-12-01
1759883, 9:38:45,7257,3,1.5376,21337,1,123 James Street to Hub,268633,McCool Ave & E Ellis St,Sy 20,2025-12-01 14:38:45+00:00,,2025-12-01 14:43:11+00:00,1778,,,266,2025-12-01
1759883, 9:39:00,1179,4,1.6438,21337,1,123 James Street to Hub,268633,McCool Ave & E Yates St,Sy 20,2025-12-01 14:39:00+00:00,,2025-12-01 14:43:16+00:00,1778,,,256,2025-12-01
1759883, 9:39:15,2633,5,1.7489,21337,1,123 James Street to Hub,268633,McCool Ave & E Heman St,Sy 20,2025-12-01 14:39:15+00:00,,2025-12-01 14:43:21+00:00,1778,,,246,2025-12-01
1759883, 9:39:40,4320,6,1.9242,21337,1,123 James Street to Hub,268633,McCool Ave & E Irving St,Sy 20,2025-12-01 14:39:40+00:00,,2025-12-01 14:43:26+00:00,1778,,,226,2025-12-01
1759883, 9:40:00,2556,7,2.0414,21337,1,123 James Street to Hub,268633,E Irving St & Hartwell Ave,Sy 20,2025-12-01 14:40:00+00:00,,2025-12-01 14:43:31+00:00,1778,,,211,2025-12-01
1759883, 9:42:00,7887,8,2.4099,21337,1,123 James Street to Hub,268633,Bennett Manor,Sy 20,2025-12-01 14:42:00+00:00,,2025-12-01 14:43:36+00:00,1778,,,96,2025-12-01
1759883, 9:43:41,2550,9,3.0792,21337,1,123 James Street to Hub,268633,Hartwell Ave & E Heman St,Sy 20,2025-12-01 14:43:41+00:00,,2025-12-01 14:43:41+00:00,1778,,,0,2025-12-01
1759883, 9:43:56,2542,10,3.1803,21337,1,123 James Street to Hub,268633,Hartwell Ave & E Yates St,Sy 20,2025-12-01 14:43:56+00:00,,2025-12-01 14:43:46+00:00,1778,,,-10,2025-12-01
1759883, 9:44:11,7276,11,3.2805,21337,1,123 James Street to Hub,268633,Hartwell Ave & E Ellis St,Sy 20,2025-12-01 14:44:11+00:00,,2025-12-01 14:43:51+00:00,1778,,,-20,2025-12-01
1759883, 9:44:45,7256,12,3.5084,21337,1,123 James Street to Hub,268633,E Manlius St & McCool Ave,Sy 20,2025-12-01 14:44:45+00:00,,2025-12-01 14:43:56+00:00,1778,,,-49,2025-12-01
1759883, 9:45:09,2527,13,3.6706,21337,1,123 James Street to Hub,268633,E Manlius St & Upton St,Sy 20,2025-12-01 14:45:09+00:00,2025-12-01 14:44:01+00:00,2025-12-01 14:44:01+00:00,1778,43.06386947631836,-76.06822204589844,-68,2025-12-01
1759883, 9:45:32,2526,14,3.8250,21337,1,123 James Street to Hub,268633,E Manlius St & N Center St,Sy 20,2025-12-01 14:45:32+00:00,2025-12-01 14:52:01+00:00,2025-12-01 14:52:01+00:00,1778,43.06399753277118,-76.07105020376352,389,2025-12-01
1759883, 9:45:59,7278,15,4.0053,21337,1,123 James Street to Hub,268633,W Manlius St & Silver St,Sy 20,2025-12-01 14:45:59+00:00,,2025-12-01 14:52:23.938931297+00:00,1778,,,384,2025-12-01
1759883, 9:46:13,7262,16,4.1009,21337,1,123 James Street to Hub,268633,W Manlius St & North St,Sy 20,2025-12-01 14:46:13+00:00,,2025-12-01 14:52:36.101781170+00:00,1778,,,383,2025-12-01
1759883, 9:46:42,7236,17,4.2966,21337,1,123 James Street to Hub,268633,W Manlius St & Kinne St,Sy 20,2025-12-01 14:46:42+00:00,2025-12-01 14:53:01+00:00,2025-12-01 14:53:01+00:00,1778,43.06470051217586,-76.07671908114818,379,2025-12-01
1759883, 9:47:14,1311,18,4.5119,21337,1,123 James Street to Hub,268633,Kinne St & W Yates St,Sy 20,2025-12-01 14:47:14+00:00,2025-12-01 14:54:01+00:00,2025-12-01 14:54:01+00:00,1778,43.0667891666807,-76.0767356609476,407,2025-12-01
1759883, 9:47:25,3867,19,4.5870,21337,1,123 James Street to Hub,268633,Kinne St & W Heman St,Sy 20,2025-12-01 14:47:25+00:00,,2025-12-01 14:54:12.025201859+00:00,1778,,,407,2025-12-01
1759883, 9:47:38,7615,20,4.6761,21337,1,123 James Street to Hub,268633,Kinne St & Irving St,Sy 20,2025-12-01 14:47:38+00:00,,2025-12-01 14:54:25.105701003+00:00,1778,,,407,2025-12-01
1759883, 9:48:14,2465,21,4.9206,21337,1,123 James Street to Hub,268633,Kinne St & James St,Sy 20,2025-12-01 14:48:14+00:00,2025-12-01 14:55:01+00:00,2025-12-01 14:55:01+00:00,1778,43.07017135620117,-76.07695007324219,407,2025-12-01
1759883, 9:48:30,2460,22,5.0330,21337,1,123 James Street to Hub,268633,James St & East Ave,Sy 20,2025-12-01 14:48:30+00:00,,2025-12-01 14:55:21.699815837+00:00,1778,,,411,2025-12-01
1759883, 9:48:46,2451,23,5.1452,21337,1,123 James Street to Hub,268633,James St & Highland Ave,Sy 20,2025-12-01 14:48:46+00:00,,2025-12-01 14:55:42.362799263+00:00,1778,,,416,2025-12-01
1759883, 9:49:01,2450,24,5.2464,21337,1,123 James Street to Hub,268633,James St & Roby Ave,Sy 20,2025-12-01 14:49:01+00:00,2025-12-01 14:56:01+00:00,2025-12-01 14:56:01+00:00,1778,43.07006233616879,-76.08037647448089,420,2025-12-01
1759883, 9:49:15,2446,25,5.3396,21337,1,123 James Street to Hub,268633,James St & Colfax Ave,Sy 20,2025-12-01 14:49:15+00:00,,2025-12-01 14:56:11.238008055+00:00,1778,,,416,2025-12-01
1759883, 9:49:29,2438,26,5.4328,21337,1,123 James Street to Hub,268633,James St & Schoeder St,Sy 20,2025-12-01 14:49:29+00:00,,2025-12-01 14:56:21.476016111+00:00,1778,,,412,2025-12-01
1759883, 9:50:23,462,27,5.7926,21337,1,123 James Street to Hub,268633,James St & Wegmans Plaza,Sy 20,2025-12-01 14:50:23+00:00,2025-12-01 14:57:01+00:00,2025-12-01 14:57:01+00:00,1778,43.06979347342875,-76.08707405204204,398,2025-12-01
1759883, 9:51:00,7891,28,5.9811,21337,1,123 James Street to Hub,268633,James St & Thompson Rd,Sy 20,2025-12-01 14:51:00+00:00,2025-12-01 14:58:01+00:00,2025-12-01 14:58:01+00:00,1778,43.069683441748985,-76.08950835007887,421,2025-12-01
1759883, 9:51:55,581,29,6.2688,21337,1,123 James Street to Hub,268633,James St & Clover Ridge Dr,Sy 20,2025-12-01 14:51:55+00:00,,2025-12-01 14:58:33.259390768+00:00,1778,,,398,2025-12-01
1759883, 9:52:42,569,30,6.5162,21337,1,123 James Street to Hub,268633,James St & E Milford Dr,Sy 20,2025-12-01 14:52:42+00:00,2025-12-01 14:59:01+00:00,2025-12-01 14:59:01+00:00,1778,43.069327077557965,-76.09672927856445,379,2025-12-01
1759883, 9:53:11,568,31,6.6676,21337,1,123 James Street to Hub,268633,James St & Walter Dr,Sy 20,2025-12-01 14:53:11+00:00,2025-12-01 15:00:02+00:00,2025-12-01 15:00:02+00:00,1778,43.06921473416415,-76.09866645119406,411,2025-12-01
1759883, 9:53:33,560,32,6.7859,21337,1,123 James Street to Hub,268633,James St & Lamson St,Sy 20,2025-12-01 14:53:33+00:00,,2025-12-01 15:00:22.853600239+00:00,1778,,,409,2025-12-01
1759883, 9:53:55,556,33,6.9041,21337,1,123 James Street to Hub,268633,James St & Lynwood Ave,Sy 20,2025-12-01 14:53:55+00:00,,2025-12-01 15:00:43.689572751+00:00,1778,,,408,2025-12-01
1759883, 9:54:13,549,34,7.0023,21337,1,123 James Street to Hub,268633,James St & Homecroft Rd,Sy 20,2025-12-01 14:54:13+00:00,2025-12-01 15:01:01+00:00,2025-12-01 15:01:01+00:00,1778,43.069014274467854,-76.1029523429224,408,2025-12-01
1759883, 9:54:36,546,35,7.1226,21337,1,123 James Street to Hub,268633,James St & Rigi Ave,Sy 20,2025-12-01 14:54:36+00:00,,2025-12-01 15:01:34.951081843+00:00,1778,,,418,2025-12-01
1759883, 9:54:53,10550,36,7.2149,21337,1,123 James Street to Hub,268633,James St & N Midler Ave,Sy 20,2025-12-01 14:54:53+00:00,2025-12-01 15:02:01+00:00,2025-12-01 15:02:01+00:00,1778,43.06892013549805,-76.10470518773916,428,2025-12-01
1759883, 9:55:10,539,37,7.3041,21337,1,123 James Street to Hub,268633,James St & N Edwards Ave,Sy 20,2025-12-01 14:55:10+00:00,,2025-12-01 15:03:01+00:00,1778,,,471,2025-12-01
1759883, 9:55:27,534,38,7.3933,21337,1,123 James Street to Hub,268633,James St & N Collingwood Ave,Sy 20,2025-12-01 14:55:27+00:00,2025-12-01 15:04:01+00:00,2025-12-01 15:04:01+00:00,1778,43.06883158449267,-76.10682978395556,514,2025-12-01
1759883, 9:55:42,530,39,7.4745,21337,1,123 James Street to Hub,268633,James St & Ashdale Ave,Sy 20,2025-12-01 14:55:42+00:00,,2025-12-01 15:04:20.756690997+00:00,1778,,,518,2025-12-01
1759883, 9:56:13,520,40,7.6399,21337,1,123 James Street to Hub,268633,James St & Lillian Ave,Sy 20,2025-12-01 14:56:13+00:00,2025-12-01 15:05:01+00:00,2025-12-01 15:05:01+00:00,1778,43.06869865186287,-76.11052310828006,528,2025-12-01
1759883, 9:56:36,516,41,7.7621,21337,1,123 James Street to Hub,268633,James St & Marlborough Rd,Sy 20,2025-12-01 14:56:36+00:00,2025-12-01 15:06:01+00:00,2025-12-01 15:06:01+00:00,1778,43.06863021850586,-76.11192321777344,565,2025-12-01
1759883, 9:56:57,511,42,7.8744,21337,1,123 James Street to Hub,268633,James St & North Ave,Sy 20,2025-12-01 14:56:57+00:00,2025-12-01 15:07:01+00:00,2025-12-01 15:07:01+00:00,1778,43.06855546667221,-76.11349665864985,604,2025-12-01
1759883, 9:57:08,501,43,7.9315,21337,1,123 James Street to Hub,268633,James St & Hickok Ave,Sy 20,2025-12-01 14:57:08+00:00,2025-12-01 15:08:02+00:00,2025-12-01 15:08:02+00:00,1778,43.06853103637695,-76.11400802047164,654,2025-12-01
1759883, 9:58:00,499,44,8.1570,21337,1,123 James Street to Hub,268633,James St & Mildred Ave,Sy 20,2025-12-01 14:58:00+00:00,2025-12-01 15:09:01+00:00,2025-12-01 15:09:01+00:00,1778,43.06792430219979,-76.1167739341999,661,2025-12-01
1759883, 9:58:42,484,45,8.3686,21337,1,123 James Street to Hub,268633,James St & Peck Ave,Sy 20,2025-12-01 14:58:42+00:00,,2025-12-01 15:09:37.129766647+00:00,1778,,,655,2025-12-01
1759883, 9:59:10,483,46,8.5084,21337,1,123 James Street to Hub,268633,James St & Rugby Rd,Sy 20,2025-12-01 14:59:10+00:00,2025-12-01 15:10:01+00:00,2025-12-01 15:10:01+00:00,1778,43.06578826904297,-76.12112426757812,651,2025-12-01
1759883,10:00:18,470,47,8.8471,21337,1,123 James Street to Hub,268633,James St & Hampton Rd,Sy 20,2025-12-01 15:00:18+00:00,2025-12-01 15:11:02+00:00,2025-12-01 15:11:02+00:00,1778,43.065154525468934,-76.12242486341944,644,2025-12-01
1759883,10:01:17,476,48,9.1436,21337,1,123 James Street to Hub,268633,James St & Durston Ave,Sy 20,2025-12-01 15:01:17+00:00,,2025-12-01 15:12:18.820161114+00:00,1778,,,661,2025-12-01
1759883,10:01:49,455,49,9.3064,21337,1,123 James Street to Hub,268633,James St & Sedgwick Dr,Sy 20,2025-12-01 15:01:49+00:00,2025-12-01 15:13:01+00:00,2025-12-01 15:13:01+00:00,1778,43.06219455807708,-76.12844422806141,672,2025-12-01
1759883,10:02:45,451,50,9.5858,21337,1,123 James Street to Hub,268633,James St & Dewitt St,Sy 20,2025-12-01 15:02:45+00:00,2025-12-01 15:14:01+00:00,2025-12-01 15:14:01+00:00,1778,43.061038208007815,-76.13081900856712,676,2025-12-01
1759883,10:04:00,447,51,9.9494,21337,1,123 James Street to Hub,268633,James St & Oak St,Sy 20,2025-12-01 15:04:00+00:00,,2025-12-01 15:14:48.643590303+00:00,1778,,,648,2025-12-01
1759883,10:04:18,6678,52,10.0437,21337,1,123 James Street to Hub,268633,James St & Bryant and Stratton College,Sy 20,2025-12-01 15:04:18+00:00,2025-12-01 15:15:01+00:00,2025-12-01 15:15:01+00:00,1778,43.0584876537323,-76.13608396053314,643,2025-12-01
1759883,10:05:08,443,53,10.2972,21337,1,123 James Street to Hub,268633,James St & Highland St,Sy 20,2025-12-01 15:05:08+00:00,,2025-12-01 15:15:16.624036979+00:00,1778,,,608,2025-12-01
1759883,10:05:47,438,54,10.4975,21337,1,123 James Street to Hub,268633,James St & Lodi St,Sy 20,2025-12-01 15:05:47+00:00,,2025-12-01 15:15:28.969183359+00:00,1778,,,581,2025-12-01
1759883,10:06:34,10928,55,10.7349,21337,1,123 James Street to Hub,268633,James St & Catherine St,Sy 20,2025-12-01 15:06:34+00:00,,2025-12-01 15:15:43.600924499+00:00,1778,,,549,2025-12-01
1759883,10:07:02,431,56,10.8769,21337,1,123 James Street to Hub,268633,James St & N McBride St,Sy 20,2025-12-01 15:07:02+00:00,,2025-12-01 15:15:52.352850539+00:00,1778,,,530,2025-12-01
1759883,10:07:29,425,57,11.0172,21337,1,123 James Street to Hub,268633,James St & N Townsend St,Sy 20,2025-12-01 15:07:29+00:00,2025-12-01 15:16:01+00:00,2025-12-01 15:16:01+00:00,1778,43.05387465680232,-76.14542451452036,512,2025-12-01
1759883,10:08:14,426,58,11.2483,21337,1,123 James Street to Hub,268633,James St & N State St,Sy 20,2025-12-01 15:08:14+00:00,2025-12-01 15:17:01+00:00,2025-12-01 15:17:01+00:00,1778,43.05322585567351,-76.14904182187972,527,2025-12-01
1759883,10:09:30,180,59,11.6356,21337,1,123 James Street to Hub,268633,E Willow St & N Salina St,Sy 20,2025-12-01 15:09:30+00:00,2025-12-01 15:18:00+00:00,2025-12-01 15:18:00+00:00,1778,43.05237271892491,-76.15137253946332,510,2025-12-01
1759883,10:10:00,174,60,11.7606,21337,1,123 James Street to Hub,268633,N Salina St & W Genesee St,Sy 20,2025-12-01 15:10:00+00:00,,2025-12-01 15:18:24.681528662+00:00,1778,,,504,2025-12-01
1759883,10:10:57,99,61,11.9496,21337,1,123 James Street to Hub,268633,S Salina St & Washington St,Sy 20,2025-12-01 15:10:57+00:00,2025-12-01 15:19:02+00:00,2025-12-01 15:19:02+00:00,1778,43.050150254193476,-76.15220642089844,485,2025-12-01
1759883,10:12:33,7987,62,12.2667,21337,1,123 James Street to Hub,268633,S Salina St & W Jefferson St,Sy 20,2025-12-01 15:12:33+00:00,2025-12-01 15:21:01+00:00,2025-12-01 15:21:01+00:00,1778,43.04629720052083,-76.15225219726562,508,2025-12-01
1759883,10:15:00,17656,63,12.7469,21337,1,123 James Street to Hub,268633,B17,Sy 20,2025-12-01 15:15:00+00:00,,,,,,,2025-12-01
1759884,10:58:00,7888,1,,21337,1,123 James Street to Hub,268626,Walmart - East Syracuse,Sy 20,2025-12-01 15:58:00+00:00,2025-12-01 16:03:02+00:00,2025-12-01 16:03:02+00:00,2236,43.06264170893916,-76.06135191740813,302,2025-12-01
1759884,11:01:29,14862,2,1.0475,21337,1,123 James Street to Hub,268626,Bridge St & E 2nd St,Sy 20,2025-12-01 16:01:29+00:00,2025-12-01 16:04:01+00:00,2025-12-01 16:04:01+00:00,2236,43.06170639901791,-76.06692288956552,152,2025-12-01
1759884,11:02:46,2526,3,1.4366,21337,1,123 James Street to Hub,268626,E Manlius St & N Center St,Sy 20,2025-12-01 16:02:46+00:00,2025-12-01 16:05:01+00:00,2025-12-01 16:05:01+00:00,2236,43.06396982225321,-76.0703952595339,135,2025-12-01
1759884,11:03:22,7278,4,1.6169,21337,1,123 James Street to Hub,268626,W Manlius St & Silver St,Sy 20,2025-12-01 16:03:22+00:00,,2025-12-01 16:05:46.877862595+00:00,2236,,,144,2025-12-01
1759884,11:03:41,7262,5,1.7125,21337,1,123 James Street to Hub,268626,W Manlius St & North St,Sy 20,2025-12-01 16:03:41+00:00,,2025-12-01 16:06:11.203562340+00:00,2236,,,150,2025-12-01
1759884,11:04:20,7236,6,1.9082,21337,1,123 James Street to Hub,268626,W Manlius St & Kinne St,Sy 20,2025-12-01 16:04:20+00:00,2025-12-01 16:07:01+00:00,2025-12-01 16:07:01+00:00,2236,43.06448140825544,-76.07606113978795,161,2025-12-01
1759884,11:05:03,1311,7,2.1235,21337,1,123 James Street to Hub,268626,Kinne St & W Yates St,Sy 20,2025-12-01 16:05:03+00:00,2025-12-01 16:08:01+00:00,2025-12-01 16:08:01+00:00,2236,43.066125361124676,-76.0766840616862,178,2025-12-01
1759884,11:05:18,3867,8,2.1986,21337,1,123 James Street to Hub,268626,Kinne St & W Heman St,Sy 20,2025-12-01 16:05:18+00:00,,2025-12-01 16:08:12.025201859+00:00,2236,,,174,2025-12-01
1759884,11:05:35,7615,9,2.2877,21337,1,123 James Street to Hub,268626,Kinne St & Irving St,Sy 20,2025-12-01 16:05:35+00:00,,2025-12-01 16:08:25.105701003+00:00,2236,,,170,2025-12-01
1759884,11:06:23,2465,10,2.5322,21337,1,123 James Street to Hub,268626,Kinne St & James St,Sy 20,2025-12-01 16:06:23+00:00,2025-12-01 16:09:01+00:00,2025-12-01 16:09:01+00:00,2236,43.070228576660156,-76.07711029052734,158,2025-12-01
1759884,11:06:45,2460,11,2.6446,21337,1,123 James Street to Hub,268626,James St & East Ave,Sy 20,2025-12-01 16:06:45+00:00,,2025-12-01 16:09:14.166731745+00:00,2236,,,149,2025-12-01
1759884,11:07:07,2451,12,2.7568,21337,1,123 James Street to Hub,268626,James St & Highland Ave,Sy 20,2025-12-01 16:07:07+00:00,,2025-12-01 16:09:27.310035142+00:00,2236,,,140,2025-12-01
1759884,11:07:27,2450,13,2.8581,21337,1,123 James Street to Hub,268626,James St & Roby Ave,Sy 20,2025-12-01 16:07:27+00:00,,2025-12-01 16:09:39.176493557+00:00,2236,,,132,2025-12-01
1759884,11:07:45,2446,14,2.9512,21337,1,123 James Street to Hub,268626,James St & Colfax Ave,Sy 20,2025-12-01 16:07:45+00:00,,2025-12-01 16:09:50.082389691+00:00,2236,,,125,2025-12-01
1759884,11:08:03,2438,15,3.0444,21337,1,123 James Street to Hub,268626,James St & Schoeder St,Sy 20,2025-12-01 16:08:03+00:00,2025-12-01 16:10:01+00:00,2025-12-01 16:10:01+00:00,2236,43.06992483920738,-76.08335288626249,118,2025-12-01
1759884,11:09:15,462,16,3.4042,21337,1,123 James Street to Hub,268626,James St & Wegmans Plaza,Sy 20,2025-12-01 16:09:15+00:00,2025-12-01 16:11:01+00:00,2025-12-01 16:11:01+00:00,2236,43.06976545902721,-76.08781165407414,106,2025-12-01
1759884,11:10:00,7891,17,3.5927,21337,1,123 James Street to Hub,268626,James St & Thompson Rd,Sy 20,2025-12-01 16:10:00+00:00,2025-12-01 16:12:01+00:00,2025-12-01 16:12:01+00:00,2236,43.069683441748985,-76.08950835007887,121,2025-12-01
1759884,11:11:03,581,18,3.8804,21337,1,123 James Street to Hub,268626,James St & Clover Ridge Dr,Sy 20,2025-12-01 16:11:03+00:00,,2025-12-01 16:12:26.144938091+00:00,2236,,,83,2025-12-01
1759884,11:11:57,569,19,4.1278,21337,1,123 James Street to Hub,268626,James St & E Milford Dr,Sy 20,2025-12-01 16:11:57+00:00,,2025-12-01 16:12:47.767662053+00:00,2236,,,50,2025-12-01
1759884,11:12:30,568,20,4.2792,21337,1,123 James Street to Hub,268626,James St & Walter Dr,Sy 20,2025-12-01 16:12:30+00:00,2025-12-01 16:13:01+00:00,2025-12-01 16:13:01+00:00,2236,43.06921603462913,-76.0986482446844,31,2025-12-01
1759884,11:12:56,560,21,4.3975,21337,1,123 James Street to Hub,268626,James St & Lamson St,Sy 20,2025-12-01 16:12:56+00:00,,2025-12-01 16:13:16.599999999+00:00,2236,,,20,2025-12-01
1759884,11:13:22,556,22,4.5157,21337,1,123 James Street to Hub,268626,James St & Lynwood Ave,Sy 20,2025-12-01 16:13:22+00:00,,2025-12-01 16:13:32.186813186+00:00,2236,,,10,2025-12-01
1759884,11:13:43,549,23,4.6139,21337,1,123 James Street to Hub,268626,James St & Homecroft Rd,Sy 20,2025-12-01 16:13:43+00:00,,2025-12-01 16:13:45.136263736+00:00,2236,,,2,2025-12-01
1759884,11:14:09,546,24,4.7342,21337,1,123 James Street to Hub,268626,James St & Rigi Ave,Sy 20,2025-12-01 16:14:09+00:00,2025-12-01 16:14:01+00:00,2025-12-01 16:14:01+00:00,2236,43.06894149780273,-76.10427856445312,-8,2025-12-01
1759884,11:14:29,10550,25,4.8265,21337,1,123 James Street to Hub,268626,James St & N Midler Ave,Sy 20,2025-12-01 16:14:29+00:00,,2025-12-01 16:14:21.799039527+00:00,2236,,,-7,2025-12-01
1759884,11:14:48,539,26,4.9157,21337,1,123 James Street to Hub,268626,James St & N Edwards Ave,Sy 20,2025-12-01 16:14:48+00:00,,2025-12-01 16:14:41.899519763+00:00,2236,,,-6,2025-12-01
1759884,11:15:07,534,27,5.0049,21337,1,123 James Street to Hub,268626,James St & N Collingwood Ave,Sy 20,2025-12-01 16:15:07+00:00,2025-12-01 16:15:02+00:00,2025-12-01 16:15:02+00:00,2236,43.06883208478084,-76.10777908075052,-5,2025-12-01
1759884,11:15:24,530,28,5.0861,21337,1,123 James Street to Hub,268626,James St & Ashdale Ave,Sy 20,2025-12-01 16:15:24+00:00,,2025-12-01 16:15:14.990238611+00:00,2236,,,-9,2025-12-01
1759884,11:16:00,520,29,5.2515,21337,1,123 James Street to Hub,268626,James St & Lillian Ave,Sy 20,2025-12-01 16:16:00+00:00,,2025-12-01 16:15:41.450650759+00:00,2236,,,-18,2025-12-01
1759884,11:16:26,516,30,5.3737,21337,1,123 James Street to Hub,268626,James St & Marlborough Rd,Sy 20,2025-12-01 16:16:26+00:00,2025-12-01 16:16:01+00:00,2025-12-01 16:16:01+00:00,2236,43.068628787994385,-76.11205196380615,-25,2025-12-01
1759884,11:16:50,511,31,5.4860,21337,1,123 James Street to Hub,268626,James St & North Ave,Sy 20,2025-12-01 16:16:50+00:00,,2025-12-01 16:16:18.062547480+00:00,2236,,,-31,2025-12-01
1759884,11:17:02,501,32,5.5432,21337,1,123 James Street to Hub,268626,James St & Hickok Ave,Sy 20,2025-12-01 16:17:02+00:00,,2025-12-01 16:16:26.753355279+00:00,2236,,,-35,2025-12-01
1759884,11:18:00,499,33,5.7686,21337,1,123 James Street to Hub,268626,James St & Mildred Ave,Sy 20,2025-12-01 16:18:00+00:00,2025-12-01 16:17:01+00:00,2025-12-01 16:17:01+00:00,2236,43.06792127675023,-76.11678024818157,-59,2025-12-01
1759884,11:18:42,484,34,5.9802,21337,1,123 James Street to Hub,268626,James St & Peck Ave,Sy 20,2025-12-01 16:18:42+00:00,,2025-12-01 16:18:13.861696072+00:00,2236,,,-28,2025-12-01
1759884,11:19:10,483,35,6.1200,21337,1,123 James Street to Hub,268626,James St & Rugby Rd,Sy 20,2025-12-01 16:19:10+00:00,2025-12-01 16:19:02+00:00,2025-12-01 16:19:02+00:00,2236,43.06619048118591,-76.1203122138977,-8,2025-12-01
1759884,11:20:18,470,36,6.4587,21337,1,123 James Street to Hub,268626,James St & Hampton Rd,Sy 20,2025-12-01 16:20:18+00:00,2025-12-01 16:20:01+00:00,2025-12-01 16:20:01+00:00,2236,43.06509325397548,-76.12255324178668,-17,2025-12-01
1759884,11:21:17,476,37,6.7552,21337,1,123 James Street to Hub,268626,James St & Durston Ave,Sy 20,2025-12-01 16:21:17+00:00,,2025-12-01 16:21:18.465708687+00:00,2236,,,1,2025-12-01
1759884,11:21:49,455,38,6.9180,21337,1,123 James Street to Hub,268626,James St & Sedgwick Dr,Sy 20,2025-12-01 16:21:49+00:00,2025-12-01 16:22:01+00:00,2025-12-01 16:22:01+00:00,2236,43.06244343724744,-76.12794007926152,12,2025-12-01
1759884,11:22:45,451,39,7.1974,21337,1,123 James Street to Hub,268626,James St & Dewitt St,Sy 20,2025-12-01 16:22:45+00:00,2025-12-01 16:23:01+00:00,2025-12-01 16:23:01+00:00,2236,43.061172901500356,-76.13055281205611,16,2025-12-01
1759884,11:24:00,447,40,7.5610,21337,1,123 James Street to Hub,268626,James St & Oak St,Sy 20,2025-12-01 16:24:00+00:00,2025-12-01 16:25:02+00:00,2025-12-01 16:25:02+00:00,2236,43.059244028727214,-76.13448537190756,62,2025-12-01
1759884,11:24:18,6678,41,7.6553,21337,1,123 James Street to Hub,268626,James St & Bryant and Stratton College,Sy 20,2025-12-01 16:24:18+00:00,,2025-12-01 16:25:17.996837262+00:00,2236,,,59,2025-12-01
1759884,11:25:08,443,42,7.9088,21337,1,123 James Street to Hub,268626,James St & Highland St,Sy 20,2025-12-01 16:25:08+00:00,2025-12-01 16:26:01+00:00,2025-12-01 16:26:01+00:00,2236,43.05751458336325,-76.13800733229694,53,2025-12-01
1759884,11:25:47,438,43,8.1091,21337,1,123 James Street to Hub,268626,James St & Lodi St,Sy 20,2025-12-01 16:25:47+00:00,2025-12-01 16:27:01+00:00,2025-12-01 16:27:01+00:00,2236,43.05649160166256,-76.1400978213451,74,2025-12-01
1759884,11:26:34,10928,44,8.3465,21337,1,123 James Street to Hub,268626,James St & Catherine St,Sy 20,2025-12-01 16:26:34+00:00,2025-12-01 16:28:01+00:00,2025-12-01 16:28:01+00:00,2236,43.054979191269986,-76.14317215320676,87,2025-12-01
1759884,11:27:02,431,45,8.4885,21337,1,123 James Street to Hub,268626,James St & N McBride St,Sy 20,2025-12-01 16:27:02+00:00,,2025-12-01 16:28:31.169971671+00:00,2236,,,89,2025-12-01
1759884,11:27:29,425,46,8.6289,21337,1,123 James Street to Hub,268626,James St & N Townsend St,Sy 20,2025-12-01 16:27:29+00:00,2025-12-01 16:29:01+00:00,2025-12-01 16:29:01+00:00,2236,43.05360196431478,-76.14598490397135,92,2025-12-01
1759884,11:28:14,426,47,8.8599,21337,1,123 James Street to Hub,268626,James St & N State St,Sy 20,2025-12-01 16:28:14+00:00,,2025-12-01 16:29:23.416302765+00:00,2236,,,69,2025-12-01
1759884,11:29:30,180,48,9.2472,21337,1,123 James Street to Hub,268626,E Willow St & N Salina St,Sy 20,2025-12-01 16:29:30+00:00,2025-12-01 16:30:01+00:00,2025-12-01 16:30:01+00:00,2236,43.05237260505335,-76.15136878170185,31,2025-12-01
1759884,11:30:00,174,49,9.3722,21337,1,123 James Street to Hub,268626,N Salina St & W Genesee St,Sy 20,2025-12-01 16:30:00+00:00,,2025-12-01 16:30:24.885350318+00:00,2236,,,24,2025-12-01
1759884,11:30:57,99,50,9.5612,21337,1,123 James Street to Hub,268626,S Salina St & Washington St,Sy 20,2025-12-01 16:30:57+00:00,2025-12-01 16:31:01+00:00,2025-12-01 16:31:01+00:00,2236,43.05037459205179,-76.1521993524888,4,2025-12-01
1759884,11:32:33,7987,51,9.8783,21337,1,123 James Street to Hub,268626,S Salina St & W Jefferson St,Sy 20,2025-12-01 16:32:33+00:00,2025-12-01 16:33:01+00:00,2025-12-01 16:33:01+00:00,2236,43.04600587531702,-76.15225982666016,28,2025-12-01
1759884,11:35:00,17656,52,10.3585,21337,1,123 James Street to Hub,268626,B17,Sy 20,2025-12-01 16:35:00+00:00,2025-12-01 16:35:01+00:00,2025-12-01 16:35:01+00:00,2236,43.04331333333333,-76.15106666666667,1,2025-12-01
1759885,12:18:00,7888,1,,21337,1,123 James Street to Hub,268633,Walmart - East Syracuse,Sy 20,2025-12-01 17:18:00+00:00,2025-12-01 17:21:02+00:00,2025-12-01 17:21:02+00:00,1778,43.06269836425781,-76.05977630615234,182,2025-12-01
1759885,12:21:29,14862,2,1.0475,21337,1,123 James Street to Hub,268633,Bridge St & E 2nd St,Sy 20,2025-12-01 17:21:29+00:00,2025-12-01 17:22:01+00:00,2025-12-01 17:22:01+00:00,1778,43.062320709228516,-76.06449890136719,32,2025-12-01
1759885,12:22:46,2526,3,1.4366,21337,1,123 James Street to Hub,268633,E Manlius St & N Center St,Sy 20,2025-12-01 17:22:46+00:00,2025-12-01 17:24:01+00:00,2025-12-01 17:24:01+00:00,1778,43.063968658447266,-76.07037353515625,75,2025-12-01
1759885,12:23:22,7278,4,1.6169,21337,1,123 James Street to Hub,268633,W Manlius St & Silver St,Sy 20,2025-12-01 17:23:22+00:00,,2025-12-01 17:24:40.209858644+00:00,1778,,,78,2025-12-01
1759885,12:23:41,7262,5,1.7125,21337,1,123 James Street to Hub,268633,W Manlius St & North St,Sy 20,2025-12-01 17:23:41+00:00,2025-12-01 17:25:01+00:00,2025-12-01 17:25:01+00:00,1778,43.06419504605807,-76.07446083655724,80,2025-12-01
1759885,12:24:20,7236,6,1.9082,21337,1,123 James Street to Hub,268633,W Manlius St & Kinne St,Sy 20,2025-12-01 17:24:20+00:00,,2025-12-01 17:25:29.569343065+00:00,1778,,,69,2025-12-01
1759885,12:25:03,1311,7,2.1235,21337,1,123 James Street to Hub,268633,Kinne St & W Yates St,Sy 20,2025-12-01 17:25:03+00:00,2025-12-01 17:26:01+00:00,2025-12-01 17:26:01+00:00,1778,43.06612809499105,-76.07668431599934,58,2025-12-01
1759885,12:25:18,3867,8,2.1986,21337,1,123 James Street to Hub,268633,Kinne St & W Heman St,Sy 20,2025-12-01 17:25:18+00:00,,2025-12-01 17:26:12.208955223+00:00,1778,,,54,2025-12-01
1759885,12:25:35,7615,9,2.2877,21337,1,123 James Street to Hub,268633,Kinne St & Irving St,Sy 20,2025-12-01 17:25:35+00:00,,2025-12-01 17:26:25.507462686+00:00,1778,,,50,2025-12-01
1759885,12:26:23,2465,10,2.5322,21337,1,123 James Street to Hub,268633,Kinne St & James St,Sy 20,2025-12-01 17:26:23+00:00,2025-12-01 17:27:02+00:00,2025-12-01 17:27:02+00:00,1778,43.070228237575954,-76.07711385091146,39,2025-12-01
1759885,12:26:45,2460,11,2.6446,21337,1,123 James Street to Hub,268633,James St & East Ave,Sy 20,2025-12-01 17:26:45+00:00,,2025-12-01 17:27:14.947286216+00:00,1778,,,29,2025-12-01
1759885,12:27:07,2451,12,2.7568,21337,1,123 James Street to Hub,268633,James St & Highland Ave,Sy 20,2025-12-01 17:27:07+00:00,,2025-12-01 17:27:27.871534556+00:00,1778,,,20,2025-12-01
1759885,12:27:27,2450,13,2.8581,21337,1,123 James Street to Hub,268633,James St & Roby Ave,Sy 20,2025-12-01 17:27:27+00:00,,2025-12-01 17:27:39.540218664+00:00,1778,,,12,2025-12-01
1759885,12:27:45,2446,14,2.9512,21337,1,123 James Street to Hub,268633,James St & Colfax Ave,Sy 20,2025-12-01 17:27:45+00:00,,2025-12-01 17:27:50.264349863+00:00,1778,,,5,2025-12-01
1759885,12:28:03,2438,15,3.0444,21337,1,123 James Street to Hub,268633,James St & Schoeder St,Sy 20,2025-12-01 17:28:03+00:00,2025-12-01 17:28:01+00:00,2025-12-01 17:28:01+00:00,1778,43.06984489842465,-76.08516492341694,-2,2025-12-01
1759885,12:29:15,462,16,3.4042,21337,1,123 James Street to Hub,268633,James St & Wegmans Plaza,Sy 20,2025-12-01 17:29:15+00:00,2025-12-01 17:29:01+00:00,2025-12-01 17:29:01+00:00,1778,43.06976064046224,-76.08801778157552,-14,2025-12-01
1759885,12:30:00,7891,17,3.5927,21337,1,123 James Street to Hub,268633,James St & Thompson Rd,Sy 20,2025-12-01 17:30:00+00:00,2025-12-01 17:30:01+00:00,2025-12-01 17:30:01+00:00,1778,43.06972885131836,-76.08998107910156,1,2025-12-01
1759885,12:31:03,581,18,3.8804,21337,1,123 James Street to Hub,268633,James St & Clover Ridge Dr,Sy 20,2025-12-01 17:31:03+00:00,2025-12-01 17:31:02+00:00,2025-12-01 17:31:02+00:00,1778,43.069493452707924,-76.09277280171712,-1,2025-12-01
1759885,12:31:57,569,19,4.1278,21337,1,123 James Street to Hub,268633,James St & E Milford Dr,Sy 20,2025-12-01 17:31:57+00:00,2025-12-01 17:32:01+00:00,2025-12-01 17:32:01+00:00,1778,43.06933432110285,-76.09604218046545,4,2025-12-01
1759885,12:32:30,568,20,4.2792,21337,1,123 James Street to Hub,268633,James St & Walter Dr,Sy 20,2025-12-01 17:32:30+00:00,2025-12-01 17:33:01+00:00,2025-12-01 17:33:01+00:00,1778,43.0692867155998,-76.09784698486328,31,2025-12-01
1759885,12:32:56,560,21,4.3975,21337,1,123 James Street to Hub,268633,James St & Lamson St,Sy 20,2025-12-01 17:32:56+00:00,2025-12-01 17:34:02+00:00,2025-12-01 17:34:02+00:00,1778,43.06917377048069,-76.0995091756185,66,2025-12-01
1759885,12:33:22,556,22,4.5157,21337,1,123 James Street to Hub,268633,James St & Lynwood Ave,Sy 20,2025-12-01 17:33:22+00:00,,2025-12-01 17:34:34.226432532+00:00,1778,,,72,2025-12-01
1759885,12:33:43,549,23,4.6139,21337,1,123 James Street to Hub,268633,James St & Homecroft Rd,Sy 20,2025-12-01 17:33:43+00:00,2025-12-01 17:35:01+00:00,2025-12-01 17:35:01+00:00,1778,43.06902358491542,-76.10272074553926,78,2025-12-01
1759885,12:34:09,546,24,4.7342,21337,1,123 James Street to Hub,268633,James St & Rigi Ave,Sy 20,2025-12-01 17:34:09+00:00,,2025-12-01 17:35:34.951081843+00:00,1778,,,85,2025-12-01
1759885,12:34:29,10550,25,4.8265,21337,1,123 James Street to Hub,268633,James St & N Midler Ave,Sy 20,2025-12-01 17:34:29+00:00,2025-12-01 17:36:01+00:00,2025-12-01 17:36:01+00:00,1778,43.06892013549805,-76.10469818115234,92,2025-12-01
1759885,12:34:48,539,26,4.9157,21337,1,123 James Street to Hub,268633,James St & N Edwards Ave,Sy 20,2025-12-01 17:34:48+00:00,2025-12-01 17:37:01+00:00,2025-12-01 17:37:01+00:00,1778,43.06887080751616,-76.10577418886382,133,2025-12-01
1759885,12:35:07,534,27,5.0049,21337,1,123 James Street to Hub,268633,James St & N Collingwood Ave,Sy 20,2025-12-01 17:35:07+00:00,,2025-12-01 17:37:32.931924882+00:00,1778,,,145,2025-12-01
1759885,12:35:24,530,28,5.0861,21337,1,123 James Street to Hub,268633,James St & Ashdale Ave,Sy 20,2025-12-01 17:35:24+00:00,2025-12-01 17:38:02+00:00,2025-12-01 17:38:02+00:00,1778,43.068819702648725,-76.10802672339267,158,2025-12-01
1759885,12:36:00,520,29,5.2515,21337,1,123 James Street to Hub,268633,James St & Lillian Ave,Sy 20,2025-12-01 17:36:00+00:00,,2025-12-01 17:38:45.059724349+00:00,1778,,,165,2025-12-01
1759885,12:36:26,516,30,5.3737,21337,1,123 James Street to Hub,268633,James St & Marlborough Rd,Sy 20,2025-12-01 17:36:26+00:00,,2025-12-01 17:39:16.872894333+00:00,1778,,,170,2025-12-01
1759885,12:36:50,511,31,5.4860,21337,1,123 James Street to Hub,268633,James St & North Ave,Sy 20,2025-12-01 17:36:50+00:00,,2025-12-01 17:39:46.108728943+00:00,1778,,,176,2025-12-01
1759885,12:37:02,501,32,5.5432,21337,1,123 James Street to Hub,268633,James St & Hickok Ave,Sy 20,2025-12-01 17:37:02+00:00,2025-12-01 17:40:01+00:00,2025-12-01 17:40:01+00:00,1778,43.068526854881874,-76.11404991149902,179,2025-12-01
1759885,12:38:00,499,33,5.7686,21337,1,123 James Street to Hub,268633,James St & Mildred Ave,Sy 20,2025-12-01 17:38:00+00:00,2025-12-01 17:41:01+00:00,2025-12-01 17:41:01+00:00,1778,43.06792732764934,-76.11676762021821,181,2025-12-01
1759885,12:38:42,484,34,5.9802,21337,1,123 James Street to Hub,268633,James St & Peck Ave,Sy 20,2025-12-01 17:38:42+00:00,,2025-12-01 17:41:37.129766647+00:00,1778,,,175,2025-12-01
1759885,12:39:10,483,35,6.1200,21337,1,123 James Street to Hub,268633,James St & Rugby Rd,Sy 20,2025-12-01 17:39:10+00:00,2025-12-01 17:42:01+00:00,2025-12-01 17:42:01+00:00,1778,43.066046357154846,-76.12060046195984,171,2025-12-01
1759885,12:40:18,470,36,6.4587,21337,1,123 James Street to Hub,268633,James St & Hampton Rd,Sy 20,2025-12-01 17:40:18+00:00,2025-12-01 17:43:01+00:00,2025-12-01 17:43:01+00:00,1778,43.064745633107314,-76.12324768642209,163,2025-12-01
1759885,12:41:17,476,37,6.7552,21337,1,123 James Street to Hub,268633,James St & Durston Ave,Sy 20,2025-12-01 17:41:17+00:00,,2025-12-01 17:43:49.567077297+00:00,1778,,,152,2025-12-01
1759885,12:41:49,455,38,6.9180,21337,1,123 James Street to Hub,268633,James St & Sedgwick Dr,Sy 20,2025-12-01 17:41:49+00:00,,2025-12-01 17:44:16.233924461+00:00,1778,,,147,2025-12-01
1759885,12:42:45,451,39,7.1974,21337,1,123 James Street to Hub,268633,James St & Dewitt St,Sy 20,2025-12-01 17:42:45+00:00,2025-12-01 17:45:02+00:00,2025-12-01 17:45:02+00:00,1778,43.061038208007815,-76.13081900856712,137,2025-12-01
1759885,12:44:00,447,40,7.5610,21337,1,123 James Street to Hub,268633,James St & Oak St,Sy 20,2025-12-01 17:44:00+00:00,,2025-12-01 17:46:36.493120768+00:00,1778,,,156,2025-12-01
1759885,12:44:18,6678,41,7.6553,21337,1,123 James Street to Hub,268633,James St & Bryant and Stratton College,Sy 20,2025-12-01 17:44:18+00:00,2025-12-01 17:47:01+00:00,2025-12-01 17:47:01+00:00,1778,43.05849099159241,-76.13607800006866,163,2025-12-01
1759885,12:45:08,443,42,7.9088,21337,1,123 James Street to Hub,268633,James St & Highland St,Sy 20,2025-12-01 17:45:08+00:00,,2025-12-01 17:48:08.033935654+00:00,1778,,,180,2025-12-01
1759885,12:45:47,438,43,8.1091,21337,1,123 James Street to Hub,268633,James St & Lodi St,Sy 20,2025-12-01 17:45:47+00:00,2025-12-01 17:49:01+00:00,2025-12-01 17:49:01+00:00,1778,43.05620784759522,-76.14071439107259,194,2025-12-01
1759885,12:46:34,10928,44,8.3465,21337,1,123 James Street to Hub,268633,James St & Catherine St,Sy 20,2025-12-01 17:46:34+00:00,,2025-12-01 17:49:38.543489720+00:00,1778,,,184,2025-12-01
1759885,12:47:02,431,45,8.4885,21337,1,123 James Street to Hub,268633,James St & N McBride St,Sy 20,2025-12-01 17:47:02+00:00,2025-12-01 17:50:01+00:00,2025-12-01 17:50:01+00:00,1778,43.054578037585244,-76.14398723537639,179,2025-12-01
1759885,12:47:29,425,46,8.6289,21337,1,123 James Street to Hub,268633,James St & N Townsend St,Sy 20,2025-12-01 17:47:29+00:00,2025-12-01 17:52:02+00:00,2025-12-01 17:52:02+00:00,1778,43.05359077453613,-76.14600677490235,273,2025-12-01
1759885,12:48:14,426,47,8.8599,21337,1,123 James Street to Hub,268633,James St & N State St,Sy 20,2025-12-01 17:48:14+00:00,,2025-12-01 17:52:24.416302765+00:00,1778,,,250,2025-12-01
1759885,12:49:30,180,48,9.2472,21337,1,123 James Street to Hub,268633,E Willow St & N Salina St,Sy 20,2025-12-01 17:49:30+00:00,2025-12-01 17:53:02+00:00,2025-12-01 17:53:02+00:00,1778,43.052372832796465,-76.15137629722481,212,2025-12-01
1759885,12:50:00,174,49,9.3722,21337,1,123 James Street to Hub,268633,N Salina St & W Genesee St,Sy 20,2025-12-01 17:50:00+00:00,,2025-12-01 17:53:49.372611464+00:00,1778,,,229,2025-12-01
1759885,12:50:57,99,50,9.5612,21337,1,123 James Street to Hub,268633,S Salina St & Washington St,Sy 20,2025-12-01 17:50:57+00:00,2025-12-01 17:55:01+00:00,2025-12-01 17:55:01+00:00,1778,43.04969024658203,-76.15220642089844,244,2025-12-01
1759885,12:52:33,7987,51,9.8783,21337,1,123 James Street to Hub,268633,S Salina St & W Jefferson St,Sy 20,2025-12-01 17:52:33+00:00,2025-12-01 17:56:01+00:00,2025-12-01 17:56:01+00:00,1778,43.04786499023437,-76.15225219726562,208,2025-12-01
1759885,12:55:00,17656,52,10.3585,21337,1,123 James Street to Hub,268633,B17,Sy 20,2025-12-01 17:55:00+00:00,,,,,,,2025-12-01
1759886,13:35:00,7888,1,,21337,1,123 James Street to Hub,268626,Walmart - East Syracuse,Sy 20,2025-12-01 18:35:00+00:00,2025-12-01 18:38:01+00:00,2025-12-01 18:38:01+00:00,2236,43.062408447265625,-76.05928039550781,181,2025-12-01
1759886,13:37:33,14862,2,1.0475,21337,1,123 James Street to Hub,268626,Bridge St & E 2nd St,Sy 20,2025-12-01 18:37:33+00:00,,2025-12-01 18:38:06.083333333+00:00,2236,,,33,2025-12-01
1759886,13:38:45,7257,3,1.5376,21337,1,123 James Street to Hub,268626,McCool Ave & E Ellis St,Sy 20,2025-12-01 18:38:45+00:00,,2025-12-01 18:38:11.166666666+00:00,2236,,,-33,2025-12-01
1759886,13:39:00,1179,4,1.6438,21337,1,123 James Street to Hub,268626,McCool Ave & E Yates St,Sy 20,2025-12-01 18:39:00+00:00,,2025-12-01 18:38:16.250000+00:00,2236,,,-43,2025-12-01
1759886,13:39:15,2633,5,1.7489,21337,1,123 James Street to Hub,268626,McCool Ave & E Heman St,Sy 20,2025-12-01 18:39:15+00:00,,2025-12-01 18:38:21.333333333+00:00,2236,,,-53,2025-12-01
1759886,13:39:40,4320,6,1.9242,21337,1,123 James Street to Hub,268626,McCool Ave & E Irving St,Sy 20,2025-12-01 18:39:40+00:00,,2025-12-01 18:38:26.416666666+00:00,2236,,,-73,2025-12-01
1759886,13:40:00,2556,7,2.0414,21337,1,123 James Street to Hub,268626,E Irving St & Hartwell Ave,Sy 20,2025-12-01 18:40:00+00:00,,2025-12-01 18:38:31.500000+00:00,2236,,,-88,2025-12-01
1759886,13:42:00,7887,8,2.4099,21337,1,123 James Street to Hub,268626,Bennett Manor,Sy 20,2025-12-01 18:42:00+00:00,,2025-12-01 18:38:36.583333333+00:00,2236,,,-203,2025-12-01
1759886,13:43:41,2550,9,3.0792,21337,1,123 James Street to Hub,268626,Hartwell Ave & E Heman St,Sy 20,2025-12-01 18:43:41+00:00,,2025-12-01 18:38:41.666666666+00:00,2236,,,-299,2025-12-01
1759886,13:43:56,2542,10,3.1803,21337,1,123 James Street to Hub,268626,Hartwell Ave & E Yates St,Sy 20,2025-12-01 18:43:56+00:00,,2025-12-01 18:38:46.750000+00:00,2236,,,-309,2025-12-01
1759886,13:44:11,7276,11,3.2805,21337,1,123 James Street to Hub,268626,Hartwell Ave & E Ellis St,Sy 20,2025-12-01 18:44:11+00:00,,2025-12-01 18:38:51.833333333+00:00,2236,,,-319,2025-12-01
1759886,13:44:45,7256,12,3.5084,21337,1,123 James Street to Hub,268626,E Manlius St & McCool Ave,Sy 20,2025-12-01 18:44:45+00:00,,2025-12-01 18:38:56.916666666+00:00,2236,,,-348,2025-12-01
1759886,13:45:09,2527,13,3.6706,21337,1,123 James Street to Hub,268626,E Manlius St & Upton St,Sy 20,2025-12-01 18:45:09+00:00,2025-12-01 18:39:02+00:00,2025-12-01 18:39:02+00:00,2236,43.06364059448242,-76.06890106201172,-367,2025-12-01
1759886,13:45:32,2526,14,3.8250,21337,1,123 James Street to Hub,268626,E Manlius St & N Center St,Sy 20,2025-12-01 18:45:32+00:00,2025-12-01 18:46:02+00:00,2025-12-01 18:46:02+00:00,2236,43.064029693603516,-76.07093048095703,30,2025-12-01
1759886,13:45:59,7278,15,4.0053,21337,1,123 James Street to Hub,268626,W Manlius St & Silver St,Sy 20,2025-12-01 18:45:59+00:00,,2025-12-01 18:46:24.556615776+00:00,2236,,,25,2025-12-01
1759886,13:46:13,7262,16,4.1009,21337,1,123 James Street to Hub,268626,W Manlius St & North St,Sy 20,2025-12-01 18:46:13+00:00,,2025-12-01 18:46:36.516751484+00:00,2236,,,23,2025-12-01
1759886,13:46:42,7236,17,4.2966,21337,1,123 James Street to Hub,268626,W Manlius St & Kinne St,Sy 20,2025-12-01 18:46:42+00:00,2025-12-01 18:47:01+00:00,2025-12-01 18:47:01+00:00,2236,43.06449067252023,-76.07609601702009,19,2025-12-01
1759886,13:47:14,1311,18,4.5119,21337,1,123 James Street to Hub,268626,Kinne St & W Yates St,Sy 20,2025-12-01 18:47:14+00:00,,2025-12-01 18:47:35.039525691+00:00,2236,,,21,2025-12-01
1759886,13:47:25,3867,19,4.5870,21337,1,123 James Street to Hub,268626,Kinne St & W Heman St,Sy 20,2025-12-01 18:47:25+00:00,,2025-12-01 18:47:46.913043478+00:00,2236,,,21,2025-12-01
1759886,13:47:38,7615,20,4.6761,21337,1,123 James Street to Hub,268626,Kinne St & Irving St,Sy 20,2025-12-01 18:47:38+00:00,2025-12-01 18:48:01+00:00,2025-12-01 18:48:01+00:00,2236,43.068097081677664,-76.07684839182886,23,2025-12-01
1759886,13:48:14,2465,21,4.9206,21337,1,123 James Street to Hub,268626,Kinne St & James St,Sy 20,2025-12-01 18:48:14+00:00,2025-12-01 18:49:01+00:00,2025-12-01 18:49:01+00:00,2236,43.0701900775616,-76.07759775015025,47,2025-12-01
1759886,13:48:30,2460,22,5.0330,21337,1,123 James Street to Hub,268626,James St & East Ave,Sy 20,2025-12-01 18:48:30+00:00,,2025-12-01 18:49:14.166731745+00:00,2236,,,44,2025-12-01
1759886,13:48:46,2451,23,5.1452,21337,1,123 James Street to Hub,268626,James St & Highland Ave,Sy 20,2025-12-01 18:48:46+00:00,,2025-12-01 18:49:27.310035142+00:00,2236,,,41,2025-12-01
1759886,13:49:01,2450,24,5.2464,21337,1,123 James Street to Hub,268626,James St & Roby Ave,Sy 20,2025-12-01 18:49:01+00:00,,2025-12-01 18:49:39.164779383+00:00,2236,,,38,2025-12-01
1759886,13:49:15,2446,25,5.3396,21337,1,123 James Street to Hub,268626,James St & Colfax Ave,Sy 20,2025-12-01 18:49:15+00:00,,2025-12-01 18:49:50.082389691+00:00,2236,,,35,2025-12-01
1759886,13:49:29,2438,26,5.4328,21337,1,123 James Street to Hub,268626,James St & Schoeder St,Sy 20,2025-12-01 18:49:29+00:00,2025-12-01 18:50:01+00:00,2025-12-01 18:50:01+00:00,2236,43.069925964855756,-76.08333037329501,32,2025-12-01
1759886,13:50:23,462,27,5.7926,21337,1,123 James Street to Hub,268626,James St & Wegmans Plaza,Sy 20,2025-12-01 18:50:23+00:00,2025-12-01 18:51:02+00:00,2025-12-01 18:51:02+00:00,2236,43.06974859798656,-76.0882236256319,39,2025-12-01
1759886,13:51:00,7891,28,5.9811,21337,1,123 James Street to Hub,268626,James St & Thompson Rd,Sy 20,2025-12-01 18:51:00+00:00,2025-12-01 18:52:01+00:00,2025-12-01 18:52:01+00:00,2236,43.0696040459399,-76.09113714829931,61,2025-12-01
1759886,13:51:55,581,29,6.2688,21337,1,123 James Street to Hub,268626,James St & Clover Ridge Dr,Sy 20,2025-12-01 18:51:55+00:00,,2025-12-01 18:52:33.259390768+00:00,2236,,,38,2025-12-01
1759886,13:52:42,569,30,6.5162,21337,1,123 James Street to Hub,268626,James St & E Milford Dr,Sy 20,2025-12-01 18:52:42+00:00,2025-12-01 18:53:01+00:00,2025-12-01 18:53:01+00:00,2236,43.069327077557965,-76.09672927856445,19,2025-12-01
1759886,13:53:11,568,31,6.6676,21337,1,123 James Street to Hub,268626,James St & Walter Dr,Sy 20,2025-12-01 18:53:11+00:00,,2025-12-01 18:53:15.980211081+00:00,2236,,,4,2025-12-01
1759886,13:53:33,560,32,6.7859,21337,1,123 James Street to Hub,268626,James St & Lamson St,Sy 20,2025-12-01 18:53:33+00:00,,2025-12-01 18:53:27.685356200+00:00,2236,,,-5,2025-12-01
1759886,13:53:55,556,33,6.9041,21337,1,123 James Street to Hub,268626,James St & Lynwood Ave,Sy 20,2025-12-01 18:53:55+00:00,,2025-12-01 18:53:39.380606860+00:00,2236,,,-15,2025-12-01
1759886,13:54:13,549,34,7.0023,21337,1,123 James Street to Hub,268626,James St & Homecroft Rd,Sy 20,2025-12-01 18:54:13+00:00,,2025-12-01 18:53:49.096965699+00:00,2236,,,-23,2025-12-01
1759886,13:54:36,546,35,7.1226,21337,1,123 James Street to Hub,268626,James St & Rigi Ave,Sy 20,2025-12-01 18:54:36+00:00,2025-12-01 18:54:01+00:00,2025-12-01 18:54:01+00:00,2236,43.068942642211915,-76.10425567626953,-35,2025-12-01
1759886,13:54:53,10550,36,7.2149,21337,1,123 James Street to Hub,268626,James St & N Midler Ave,Sy 20,2025-12-01 18:54:53+00:00,,2025-12-01 18:54:31.512396694+00:00,2236,,,-21,2025-12-01
1759886,13:55:10,539,37,7.3041,21337,1,123 James Street to Hub,268626,James St & N Edwards Ave,Sy 20,2025-12-01 18:55:10+00:00,2025-12-01 18:55:01+00:00,2025-12-01 18:55:01+00:00,2236,43.068851470947266,-76.10636017287987,-9,2025-12-01
1759886,13:55:27,534,38,7.3933,21337,1,123 James Street to Hub,268626,James St & N Collingwood Ave,Sy 20,2025-12-01 18:55:27+00:00,,2025-12-01 18:55:32.408450704+00:00,2236,,,5,2025-12-01
1759886,13:55:42,530,39,7.4745,21337,1,123 James Street to Hub,268626,James St & Ashdale Ave,Sy 20,2025-12-01 18:55:42+00:00,2025-12-01 18:56:01+00:00,2025-12-01 18:56:01+00:00,2236,43.06878202788684,-76.10859399912309,19,2025-12-01
1759886,13:56:13,520,40,7.6399,21337,1,123 James Street to Hub,268626,James St & Lillian Ave,Sy 20,2025-12-01 18:56:13+00:00,,2025-12-01 18:56:22.715536105+00:00,2236,,,9,2025-12-01
1759886,13:56:36,516,41,7.7621,21337,1,123 James Street to Hub,268626,James St & Marlborough Rd,Sy 20,2025-12-01 18:56:36+00:00,,2025-12-01 18:56:38.759299781+00:00,2236,,,2,2025-12-01
1759886,13:56:57,511,42,7.8744,21337,1,123 James Street to Hub,268626,James St & North Ave,Sy 20,2025-12-01 18:56:57+00:00,,2025-12-01 18:56:53.503282275+00:00,2236,,,-3,2025-12-01
1759886,13:57:08,501,43,7.9315,21337,1,123 James Street to Hub,268626,James St & Hickok Ave,Sy 20,2025-12-01 18:57:08+00:00,2025-12-01 18:57:01+00:00,2025-12-01 18:57:01+00:00,2236,43.06851563086877,-76.11417887761043,-7,2025-12-01
1759886,13:58:00,499,44,8.1570,21337,1,123 James Street to Hub,268626,James St & Mildred Ave,Sy 20,2025-12-01 18:58:00+00:00,,2025-12-01 18:57:31.954015099+00:00,2236,,,-28,2025-12-01
1759886,13:58:42,484,45,8.3686,21337,1,123 James Street to Hub,268626,James St & Peck Ave,Sy 20,2025-12-01 18:58:42+00:00,2025-12-01 18:58:01+00:00,2025-12-01 18:58:01+00:00,2236,43.06710902431555,-76.11842065108449,-41,2025-12-01
1759886,13:59:10,483,46,8.5084,21337,1,123 James Street to Hub,268626,James St & Rugby Rd,Sy 20,2025-12-01 18:59:10+00:00,2025-12-01 18:59:01+00:00,2025-12-01 18:59:01+00:00,2236,43.06565964221954,-76.12138152122498,-9,2025-12-01
1759886,14:00:18,470,47,8.8471,21337,1,123 James Street to Hub,268626,James St & Hampton Rd,Sy 20,2025-12-01 19:00:18+00:00,2025-12-01 19:00:01+00:00,2025-12-01 19:00:01+00:00,2236,43.06408197739545,-76.12460372027229,-17,2025-12-01
1759886,14:01:17,476,48,9.1436,21337,1,123 James Street to Hub,268626,James St & Durston Ave,Sy 20,2025-12-01 19:01:17+00:00,,2025-12-01 19:00:25.484229051+00:00,2236,,,-51,2025-12-01
1759886,14:01:49,455,49,9.3064,21337,1,123 James Street to Hub,268626,James St & Sedgwick Dr,Sy 20,2025-12-01 19:01:49+00:00,,2025-12-01 19:00:38.927846216+00:00,2236,,,-70,2025-12-01
1759886,14:02:45,451,50,9.5858,21337,1,123 James Street to Hub,268626,James St & Dewitt St,Sy 20,2025-12-01 19:02:45+00:00,2025-12-01 19:01:02+00:00,2025-12-01 19:01:02+00:00,2236,43.061058044433594,-76.13077753240412,-103,2025-12-01
1759886,14:04:00,447,51,9.9494,21337,1,123 James Street to Hub,268626,James St & Oak St,Sy 20,2025-12-01 19:04:00+00:00,,2025-12-01 19:02:36.493120768+00:00,2236,,,-83,2025-12-01
1759886,14:04:18,6678,52,10.0437,21337,1,123 James Street to Hub,268626,James St & Bryant and Stratton College,Sy 20,2025-12-01 19:04:18+00:00,2025-12-01 19:03:01+00:00,2025-12-01 19:03:01+00:00,2236,43.05877061323686,-76.13545365767045,-77,2025-12-01
1759886,14:05:08,443,53,10.2972,21337,1,123 James Street to Hub,268626,James St & Highland St,Sy 20,2025-12-01 19:05:08+00:00,2025-12-01 19:04:01+00:00,2025-12-01 19:04:01+00:00,2236,43.057185503901266,-76.1387273048868,-67,2025-12-01
1759886,14:05:47,438,54,10.4975,21337,1,123 James Street to Hub,268626,James St & Lodi St,Sy 20,2025-12-01 19:05:47+00:00,2025-12-01 19:11:01+00:00,2025-12-01 19:11:01+00:00,2236,43.05621471405029,-76.14070269266765,314,2025-12-01
1759886,14:06:34,10928,55,10.7349,21337,1,123 James Street to Hub,268626,James St & Catherine St,Sy 20,2025-12-01 19:06:34+00:00,,2025-12-01 19:11:38.543489720+00:00,2236,,,304,2025-12-01
1759886,14:07:02,431,56,10.8769,21337,1,123 James Street to Hub,268626,James St & N McBride St,Sy 20,2025-12-01 19:07:02+00:00,2025-12-01 19:12:01+00:00,2025-12-01 19:12:01+00:00,2236,43.05429386642744,-76.14457083648105,299,2025-12-01
1759886,14:07:29,425,57,11.0172,21337,1,123 James Street to Hub,268626,James St & N Townsend St,Sy 20,2025-12-01 19:07:29+00:00,,2025-12-01 19:12:24.043349488+00:00,2236,,,295,2025-12-01
1759886,14:08:14,426,58,11.2483,21337,1,123 James Street to Hub,268626,James St & N State St,Sy 20,2025-12-01 19:08:14+00:00,2025-12-01 19:13:02+00:00,2025-12-01 19:13:02+00:00,2236,43.052458398992364,-76.1483711936257,288,2025-12-01
1759886,14:09:30,180,59,11.6356,21337,1,123 James Street to Hub,268626,E Willow St & N Salina St,Sy 20,2025-12-01 19:09:30+00:00,,2025-12-01 19:15:18.080421627+00:00,2236,,,348,2025-12-01
1759886,14:10:00,174,60,11.7606,21337,1,123 James Street to Hub,268626,N Salina St & W Genesee St,Sy 20,2025-12-01 19:10:00+00:00,2025-12-01 19:16:02+00:00,2025-12-01 19:16:02+00:00,2236,43.051090240478516,-76.15217590332031,362,2025-12-01
1759886,14:10:57,99,61,11.9496,21337,1,123 James Street to Hub,268626,S Salina St & Washington St,Sy 20,2025-12-01 19:10:57+00:00,2025-12-01 19:17:01+00:00,2025-12-01 19:17:01+00:00,2236,43.0497932434082,-76.1523208618164,364,2025-12-01
1759886,14:12:33,7987,62,12.2667,21337,1,123 James Street to Hub,268626,S Salina St & W Jefferson St,Sy 20,2025-12-01 19:12:33+00:00,2025-12-01 19:18:01+00:00,2025-12-01 19:18:01+00:00,2236,43.046785551926185,-76.15225219726562,328,2025-12-01
1759886,14:15:00,17656,63,12.7469,21337,1,123 James Street to Hub,268626,B17,Sy 20,2025-12-01 19:15:00+00:00,,,,,,,2025-12-01
1759887,14:58:00,7888,1,,21337,1,123 James Street to Hub,268633,Walmart - East Syracuse,Sy 20,2025-12-01 19:58:00+00:00,2025-12-01 20:18:01+00:00,2025-12-01 20:18:01+00:00,1778,43.06273490504215,-76.06067416542454,1201,2025-12-01
1759887,15:01:29,14862,2,1.0475,21337,1,123 James Street to Hub,268633,Bridge St & E 2nd St,Sy 20,2025-12-01 20:01:29+00:00,2025-12-01 20:19:01+00:00,2025-12-01 20:19:01+00:00,1778,43.061878141809686,-76.06524870825595,1052,2025-12-01
1759887,15:02:46,2526,3,1.4366,21337,1,123 James Street to Hub,268633,E Manlius St & N Center St,Sy 20,2025-12-01 20:02:46+00:00,2025-12-01 20:21:02+00:00,2025-12-01 20:21:02+00:00,1778,43.06399706326998,-76.07104081373949,1096,2025-12-01
1759887,15:03:22,7278,4,1.6169,21337,1,123 James Street to Hub,268633,W Manlius St & Silver St,Sy 20,2025-12-01 20:03:22+00:00,,2025-12-01 20:21:24.556615776+00:00,1778,,,1082,2025-12-01
1759887,15:03:41,7262,5,1.7125,21337,1,123 James Street to Hub,268633,W Manlius St & North St,Sy 20,2025-12-01 20:03:41+00:00,,2025-12-01 20:21:36.516751484+00:00,1778,,,1075,2025-12-01
1759887,15:04:20,7236,6,1.9082,21337,1,123 James Street to Hub,268633,W Manlius St & Kinne St,Sy 20,2025-12-01 20:04:20+00:00,2025-12-01 20:22:01+00:00,2025-12-01 20:22:01+00:00,1778,43.064487893240795,-76.07608555385045,1061,2025-12-01
1759887,15:05:03,1311,7,2.1235,21337,1,123 James Street to Hub,268633,Kinne St & W Yates St,Sy 20,2025-12-01 20:05:03+00:00,2025-12-01 20:23:01+00:00,2025-12-01 20:23:01+00:00,1778,43.066778380295325,-76.07673460861733,1078,2025-12-01
1759887,15:05:18,3867,8,2.1986,21337,1,123 James Street to Hub,268633,Kinne St & W Heman St,Sy 20,2025-12-01 20:05:18+00:00,,2025-12-01 20:23:12.025201859+00:00,1778,,,1074,2025-12-01
1759887,15:05:35,7615,9,2.2877,21337,1,123 James Street to Hub,268633,Kinne St & Irving St,Sy 20,2025-12-01 20:05:35+00:00,,2025-12-01 20:23:25.105701003+00:00,1778,,,1070,2025-12-01
1759887,15:06:23,2465,10,2.5322,21337,1,123 James Street to Hub,268633,Kinne St & James St,Sy 20,2025-12-01 20:06:23+00:00,2025-12-01 20:24:01+00:00,2025-12-01 20:24:01+00:00,1778,43.069749278406945,-76.07697271531627,1058,2025-12-01
1759887,15:06:45,2460,11,2.6446,21337,1,123 James Street to Hub,268633,James St & East Ave,Sy 20,2025-12-01 20:06:45+00:00,,2025-12-01 20:24:21.693464252+00:00,1778,,,1056,2025-12-01
1759887,15:07:07,2451,12,2.7568,21337,1,123 James Street to Hub,268633,James St & Highland Ave,Sy 20,2025-12-01 20:07:07+00:00,,2025-12-01 20:24:42.350107394+00:00,1778,,,1055,2025-12-01
1759887,15:07:27,2450,13,2.8581,21337,1,123 James Street to Hub,268633,James St & Roby Ave,Sy 20,2025-12-01 20:07:27+00:00,2025-12-01 20:25:01+00:00,2025-12-01 20:25:01+00:00,1778,43.07001091452206,-76.08147879207836,1054,2025-12-01
1759887,15:07:45,2446,14,2.9512,21337,1,123 James Street to Hub,268633,James St & Colfax Ave,Sy 20,2025-12-01 20:07:45+00:00,,2025-12-01 20:25:11.228895806+00:00,1778,,,1046,2025-12-01
1759887,15:08:03,2438,15,3.0444,21337,1,123 James Street to Hub,268633,James St & Schoeder St,Sy 20,2025-12-01 20:08:03+00:00,,2025-12-01 20:25:21.468778611+00:00,1778,,,1038,2025-12-01
1759887,15:09:15,462,16,3.4042,21337,1,123 James Street to Hub,268633,James St & Wegmans Plaza,Sy 20,2025-12-01 20:09:15+00:00,2025-12-01 20:26:01+00:00,2025-12-01 20:26:01+00:00,1778,43.06976532517818,-76.0878154018469,1006,2025-12-01
1759887,15:10:00,7891,17,3.5927,21337,1,123 James Street to Hub,268633,James St & Thompson Rd,Sy 20,2025-12-01 20:10:00+00:00,2025-12-01 20:27:01+00:00,2025-12-01 20:27:01+00:00,1778,43.069684322063736,-76.0894907437838,1021,2025-12-01
1759887,15:11:03,581,18,3.8804,21337,1,123 James Street to Hub,268633,James St & Clover Ridge Dr,Sy 20,2025-12-01 20:11:03+00:00,2025-12-01 20:28:01+00:00,2025-12-01 20:28:01+00:00,1778,43.069494088490806,-76.09275499979655,1018,2025-12-01
1759887,15:11:57,569,19,4.1278,21337,1,123 James Street to Hub,268633,James St & E Milford Dr,Sy 20,2025-12-01 20:11:57+00:00,2025-12-01 20:29:02+00:00,2025-12-01 20:29:02+00:00,1778,43.069327323667466,-76.09672164916992,1025,2025-12-01
1759887,15:12:30,568,20,4.2792,21337,1,123 James Street to Hub,268633,James St & Walter Dr,Sy 20,2025-12-01 20:12:30+00:00,,2025-12-01 20:29:27.785888077+00:00,1778,,,1017,2025-12-01
1759887,15:12:56,560,21,4.3975,21337,1,123 James Street to Hub,268633,James St & Lamson St,Sy 20,2025-12-01 20:12:56+00:00,,2025-12-01 20:29:47.934306569+00:00,1778,,,1011,2025-12-01
1759887,15:13:22,556,22,4.5157,21337,1,123 James Street to Hub,268633,James St & Lynwood Ave,Sy 20,2025-12-01 20:13:22+00:00,,2025-12-01 20:30:08.065693430+00:00,1778,,,1006,2025-12-01
1759887,15:13:43,549,23,4.6139,21337,1,123 James Street to Hub,268633,James St & Homecroft Rd,Sy 20,2025-12-01 20:13:43+00:00,,2025-12-01 20:30:24.790754257+00:00,1778,,,1001,2025-12-01
1759887,15:14:09,546,24,4.7342,21337,1,123 James Street to Hub,268633,James St & Rigi Ave,Sy 20,2025-12-01 20:14:09+00:00,,2025-12-01 20:30:45.279805352+00:00,1778,,,996,2025-12-01
1759887,15:14:29,10550,25,4.8265,21337,1,123 James Street to Hub,268633,James St & N Midler Ave,Sy 20,2025-12-01 20:14:29+00:00,2025-12-01 20:31:01+00:00,2025-12-01 20:31:01+00:00,1778,43.06892013549805,-76.10470285221022,992,2025-12-01
1759887,15:14:48,539,26,4.9157,21337,1,123 James Street to Hub,268633,James St & N Edwards Ave,Sy 20,2025-12-01 20:14:48+00:00,,2025-12-01 20:31:13.592941176+00:00,1778,,,985,2025-12-01
1759887,15:15:07,534,27,5.0049,21337,1,123 James Street to Hub,268633,James St & N Collingwood Ave,Sy 20,2025-12-01 20:15:07+00:00,,2025-12-01 20:31:26.185882352+00:00,1778,,,979,2025-12-01
1759887,15:15:24,530,28,5.0861,21337,1,123 James Street to Hub,268633,James St & Ashdale Ave,Sy 20,2025-12-01 20:15:24+00:00,,2025-12-01 20:31:37.649411764+00:00,1778,,,973,2025-12-01
1759887,15:16:00,520,29,5.2515,21337,1,123 James Street to Hub,268633,James St & Lillian Ave,Sy 20,2025-12-01 20:16:00+00:00,2025-12-01 20:32:01+00:00,2025-12-01 20:32:01+00:00,1778,43.06872526128242,-76.10991506373628,961,2025-12-01
1759887,15:16:26,516,30,5.3737,21337,1,123 James Street to Hub,268633,James St & Marlborough Rd,Sy 20,2025-12-01 20:16:26+00:00,,2025-12-01 20:32:32.787633262+00:00,1778,,,966,2025-12-01
1759887,15:16:50,511,31,5.4860,21337,1,123 James Street to Hub,268633,James St & North Ave,Sy 20,2025-12-01 20:16:50+00:00,2025-12-01 20:33:02+00:00,2025-12-01 20:33:02+00:00,1778,43.06856155395508,-76.11337604928524,972,2025-12-01
1759887,15:17:02,501,32,5.5432,21337,1,123 James Street to Hub,268633,James St & Hickok Ave,Sy 20,2025-12-01 20:17:02+00:00,,2025-12-01 20:33:14.144373673+00:00,1778,,,972,2025-12-01
1759887,15:18:00,499,33,5.7686,21337,1,123 James Street to Hub,268633,James St & Mildred Ave,Sy 20,2025-12-01 20:18:00+00:00,2025-12-01 20:34:02+00:00,2025-12-01 20:34:02+00:00,1778,43.06792581492457,-76.11677077720906,962,2025-12-01
1759887,15:18:42,484,34,5.9802,21337,1,123 James Street to Hub,268633,James St & Peck Ave,Sy 20,2025-12-01 20:18:42+00:00,,2025-12-01 20:34:19.784089262+00:00,1778,,,937,2025-12-01
1759887,15:19:10,483,35,6.1200,21337,1,123 James Street to Hub,268633,James St & Rugby Rd,Sy 20,2025-12-01 20:19:10+00:00,,2025-12-01 20:34:31.533690769+00:00,1778,,,921,2025-12-01
1759887,15:20:18,470,36,6.4587,21337,1,123 James Street to Hub,268633,James St & Hampton Rd,Sy 20,2025-12-01 20:20:18+00:00,2025-12-01 20:35:00+00:00,2025-12-01 20:35:00+00:00,1778,43.06513336469542,-76.12246920027823,882,2025-12-01
1759887,15:21:17,476,37,6.7552,21337,1,123 James Street to Hub,268633,James St & Durston Ave,Sy 20,2025-12-01 20:21:17+00:00,2025-12-01 20:36:02+00:00,2025-12-01 20:36:02+00:00,1778,43.06374992862825,-76.1252901631017,885,2025-12-01
1759887,15:21:49,455,38,6.9180,21337,1,123 James Street to Hub,268633,James St & Sedgwick Dr,Sy 20,2025-12-01 20:21:49+00:00,,2025-12-01 20:36:23.721393034+00:00,1778,,,874,2025-12-01
1759887,15:22:45,451,39,7.1974,21337,1,123 James Street to Hub,268633,James St & Dewitt St,Sy 20,2025-12-01 20:22:45+00:00,2025-12-01 20:37:01+00:00,2025-12-01 20:37:01+00:00,1778,43.061039733886716,-76.13081581809304,856,2025-12-01
1759887,15:24:00,447,40,7.5610,21337,1,123 James Street to Hub,268633,James St & Oak St,Sy 20,2025-12-01 20:24:00+00:00,2025-12-01 20:38:01+00:00,2025-12-01 20:38:01+00:00,1778,43.05931,-76.134695,841,2025-12-01
1759887,15:24:18,6678,41,7.6553,21337,1,123 James Street to Hub,268633,James St & Bryant and Stratton College,Sy 20,2025-12-01 20:24:18+00:00,,2025-12-01 20:38:42.291735084+00:00,1778,,,864,2025-12-01
1759887,15:25:08,443,42,7.9088,21337,1,123 James Street to Hub,268633,James St & Highland St,Sy 20,2025-12-01 20:25:08+00:00,,2025-12-01 20:40:33.293377120+00:00,1778,,,925,2025-12-01
1759887,15:25:47,438,43,8.1091,21337,1,123 James Street to Hub,268633,James St & Lodi St,Sy 20,2025-12-01 20:25:47+00:00,2025-12-01 20:42:01+00:00,2025-12-01 20:42:01+00:00,1778,43.05647659301758,-76.14012908935547,974,2025-12-01
1759887,15:26:34,10928,44,8.3465,21337,1,123 James Street to Hub,268633,James St & Catherine St,Sy 20,2025-12-01 20:26:34+00:00,2025-12-01 20:43:01+00:00,2025-12-01 20:43:01+00:00,1778,43.05498673195063,-76.14315618470658,987,2025-12-01
1759887,15:27:02,431,45,8.4885,21337,1,123 James Street to Hub,268633,James St & N McBride St,Sy 20,2025-12-01 20:27:02+00:00,,2025-12-01 20:43:31.672804532+00:00,1778,,,989,2025-12-01
1759887,15:27:29,425,46,8.6289,21337,1,123 James Street to Hub,268633,James St & N Townsend St,Sy 20,2025-12-01 20:27:29+00:00,2025-12-01 20:44:02+00:00,2025-12-01 20:44:02+00:00,1778,43.053528785705566,-76.14612579345703,993,2025-12-01
1759887,15:28:14,426,47,8.8599,21337,1,123 James Street to Hub,268633,James St & N State St,Sy 20,2025-12-01 20:28:14+00:00,2025-12-01 20:45:01+00:00,2025-12-01 20:45:01+00:00,1778,43.05245506980202,-76.14835787686435,1007,2025-12-01
1759887,15:29:30,180,48,9.2472,21337,1,123 James Street to Hub,268633,E Willow St & N Salina St,Sy 20,2025-12-01 20:29:30+00:00,2025-12-01 20:46:01+00:00,2025-12-01 20:46:01+00:00,1778,43.05237203569555,-76.15134999289441,991,2025-12-01
1759887,15:30:00,174,49,9.3722,21337,1,123 James Street to Hub,268633,N Salina St & W Genesee St,Sy 20,2025-12-01 20:30:00+00:00,2025-12-01 20:47:01+00:00,2025-12-01 20:47:01+00:00,1778,43.05173785869892,-76.15215301513672,1021,2025-12-01
1759887,15:30:57,99,50,9.5612,21337,1,123 James Street to Hub,268633,S Salina St & Washington St,Sy 20,2025-12-01 20:30:57+00:00,2025-12-01 20:48:01+00:00,2025-12-01 20:48:01+00:00,1778,43.04927479137074,-76.15221959894353,1024,2025-12-01
1759887,15:32:33,7987,51,9.8783,21337,1,123 James Street to Hub,268633,S Salina St & W Jefferson St,Sy 20,2025-12-01 20:32:33+00:00,2025-12-01 20:49:01+00:00,2025-12-01 20:49:01+00:00,1778,43.04677726482523,-76.15225219726562,988,2025-12-01
1759887,15:35:00,17656,52,10.3585,21337,1,123 James Street to Hub,268633,B17,Sy 20,2025-12-01 20:35:00+00:00,,,,,,,2025-12-01
1759888,16:18:00,7888,1,,21337,1,123 James Street to Hub,268626,Walmart - East Syracuse,Sy 20,2025-12-01 21:18:00+00:00,2025-12-01 21:26:01+00:00,2025-12-01 21:26:01+00:00,2236,43.06275177001953,-76.06053924560547,481,2025-12-01
1759888,16:21:29,14862,2,1.0475,21337,1,123 James Street to Hub,268626,Bridge St & E 2nd St,Sy 20,2025-12-01 21:21:29+00:00,2025-12-01 21:27:01+00:00,2025-12-01 21:27:01+00:00,2236,43.062225341796875,-76.06751251220703,332,2025-12-01
1759888,16:22:46,2526,3,1.4366,21337,1,123 James Street to Hub,268626,E Manlius St & N Center St,Sy 20,2025-12-01 21:22:46+00:00,2025-12-01 21:29:01+00:00,2025-12-01 21:29:01+00:00,2236,43.06399729802058,-76.0710455087515,375,2025-12-01
1759888,16:23:22,7278,4,1.6169,21337,1,123 James Street to Hub,268626,W Manlius St & Silver St,Sy 20,2025-12-01 21:23:22+00:00,,2025-12-01 21:29:23.938931297+00:00,2236,,,361,2025-12-01
1759888,16:23:41,7262,5,1.7125,21337,1,123 James Street to Hub,268626,W Manlius St & North St,Sy 20,2025-12-01 21:23:41+00:00,,2025-12-01 21:29:36.101781170+00:00,2236,,,355,2025-12-01
1759888,16:24:20,7236,6,1.9082,21337,1,123 James Street to Hub,268626,W Manlius St & Kinne St,Sy 20,2025-12-01 21:24:20+00:00,2025-12-01 21:30:01+00:00,2025-12-01 21:30:01+00:00,2236,43.06462860107422,-76.0766372680664,341,2025-12-01
1759888,16:25:03,1311,7,2.1235,21337,1,123 James Street to Hub,268626,Kinne St & W Yates St,Sy 20,2025-12-01 21:25:03+00:00,,2025-12-01 21:30:45.483471074+00:00,2236,,,342,2025-12-01
1759888,16:25:18,3867,8,2.1986,21337,1,123 James Street to Hub,268626,Kinne St & W Heman St,Sy 20,2025-12-01 21:25:18+00:00,2025-12-01 21:31:01+00:00,2025-12-01 21:31:01+00:00,2236,43.06756828770493,-76.07680742668383,343,2025-12-01
1759888,16:25:35,7615,9,2.2877,21337,1,123 James Street to Hub,268626,Kinne St & Irving St,Sy 20,2025-12-01 21:25:35+00:00,,2025-12-01 21:31:09.106141015+00:00,2236,,,334,2025-12-01
1759888,16:26:23,2465,10,2.5322,21337,1,123 James Street to Hub,268626,Kinne St & James St,Sy 20,2025-12-01 21:26:23+00:00,,2025-12-01 21:31:31.350265352+00:00,2236,,,308,2025-12-01
1759888,16:26:45,2460,11,2.6446,21337,1,123 James Street to Hub,268626,James St & East Ave,Sy 20,2025-12-01 21:26:45+00:00,,2025-12-01 21:31:41.576194086+00:00,2236,,,296,2025-12-01
1759888,16:27:07,2451,12,2.7568,21337,1,123 James Street to Hub,268626,James St & Highland Ave,Sy 20,2025-12-01 21:27:07+00:00,,2025-12-01 21:31:51.783927217+00:00,2236,,,284,2025-12-01
1759888,16:27:27,2450,13,2.8581,21337,1,123 James Street to Hub,268626,James St & Roby Ave,Sy 20,2025-12-01 21:27:27+00:00,2025-12-01 21:32:01+00:00,2025-12-01 21:32:01+00:00,2236,43.0700628715649,-76.08036148338986,274,2025-12-01
1759888,16:27:45,2446,14,2.9512,21337,1,123 James Street to Hub,268626,James St & Colfax Ave,Sy 20,2025-12-01 21:27:45+00:00,,2025-12-01 21:32:31.483628556+00:00,2236,,,286,2025-12-01
1759888,16:28:03,2438,15,3.0444,21337,1,123 James Street to Hub,268626,James St & Schoeder St,Sy 20,2025-12-01 21:28:03+00:00,2025-12-01 21:33:02+00:00,2025-12-01 21:33:02+00:00,2236,43.069925214423506,-76.08334538193999,299,2025-12-01
1759888,16:29:15,462,16,3.4042,21337,1,123 James Street to Hub,268626,James St & Wegmans Plaza,Sy 20,2025-12-01 21:29:15+00:00,,2025-12-01 21:33:27.392583732+00:00,2236,,,252,2025-12-01
1759888,16:30:00,7891,17,3.5927,21337,1,123 James Street to Hub,268626,James St & Thompson Rd,Sy 20,2025-12-01 21:30:00+00:00,,2025-12-01 21:33:40.695813397+00:00,2236,,,220,2025-12-01
1759888,16:31:03,581,18,3.8804,21337,1,123 James Street to Hub,268626,James St & Clover Ridge Dr,Sy 20,2025-12-01 21:31:03+00:00,2025-12-01 21:34:01+00:00,2025-12-01 21:34:01+00:00,2236,43.069494088490806,-76.09275499979655,178,2025-12-01
1759888,16:31:57,569,19,4.1278,21337,1,123 James Street to Hub,268626,James St & E Milford Dr,Sy 20,2025-12-01 21:31:57+00:00,,2025-12-01 21:34:29.706246374+00:00,2236,,,152,2025-12-01
1759888,16:32:30,568,20,4.2792,21337,1,123 James Street to Hub,268626,James St & Walter Dr,Sy 20,2025-12-01 21:32:30+00:00,,2025-12-01 21:34:47.273448075+00:00,2236,,,137,2025-12-01
1759888,16:32:56,560,21,4.3975,21337,1,123 James Street to Hub,268626,James St & Lamson St,Sy 20,2025-12-01 21:32:56+00:00,2025-12-01 21:35:01+00:00,2025-12-01 21:35:01+00:00,2236,43.069180422051005,-76.09935086272483,125,2025-12-01
1759888,16:33:22,556,22,4.5157,21337,1,123 James Street to Hub,268626,James St & Lynwood Ave,Sy 20,2025-12-01 21:33:22+00:00,,2025-12-01 21:35:22.063261063+00:00,2236,,,120,2025-12-01
1759888,16:33:43,549,23,4.6139,21337,1,123 James Street to Hub,268626,James St & Homecroft Rd,Sy 20,2025-12-01 21:33:43+00:00,,2025-12-01 21:35:39.562518562+00:00,2236,,,116,2025-12-01
1759888,16:34:09,546,24,4.7342,21337,1,123 James Street to Hub,268626,James St & Rigi Ave,Sy 20,2025-12-01 21:34:09+00:00,2025-12-01 21:36:01+00:00,2025-12-01 21:36:01+00:00,2236,43.068942642211915,-76.10425567626953,112,2025-12-01
1759888,16:34:29,10550,25,4.8265,21337,1,123 James Street to Hub,268626,James St & N Midler Ave,Sy 20,2025-12-01 21:34:29+00:00,2025-12-01 21:37:01+00:00,2025-12-01 21:37:01+00:00,2236,43.06889316953462,-76.1053158990268,152,2025-12-01
1759888,16:34:48,539,26,4.9157,21337,1,123 James Street to Hub,268626,James St & N Edwards Ave,Sy 20,2025-12-01 21:34:48+00:00,2025-12-01 21:38:01+00:00,2025-12-01 21:38:01+00:00,2236,43.06887093905745,-76.10577050570784,193,2025-12-01
1759888,16:35:07,534,27,5.0049,21337,1,123 James Street to Hub,268626,James St & N Collingwood Ave,Sy 20,2025-12-01 21:35:07+00:00,,2025-12-01 21:38:32.408450704+00:00,2236,,,205,2025-12-01
1759888,16:35:24,530,28,5.0861,21337,1,123 James Street to Hub,268626,James St & Ashdale Ave,Sy 20,2025-12-01 21:35:24+00:00,2025-12-01 21:39:01+00:00,2025-12-01 21:39:01+00:00,2236,43.06877373867348,-76.10877390376857,217,2025-12-01
1759888,16:36:00,520,29,5.2515,21337,1,123 James Street to Hub,268626,James St & Lillian Ave,Sy 20,2025-12-01 21:36:00+00:00,,2025-12-01 21:39:26.229807451+00:00,2236,,,206,2025-12-01
1759888,16:36:26,516,30,5.3737,21337,1,123 James Street to Hub,268626,James St & Marlborough Rd,Sy 20,2025-12-01 21:36:26+00:00,,2025-12-01 21:39:44.869967491+00:00,2236,,,198,2025-12-01
1759888,16:36:50,511,31,5.4860,21337,1,123 James Street to Hub,268626,James St & North Ave,Sy 20,2025-12-01 21:36:50+00:00,2025-12-01 21:40:02+00:00,2025-12-01 21:40:02+00:00,2236,43.06858856201172,-76.11273483276368,192,2025-12-01
1759888,16:37:02,501,32,5.5432,21337,1,123 James Street to Hub,268626,James St & Hickok Ave,Sy 20,2025-12-01 21:37:02+00:00,2025-12-01 21:41:01+00:00,2025-12-01 21:41:01+00:00,2236,43.06853103637695,-76.11400717276113,239,2025-12-01
1759888,16:38:00,499,33,5.7686,21337,1,123 James Street to Hub,268626,James St & Mildred Ave,Sy 20,2025-12-01 21:38:00+00:00,2025-12-01 21:42:01+00:00,2025-12-01 21:42:01+00:00,2236,43.06792278947501,-76.11677709119073,241,2025-12-01
1759888,16:38:42,484,34,5.9802,21337,1,123 James Street to Hub,268626,James St & Peck Ave,Sy 20,2025-12-01 21:38:42+00:00,,2025-12-01 21:42:37.129766647+00:00,2236,,,235,2025-12-01
1759888,16:39:10,483,35,6.1200,21337,1,123 James Street to Hub,268626,James St & Rugby Rd,Sy 20,2025-12-01 21:39:10+00:00,2025-12-01 21:43:01+00:00,2025-12-01 21:43:01+00:00,2236,43.0661780834198,-76.12033700942993,231,2025-12-01
1759888,16:40:18,470,36,6.4587,21337,1,123 James Street to Hub,268626,James St & Hampton Rd,Sy 20,2025-12-01 21:40:18+00:00,2025-12-01 21:44:01+00:00,2025-12-01 21:44:01+00:00,2236,43.06473785976194,-76.12326323311284,223,2025-12-01
1759888,16:41:17,476,37,6.7552,21337,1,123 James Street to Hub,268626,James St & Durston Ave,Sy 20,2025-12-01 21:41:17+00:00,2025-12-01 21:45:01+00:00,2025-12-01 21:45:01+00:00,2236,43.06299834954934,-76.1268102927286,224,2025-12-01
1759888,16:41:49,455,38,6.9180,21337,1,123 James Street to Hub,268626,James St & Sedgwick Dr,Sy 20,2025-12-01 21:41:49+00:00,,2025-12-01 21:45:23.457711442+00:00,2236,,,214,2025-12-01
1759888,16:42:45,451,39,7.1974,21337,1,123 James Street to Hub,268626,James St & Dewitt St,Sy 20,2025-12-01 21:42:45+00:00,2025-12-01 21:46:02+00:00,2025-12-01 21:46:02+00:00,2236,43.06072304465554,-76.1314565485174,197,2025-12-01
1759888,16:44:00,447,40,7.5610,21337,1,123 James Street to Hub,268626,James St & Oak St,Sy 20,2025-12-01 21:44:00+00:00,,2025-12-01 21:46:48.849530465+00:00,2236,,,168,2025-12-01
1759888,16:44:18,6678,41,7.6553,21337,1,123 James Street to Hub,268626,James St & Bryant and Stratton College,Sy 20,2025-12-01 21:44:18+00:00,2025-12-01 21:47:01+00:00,2025-12-01 21:47:01+00:00,2236,43.058877672467915,-76.13525312774036,163,2025-12-01
1759888,16:45:08,443,42,7.9088,21337,1,123 James Street to Hub,268626,James St & Highland St,Sy 20,2025-12-01 21:45:08+00:00,2025-12-01 21:48:01+00:00,2025-12-01 21:48:01+00:00,2236,43.05751306870405,-76.13801036161534,173,2025-12-01
1759888,16:45:47,438,43,8.1091,21337,1,123 James Street to Hub,268626,James St & Lodi St,Sy 20,2025-12-01 21:45:47+00:00,2025-12-01 21:50:01+00:00,2025-12-01 21:50:01+00:00,2236,43.056212997436525,-76.14070561726888,254,2025-12-01
1759888,16:46:34,10928,44,8.3465,21337,1,123 James Street to Hub,268626,James St & Catherine St,Sy 20,2025-12-01 21:46:34+00:00,2025-12-01 21:51:01+00:00,2025-12-01 21:51:01+00:00,2236,43.055295843827096,-76.14253194708573,267,2025-12-01
1759888,16:47:02,431,45,8.4885,21337,1,123 James Street to Hub,268626,James St & N McBride St,Sy 20,2025-12-01 21:47:02+00:00,,2025-12-01 21:51:31.169971671+00:00,2236,,,269,2025-12-01
1759888,16:47:29,425,46,8.6289,21337,1,123 James Street to Hub,268626,James St & N Townsend St,Sy 20,2025-12-01 21:47:29+00:00,2025-12-01 21:52:01+00:00,2025-12-01 21:52:01+00:00,2236,43.05387153000128,-76.14543076812244,272,2025-12-01
1759888,16:48:14,426,47,8.8599,21337,1,123 James Street to Hub,268626,James St & N State St,Sy 20,2025-12-01 21:48:14+00:00,2025-12-01 21:53:01+00:00,2025-12-01 21:53:01+00:00,2236,43.05245784412731,-76.14836897416548,287,2025-12-01
1759888,16:49:30,180,48,9.2472,21337,1,123 James Street to Hub,268626,E Willow St & N Salina St,Sy 20,2025-12-01 21:49:30+00:00,2025-12-01 21:54:02+00:00,2025-12-01 21:54:02+00:00,2236,43.05237237731023,-76.15136126617887,272,2025-12-01
1759888,16:50:00,174,49,9.3722,21337,1,123 James Street to Hub,268626,N Salina St & W Genesee St,Sy 20,2025-12-01 21:50:00+00:00,2025-12-01 21:55:01+00:00,2025-12-01 21:55:01+00:00,2236,43.05175165029672,-76.15215301513672,301,2025-12-01
1759888,16:50:57,99,50,9.5612,21337,1,123 James Street to Hub,268626,S Salina St & Washington St,Sy 20,2025-12-01 21:50:57+00:00,2025-12-01 21:56:00+00:00,2025-12-01 21:56:00+00:00,2236,43.0498243967692,-76.15220642089844,303,2025-12-01
1759888,16:52:33,7987,51,9.8783,21337,1,123 James Street to Hub,268626,S Salina St & W Jefferson St,Sy 20,2025-12-01 21:52:33+00:00,2025-12-01 21:57:01+00:00,2025-12-01 21:57:01+00:00,2236,43.04677726482523,-76.15225219726562,268,2025-12-01
1759888,16:55:00,17656,52,10.3585,21337,1,123 James Street to Hub,268626,B17,Sy 20,2025-12-01 21:55:00+00:00,,,,,,,2025-12-01
1759889,17:38:00,7888,1,,21337,1,123 James Street to Hub,268633,Walmart - East Syracuse,Sy 20,2025-12-01 22:38:00+00:00,,,,,,,2025-12-01
1759889,17:41:29,14862,2,1.0475,21337,1,123 James Street to Hub,268633,Bridge St & E 2nd St,Sy 20,2025-12-01 22:41:29+00:00,,,,,,,2025-12-01
1759889,17:42:46,2526,3,1.4366,21337,1,123 James Street to Hub,268633,E Manlius St & N Center St,Sy 20,2025-12-01 22:42:46+00:00,,,,,,,2025-12-01
1759889,17:43:22,7278,4,1.6169,21337,1,123 James Street to Hub,268633,W Manlius St & Silver St,Sy 20,2025-12-01 22:43:22+00:00,,,,,,,2025-12-01
1759889,17:43:41,7262,5,1.7125,21337,1,123 James Street to Hub,268633,W Manlius St & North St,Sy 20,2025-12-01 22:43:41+00:00,,,,,,,2025-12-01
1759889,17:44:20,7236,6,1.9082,21337,1,123 James Street to Hub,268633,W Manlius St & Kinne St,Sy 20,2025-12-01 22:44:20+00:00,,,,,,,2025-12-01
1759889,17:45:03,1311,7,2.1235,21337,1,123 James Street to Hub,268633,Kinne St & W Yates St,Sy 20,2025-12-01 22:45:03+00:00,,,,,,,2025-12-01
1759889,17:45:18,3867,8,2.1986,21337,1,123 James Street to Hub,268633,Kinne St & W Heman St,Sy 20,2025-12-01 22:45:18+00:00,,,,,,,2025-12-01
1759889,17:45:35,7615,9,2.2877,21337,1,123 James Street to Hub,268633,Kinne St & Irving St,Sy 20,2025-12-01 22:45:35+00:00,,,,,,,2025-12-01
1759889,17:46:23,2465,10,2.5322,21337,1,123 James Street to Hub,268633,Kinne St & James St,Sy 20,2025-12-01 22:46:23+00:00,,,,,,,2025-12-01
1759889,17:46:45,2460,11,2.6446,21337,1,123 James Street to Hub,268633,James St & East Ave,Sy 20,2025-12-01 22:46:45+00:00,,,,,,,2025-12-01
1759889,17:47:07,2451,12,2.7568,21337,1,123 James Street to Hub,268633,James St & Highland Ave,Sy 20,2025-12-01 22:47:07+00:00,,,,,,,2025-12-01
1759889,17:47:27,2450,13,2.8581,21337,1,123 James Street to Hub,268633,James St & Roby Ave,Sy 20,2025-12-01 22:47:27+00:00,,,,,,,2025-12-01
1759889,17:47:45,2446,14,2.9512,21337,1,123 James Street to Hub,268633,James St & Colfax Ave,Sy 20,2025-12-01 22:47:45+00:00,,,,,,,2025-12-01
1759889,17:48:03,2438,15,3.0444,21337,1,123 James Street to Hub,268633,James St & Schoeder St,Sy 20,2025-12-01 22:48:03+00:00,,,,,,,2025-12-01
1759889,17:49:15,462,16,3.4042,21337,1,123 James Street to Hub,268633,James St & Wegmans Plaza,Sy 20,2025-12-01 22:49:15+00:00,,,,,,,2025-12-01
1759889,17:50:00,7891,17,3.5927,21337,1,123 James Street to Hub,268633,James St & Thompson Rd,Sy 20,2025-12-01 22:50:00+00:00,,,,,,,2025-12-01
1759889,17:51:03,581,18,3.8804,21337,1,123 James Street to Hub,268633,James St & Clover Ridge Dr,Sy 20,2025-12-01 22:51:03+00:00,,,,,,,2025-12-01
1759889,17:51:57,569,19,4.1278,21337,1,123 James Street to Hub,268633,James St & E Milford Dr,Sy 20,2025-12-01 22:51:57+00:00,,,,,,,2025-12-01
1759889,17:52:30,568,20,4.2792,21337,1,123 James Street to Hub,268633,James St & Walter Dr,Sy 20,2025-12-01 22:52:30+00:00,,,,,,,2025-12-01
1759889,17:52:56,560,21,4.3975,21337,1,123 James Street to Hub,268633,James St & Lamson St,Sy 20,2025-12-01 22:52:56+00:00,,,,,,,2025-12-01
1759889,17:53:22,556,22,4.5157,21337,1,123 James Street to Hub,268633,James St & Lynwood Ave,Sy 20,2025-12-01 22:53:22+00:00,,,,,,,2025-12-01
1759889,17:53:43,549,23,4.6139,21337,1,123 James Street to Hub,268633,James St & Homecroft Rd,Sy 20,2025-12-01 22:53:43+00:00,,,,,,,2025-12-01
1759889,17:54:09,546,24,4.7342,21337,1,123 James Street to Hub,268633,James St & Rigi Ave,Sy 20,2025-12-01 22:54:09+00:00,,,,,,,2025-12-01
1759889,17:54:29,10550,25,4.8265,21337,1,123 James Street to Hub,268633,James St & N Midler Ave,Sy 20,2025-12-01 22:54:29+00:00,,,,,,,2025-12-01
1759889,17:54:48,539,26,4.9157,21337,1,123 James Street to Hub,268633,James St & N Edwards Ave,Sy 20,2025-12-01 22:54:48+00:00,,,,,,,2025-12-01
1759889,17:55:07,534,27,5.0049,21337,1,123 James Street to Hub,268633,James St & N Collingwood Ave,Sy 20,2025-12-01 22:55:07+00:00,,,,,,,2025-12-01
1759889,17:55:24,530,28,5.0861,21337,1,123 James Street to Hub,268633,James St & Ashdale Ave,Sy 20,2025-12-01 22:55:24+00:00,,,,,,,2025-12-01
1759889,17:56:00,520,29,5.2515,21337,1,123 James Street to Hub,268633,James St & Lillian Ave,Sy 20,2025-12-01 22:56:00+00:00,,,,,,,2025-12-01
1759889,17:56:26,516,30,5.3737,21337,1,123 James Street to Hub,268633,James St & Marlborough Rd,Sy 20,2025-12-01 22:56:26+00:00,,,,,,,2025-12-01
1759889,17:56:50,511,31,5.4860,21337,1,123 James Street to Hub,268633,James St & North Ave,Sy 20,2025-12-01 22:56:50+00:00,,,,,,,2025-12-01
1759889,17:57:02,501,32,5.5432,21337,1,123 James Street to Hub,268633,James St & Hickok Ave,Sy 20,2025-12-01 22:57:02+00:00,,,,,,,2025-12-01
1759889,17:58:00,499,33,5.7686,21337,1,123 James Street to Hub,268633,James St & Mildred Ave,Sy 20,2025-12-01 22:58:00+00:00,,,,,,,2025-12-01
1759889,17:58:42,484,34,5.9802,21337,1,123 James Street to Hub,268633,James St & Peck Ave,Sy 20,2025-12-01 22:58:42+00:00,,,,,,,2025-12-01
1759889,17:59:10,483,35,6.1200,21337,1,123 James Street to Hub,268633,James St & Rugby Rd,Sy 20,2025-12-01 22:59:10+00:00,2025-12-01 23:19:01+00:00,2025-12-01 23:19:01+00:00,1772,43.06617188453674,-76.12034940719604,1191,2025-12-01
1759889,18:00:18,470,36,6.4587,21337,1,123 James Street to Hub,268633,James St & Hampton Rd,Sy 20,2025-12-01 23:00:18+00:00,,2025-12-01 23:19:32.993073047+00:00,1772,,,1154,2025-12-01
1759889,18:01:17,476,37,6.7552,21337,1,123 James Street to Hub,268633,James St & Durston Ave,Sy 20,2025-12-01 23:01:17+00:00,2025-12-01 23:20:01+00:00,2025-12-01 23:20:01+00:00,1772,43.0629930965236,-76.12681979820377,1124,2025-12-01
1759889,18:01:49,455,38,6.9180,21337,1,123 James Street to Hub,268633,James St & Sedgwick Dr,Sy 20,2025-12-01 23:01:49+00:00,,2025-12-01 23:20:23.089552238+00:00,1772,,,1114,2025-12-01
1759889,18:02:45,451,39,7.1974,21337,1,123 James Street to Hub,268633,James St & Dewitt St,Sy 20,2025-12-01 23:02:45+00:00,2025-12-01 23:21:01+00:00,2025-12-01 23:21:01+00:00,1772,43.060845039986276,-76.13126661970809,1096,2025-12-01
1759889,18:04:00,447,40,7.5610,21337,1,123 James Street to Hub,268633,James St & Oak St,Sy 20,2025-12-01 23:04:00+00:00,2025-12-01 23:22:01+00:00,2025-12-01 23:22:01+00:00,1772,43.05939422607422,-76.13417678833008,1081,2025-12-01
1759889,18:04:18,6678,41,7.6553,21337,1,123 James Street to Hub,268633,James St & Bryant and Stratton College,Sy 20,2025-12-01 23:04:18+00:00,,2025-12-01 23:22:11.322933771+00:00,1772,,,1073,2025-12-01
1759889,18:05:08,443,42,7.9088,21337,1,123 James Street to Hub,268633,James St & Highland St,Sy 20,2025-12-01 23:05:08+00:00,,2025-12-01 23:22:39.073344280+00:00,1772,,,1051,2025-12-01
1759889,18:05:47,438,43,8.1091,21337,1,123 James Street to Hub,268633,James St & Lodi St,Sy 20,2025-12-01 23:05:47+00:00,2025-12-01 23:23:01+00:00,2025-12-01 23:23:01+00:00,1772,43.05649760512055,-76.14008531414095,1034,2025-12-01
1759889,18:06:34,10928,44,8.3465,21337,1,123 James Street to Hub,268633,James St & Catherine St,Sy 20,2025-12-01 23:06:34+00:00,2025-12-01 23:25:02+00:00,2025-12-01 23:25:02+00:00,1772,43.05501307997593,-76.14310029495594,1108,2025-12-01
1759889,18:07:02,431,45,8.4885,21337,1,123 James Street to Hub,268633,James St & N McBride St,Sy 20,2025-12-01 23:07:02+00:00,,2025-12-01 23:25:18.318659914+00:00,1772,,,1096,2025-12-01
1759889,18:07:29,425,46,8.6289,21337,1,123 James Street to Hub,268633,James St & N Townsend St,Sy 20,2025-12-01 23:07:29+00:00,,2025-12-01 23:25:34.453447604+00:00,1772,,,1085,2025-12-01
1759889,18:08:14,426,47,8.8599,21337,1,123 James Street to Hub,268633,James St & N State St,Sy 20,2025-12-01 23:08:14+00:00,2025-12-01 23:26:01+00:00,2025-12-01 23:26:01+00:00,1772,43.05269764918907,-76.14780560661765,1067,2025-12-01
1759889,18:09:30,180,48,9.2472,21337,1,123 James Street to Hub,268633,E Willow St & N Salina St,Sy 20,2025-12-01 23:09:30+00:00,2025-12-01 23:27:01+00:00,2025-12-01 23:27:01+00:00,1772,43.05235780988421,-76.15211595807757,1051,2025-12-01
1759889,18:10:00,174,49,9.3722,21337,1,123 James Street to Hub,268633,N Salina St & W Genesee St,Sy 20,2025-12-01 23:10:00+00:00,,2025-12-01 23:27:24.885350318+00:00,1772,,,1044,2025-12-01
1759889,18:10:57,99,50,9.5612,21337,1,123 James Street to Hub,268633,S Salina St & Washington St,Sy 20,2025-12-01 23:10:57+00:00,2025-12-01 23:28:01+00:00,2025-12-01 23:28:01+00:00,1772,43.04968123002486,-76.15220642089844,1024,2025-12-01
1759889,18:12:33,7987,51,9.8783,21337,1,123 James Street to Hub,268633,S Salina St & W Jefferson St,Sy 20,2025-12-01 23:12:33+00:00,2025-12-01 23:30:01+00:00,2025-12-01 23:30:01+00:00,1772,43.0454090663365,-76.15225982666016,1048,2025-12-01
1759889,18:15:00,17656,52,10.3585,21337,1,123 James Street to Hub,268633,B17,Sy 20,2025-12-01 23:15:00+00:00,,,,,,,2025-12-01
1759890,18:58:00,7888,1,,21337,1,123 James Street to Hub,268626,Walmart - East Syracuse,Sy 20,2025-12-01 23:58:00+00:00,2025-12-02 00:04:02+00:00,2025-12-02 00:04:02+00:00,2236,43.06325912475586,-76.06185913085938,362,2025-12-01
1759890,19:01:29,14862,2,1.0475,21337,1,123 James Street to Hub,268626,Bridge St & E 2nd St,Sy 20,2025-12-02 00:01:29+00:00,2025-12-02 00:05:02+00:00,2025-12-02 00:05:02+00:00,2236,43.062225341796875,-76.06751251220703,213,2025-12-01
1759890,19:02:46,2526,3,1.4366,21337,1,123 James Street to Hub,268626,E Manlius St & N Center St,Sy 20,2025-12-02 00:02:46+00:00,2025-12-02 00:06:01+00:00,2025-12-02 00:06:01+00:00,2236,43.063968658447266,-76.07037353515625,195,2025-12-01
1759890,19:03:22,7278,4,1.6169,21337,1,123 James Street to Hub,268626,W Manlius St & Silver St,Sy 20,2025-12-02 00:03:22+00:00,,2025-12-02 00:06:24.321246819+00:00,2236,,,182,2025-12-01
1759890,19:03:41,7262,5,1.7125,21337,1,123 James Street to Hub,268626,W Manlius St & North St,Sy 20,2025-12-02 00:03:41+00:00,,2025-12-02 00:06:36.686810856+00:00,2236,,,175,2025-12-01
1759890,19:04:20,7236,6,1.9082,21337,1,123 James Street to Hub,268626,W Manlius St & Kinne St,Sy 20,2025-12-02 00:04:20+00:00,2025-12-02 00:07:02+00:00,2025-12-02 00:07:02+00:00,2236,43.06470603131233,-76.07671778252784,162,2025-12-01
1759890,19:05:03,1311,7,2.1235,21337,1,123 James Street to Hub,268626,Kinne St & W Yates St,Sy 20,2025-12-02 00:05:03+00:00,,2025-12-02 00:07:36.039525691+00:00,2236,,,153,2025-12-01
1759890,19:05:18,3867,8,2.1986,21337,1,123 James Street to Hub,268626,Kinne St & W Heman St,Sy 20,2025-12-02 00:05:18+00:00,,2025-12-02 00:07:47.913043478+00:00,2236,,,149,2025-12-01
1759890,19:05:35,7615,9,2.2877,21337,1,123 James Street to Hub,268626,Kinne St & Irving St,Sy 20,2025-12-02 00:05:35+00:00,2025-12-02 00:08:02+00:00,2025-12-02 00:08:02+00:00,2236,43.0680915569437,-76.07684812874629,147,2025-12-01
1759890,19:06:23,2465,10,2.5322,21337,1,123 James Street to Hub,268626,Kinne St & James St,Sy 20,2025-12-02 00:06:23+00:00,,2025-12-02 00:08:32.751438925+00:00,2236,,,129,2025-12-01
1759890,19:06:45,2460,11,2.6446,21337,1,123 James Street to Hub,268626,James St & East Ave,Sy 20,2025-12-02 00:06:45+00:00,,2025-12-02 00:08:46.888296738+00:00,2236,,,121,2025-12-01
1759890,19:07:07,2451,12,2.7568,21337,1,123 James Street to Hub,268626,James St & Highland Ave,Sy 20,2025-12-02 00:07:07+00:00,2025-12-02 00:09:01+00:00,2025-12-02 00:09:01+00:00,2236,43.07012814891581,-76.07916960424306,114,2025-12-01
1759890,19:07:27,2450,13,2.8581,21337,1,123 James Street to Hub,268626,James St & Roby Ave,Sy 20,2025-12-02 00:07:27+00:00,,2025-12-02 00:09:10.544794562+00:00,2236,,,103,2025-12-01
1759890,19:07:45,2446,14,2.9512,21337,1,123 James Street to Hub,268626,James St & Colfax Ave,Sy 20,2025-12-02 00:07:45+00:00,,2025-12-02 00:09:19.316960148+00:00,2236,,,94,2025-12-01
1759890,19:08:03,2438,15,3.0444,21337,1,123 James Street to Hub,268626,James St & Schoeder St,Sy 20,2025-12-02 00:08:03+00:00,,2025-12-02 00:09:28.098548038+00:00,2236,,,85,2025-12-01
1759890,19:09:15,462,16,3.4042,21337,1,123 James Street to Hub,268626,James St & Wegmans Plaza,Sy 20,2025-12-02 00:09:15+00:00,2025-12-02 00:10:02+00:00,2025-12-02 00:10:02+00:00,2236,43.069765994423314,-76.08779666298314,47,2025-12-01
1759890,19:10:00,7891,17,3.5927,21337,1,123 James Street to Hub,268626,James St & Thompson Rd,Sy 20,2025-12-02 00:10:00+00:00,,2025-12-02 00:10:25.750524989+00:00,2236,,,25,2025-12-01
1759890,19:11:03,581,18,3.8804,21337,1,123 James Street to Hub,268626,James St & Clover Ridge Dr,Sy 20,2025-12-02 00:11:03+00:00,2025-12-02 00:11:02+00:00,2025-12-02 00:11:02+00:00,2236,43.069465523335474,-76.0933557766587,-1,2025-12-01
1759890,19:11:57,569,19,4.1278,21337,1,123 James Street to Hub,268626,James St & E Milford Dr,Sy 20,2025-12-02 00:11:57+00:00,,2025-12-02 00:11:24.975916889+00:00,2236,,,-32,2025-12-01
1759890,19:12:30,568,20,4.2792,21337,1,123 James Street to Hub,268626,James St & Walter Dr,Sy 20,2025-12-02 00:12:30+00:00,,2025-12-02 00:11:39.036360774+00:00,2236,,,-50,2025-12-01
1759890,19:12:56,560,21,4.3975,21337,1,123 James Street to Hub,268626,James St & Lamson St,Sy 20,2025-12-02 00:12:56+00:00,,2025-12-02 00:11:50.022823862+00:00,2236,,,-65,2025-12-01
1759890,19:13:22,556,22,4.5157,21337,1,123 James Street to Hub,268626,James St & Lynwood Ave,Sy 20,2025-12-02 00:13:22+00:00,2025-12-02 00:12:01+00:00,2025-12-02 00:12:01+00:00,2236,43.06911325454712,-76.10080862045288,-81,2025-12-01
1759890,19:13:43,549,23,4.6139,21337,1,123 James Street to Hub,268626,James St & Homecroft Rd,Sy 20,2025-12-02 00:13:43+00:00,,2025-12-02 00:12:28.415102974+00:00,2236,,,-74,2025-12-01
1759890,19:14:09,546,24,4.7342,21337,1,123 James Street to Hub,268626,James St & Rigi Ave,Sy 20,2025-12-02 00:14:09+00:00,2025-12-02 00:13:02+00:00,2025-12-02 00:13:02+00:00,2236,43.06895027160645,-76.1041103363037,-67,2025-12-01
1759890,19:14:29,10550,25,4.8265,21337,1,123 James Street to Hub,268626,James St & N Midler Ave,Sy 20,2025-12-02 00:14:29+00:00,2025-12-02 00:14:02+00:00,2025-12-02 00:14:02+00:00,2236,43.06890106201172,-76.10517883300781,-27,2025-12-01
1759890,19:14:48,539,26,4.9157,21337,1,123 James Street to Hub,268626,James St & N Edwards Ave,Sy 20,2025-12-02 00:14:48+00:00,,2025-12-02 00:14:11.617690058+00:00,2236,,,-36,2025-12-01
1759890,19:15:07,534,27,5.0049,21337,1,123 James Street to Hub,268626,James St & N Collingwood Ave,Sy 20,2025-12-02 00:15:07+00:00,,2025-12-02 00:14:21.235380116+00:00,2236,,,-45,2025-12-01
1759890,19:15:24,530,28,5.0861,21337,1,123 James Street to Hub,268626,James St & Ashdale Ave,Sy 20,2025-12-02 00:15:24+00:00,,2025-12-02 00:14:29.990497076+00:00,2236,,,-54,2025-12-01
1759890,19:16:00,520,29,5.2515,21337,1,123 James Street to Hub,268626,James St & Lillian Ave,Sy 20,2025-12-02 00:16:00+00:00,,2025-12-02 00:14:47.824195906+00:00,2236,,,-72,2025-12-01
1759890,19:16:26,516,30,5.3737,21337,1,123 James Street to Hub,268626,James St & Marlborough Rd,Sy 20,2025-12-02 00:16:26+00:00,2025-12-02 00:15:01+00:00,2025-12-02 00:15:01+00:00,2236,43.068660736083984,-76.11138916015625,-85,2025-12-01
1759890,19:16:50,511,31,5.4860,21337,1,123 James Street to Hub,268626,James St & North Ave,Sy 20,2025-12-02 00:16:50+00:00,,2025-12-02 00:15:41.414749262+00:00,2236,,,-68,2025-12-01
1759890,19:17:02,501,32,5.5432,21337,1,123 James Street to Hub,268626,James St & Hickok Ave,Sy 20,2025-12-02 00:17:02+00:00,2025-12-02 00:16:02+00:00,2025-12-02 00:16:02+00:00,2236,43.06851541079008,-76.11418254558856,-60,2025-12-01
1759890,19:18:00,499,33,5.7686,21337,1,123 James Street to Hub,268626,James St & Mildred Ave,Sy 20,2025-12-02 00:18:00+00:00,,2025-12-02 00:16:25.055825242+00:00,2236,,,-94,2025-12-01
1759890,19:18:42,484,34,5.9802,21337,1,123 James Street to Hub,268626,James St & Peck Ave,Sy 20,2025-12-02 00:18:42+00:00,,2025-12-02 00:16:46.700069348+00:00,2236,,,-115,2025-12-01
1759890,19:19:10,483,35,6.1200,21337,1,123 James Street to Hub,268626,James St & Rugby Rd,Sy 20,2025-12-02 00:19:10+00:00,2025-12-02 00:17:01+00:00,2025-12-02 00:17:01+00:00,2236,43.066176533699036,-76.12034010887146,-129,2025-12-01
1759890,19:20:18,470,36,6.4587,21337,1,123 James Street to Hub,268626,James St & Hampton Rd,Sy 20,2025-12-02 00:20:18+00:00,,2025-12-02 00:17:32.993073047+00:00,2236,,,-165,2025-12-01
1759890,19:21:17,476,37,6.7552,21337,1,123 James Street to Hub,268626,James St & Durston Ave,Sy 20,2025-12-02 00:21:17+00:00,2025-12-02 00:18:01+00:00,2025-12-02 00:18:01+00:00,2236,43.06326065063477,-76.12627868652343,-196,2025-12-01
1759890,19:21:49,455,38,6.9180,21337,1,123 James Street to Hub,268626,James St & Sedgwick Dr,Sy 20,2025-12-02 00:21:49+00:00,,2025-12-02 00:18:13.122114668+00:00,2236,,,-215,2025-12-01
1759890,19:22:45,451,39,7.1974,21337,1,123 James Street to Hub,268626,James St & Dewitt St,Sy 20,2025-12-02 00:22:45+00:00,,2025-12-02 00:18:33.926284437+00:00,2236,,,-251,2025-12-01
1759890,19:24:00,447,40,7.5610,21337,1,123 James Street to Hub,268626,James St & Oak St,Sy 20,2025-12-02 00:24:00+00:00,2025-12-02 00:19:01+00:00,2025-12-02 00:19:01+00:00,2236,43.05924682617187,-76.13447875976563,-299,2025-12-01
1759890,19:24:18,6678,41,7.6553,21337,1,123 James Street to Hub,268626,James St & Bryant and Stratton College,Sy 20,2025-12-02 00:24:18+00:00,,2025-12-02 00:19:17.267970097+00:00,2236,,,-300,2025-12-01
1759890,19:25:08,443,42,7.9088,21337,1,123 James Street to Hub,268626,James St & Highland St,Sy 20,2025-12-02 00:25:08+00:00,2025-12-02 00:20:01+00:00,2025-12-02 00:20:01+00:00,2236,43.05720161905094,-76.13870067985691,-307,2025-12-01
1759890,19:25:47,438,43,8.1091,21337,1,123 James Street to Hub,268626,James St & Lodi St,Sy 20,2025-12-02 00:25:47+00:00,,2025-12-02 00:20:21.385889253+00:00,2236,,,-325,2025-12-01
1759890,19:26:34,10928,44,8.3465,21337,1,123 James Street to Hub,268626,James St & Catherine St,Sy 20,2025-12-02 00:26:34+00:00,,2025-12-02 00:20:45.547697084+00:00,2236,,,-348,2025-12-01
1759890,19:27:02,431,45,8.4885,21337,1,123 James Street to Hub,268626,James St & N McBride St,Sy 20,2025-12-02 00:27:02+00:00,2025-12-02 00:21:00+00:00,2025-12-02 00:21:00+00:00,2236,43.05456872713768,-76.14400585627152,-362,2025-12-01
1759890,19:27:29,425,46,8.6289,21337,1,123 James Street to Hub,268626,James St & N Townsend St,Sy 20,2025-12-02 00:27:29+00:00,2025-12-02 00:22:02+00:00,2025-12-02 00:22:02+00:00,2236,43.05358918507894,-76.14600982666016,-327,2025-12-01
1759890,19:28:14,426,47,8.8599,21337,1,123 James Street to Hub,268626,James St & N State St,Sy 20,2025-12-02 00:28:14+00:00,,2025-12-02 00:22:24.416302765+00:00,2236,,,-349,2025-12-01
1759890,19:29:30,180,48,9.2472,21337,1,123 James Street to Hub,268626,E Willow St & N Salina St,Sy 20,2025-12-02 00:29:30+00:00,2025-12-02 00:23:02+00:00,2025-12-02 00:23:02+00:00,2236,43.05236144564045,-76.15100052107626,-388,2025-12-01
1759890,19:30:00,174,49,9.3722,21337,1,123 James Street to Hub,268626,N Salina St & W Genesee St,Sy 20,2025-12-02 00:30:00+00:00,2025-12-02 00:24:01+00:00,2025-12-02 00:24:01+00:00,2236,43.05141067504883,-76.15226745605469,-359,2025-12-01
1759890,19:31:02,99,50,9.5612,21337,1,123 James Street to Hub,268626,S Salina St & Washington St,Sy 20,2025-12-02 00:31:02+00:00,2025-12-02 00:25:01+00:00,2025-12-02 00:25:01+00:00,2236,43.0497932434082,-76.1523208618164,-361,2025-12-01
1759890,19:32:46,7987,51,9.8783,21337,1,123 James Street to Hub,268626,S Salina St & W Jefferson St,Sy 20,2025-12-02 00:32:46+00:00,2025-12-02 00:26:01+00:00,2025-12-02 00:26:01+00:00,2236,43.0467827895592,-76.15225219726562,-405,2025-12-01
1759890,19:35:00,17644,52,10.2838,21337,1,123 James Street to Hub,268626,A5,Sy 20,2025-12-02 00:35:00+00:00,2025-12-02 00:28:02+00:00,2025-12-02 00:28:02+00:00,2236,43.04378339979384,-76.1517800225152,-418,2025-12-01
1759891,21:38:00,7888,1,,21337,1,123 James Street to Hub,268631,Walmart - East Syracuse,Sy 20,2025-12-02 02:38:00+00:00,2025-12-02 02:40:01+00:00,2025-12-02 02:40:01+00:00,1900,43.062808990478516,-76.05980682373047,121,2025-12-01
1759891,21:41:29,14862,2,1.0475,21337,1,123 James Street to Hub,268631,Bridge St & E 2nd St,Sy 20,2025-12-02 02:41:29+00:00,2025-12-02 02:41:01+00:00,2025-12-02 02:41:01+00:00,1900,43.06171417236328,-76.06693267822266,-28,2025-12-01
1759891,21:42:46,2526,3,1.4366,21337,1,123 James Street to Hub,268631,E Manlius St & N Center St,Sy 20,2025-12-02 02:42:46+00:00,2025-12-02 02:42:01+00:00,2025-12-02 02:42:01+00:00,1900,43.063968658447266,-76.07037353515625,-45,2025-12-01
1759891,21:43:22,7278,4,1.6169,21337,1,123 James Street to Hub,268631,W Manlius St & Silver St,Sy 20,2025-12-02 02:43:22+00:00,,2025-12-02 02:42:23.938931297+00:00,1900,,,-58,2025-12-01
1759891,21:43:41,7262,5,1.7125,21337,1,123 James Street to Hub,268631,W Manlius St & North St,Sy 20,2025-12-02 02:43:41+00:00,,2025-12-02 02:42:36.101781170+00:00,1900,,,-64,2025-12-01
1759891,21:44:20,7236,6,1.9082,21337,1,123 James Street to Hub,268631,W Manlius St & Kinne St,Sy 20,2025-12-02 02:44:20+00:00,2025-12-02 02:43:01+00:00,2025-12-02 02:43:01+00:00,1900,43.06450271606445,-76.07614135742188,-79,2025-12-01
1759891,21:45:03,1311,7,2.1235,21337,1,123 James Street to Hub,268631,Kinne St & W Yates St,Sy 20,2025-12-02 02:45:03+00:00,,2025-12-02 02:43:21.701923076+00:00,1900,,,-101,2025-12-01
1759891,21:45:18,3867,8,2.1986,21337,1,123 James Street to Hub,268631,Kinne St & W Heman St,Sy 20,2025-12-02 02:45:18+00:00,,2025-12-02 02:43:28.923076923+00:00,1900,,,-109,2025-12-01
1759891,21:45:35,7615,9,2.2877,21337,1,123 James Street to Hub,268631,Kinne St & Irving St,Sy 20,2025-12-02 02:45:35+00:00,,2025-12-02 02:43:37.490384615+00:00,1900,,,-117,2025-12-01
1759891,21:46:23,2465,10,2.5322,21337,1,123 James Street to Hub,268631,Kinne St & James St,Sy 20,2025-12-02 02:46:23+00:00,2025-12-02 02:44:01+00:00,2025-12-02 02:44:01+00:00,1900,43.06975173950195,-76.07697296142578,-142,2025-12-01
1759891,21:46:45,2460,11,2.6446,21337,1,123 James Street to Hub,268631,James St & East Ave,Sy 20,2025-12-02 02:46:45+00:00,,2025-12-02 02:44:21.693464252+00:00,1900,,,-143,2025-12-01
1759891,21:47:07,2451,12,2.7568,21337,1,123 James Street to Hub,268631,James St & Highland Ave,Sy 20,2025-12-02 02:47:07+00:00,,2025-12-02 02:44:42.350107394+00:00,1900,,,-144,2025-12-01
1759891,21:47:27,2450,13,2.8581,21337,1,123 James Street to Hub,268631,James St & Roby Ave,Sy 20,2025-12-02 02:47:27+00:00,2025-12-02 02:45:01+00:00,2025-12-02 02:45:01+00:00,1900,43.070011138916016,-76.08147430419922,-146,2025-12-01
1759891,21:47:45,2446,14,2.9512,21337,1,123 James Street to Hub,268631,James St & Colfax Ave,Sy 20,2025-12-02 02:47:45+00:00,,2025-12-02 02:45:11.228895806+00:00,1900,,,-153,2025-12-01
1759891,21:48:03,2438,15,3.0444,21337,1,123 James Street to Hub,268631,James St & Schoeder St,Sy 20,2025-12-02 02:48:03+00:00,,2025-12-02 02:45:21.468778611+00:00,1900,,,-161,2025-12-01
1759891,21:49:15,462,16,3.4042,21337,1,123 James Street to Hub,268631,James St & Wegmans Plaza,Sy 20,2025-12-02 02:49:15+00:00,2025-12-02 02:46:01+00:00,2025-12-02 02:46:01+00:00,1900,43.06974411010742,-76.0882797241211,-194,2025-12-01
1759891,21:50:00,7891,17,3.5927,21337,1,123 James Street to Hub,268631,James St & Thompson Rd,Sy 20,2025-12-02 02:50:00+00:00,2025-12-02 02:50:01+00:00,2025-12-02 02:50:01+00:00,1900,43.0696907043457,-76.08936309814453,1,2025-12-01
1759891,21:51:03,581,18,3.8804,21337,1,123 James Street to Hub,268631,James St & Clover Ridge Dr,Sy 20,2025-12-02 02:51:03+00:00,2025-12-02 02:51:01+00:00,2025-12-02 02:51:01+00:00,1900,43.06946637737217,-76.09333698785127,-2,2025-12-01
1759891,21:51:57,569,19,4.1278,21337,1,123 James Street to Hub,268631,James St & E Milford Dr,Sy 20,2025-12-02 02:51:57+00:00,,2025-12-02 02:51:21.237218813+00:00,1900,,,-35,2025-12-01
1759891,21:52:30,568,20,4.2792,21337,1,123 James Street to Hub,268631,James St & Walter Dr,Sy 20,2025-12-02 02:52:30+00:00,,2025-12-02 02:51:33.621676891+00:00,1900,,,-56,2025-12-01
1759891,21:52:56,560,21,4.3975,21337,1,123 James Street to Hub,268631,James St & Lamson St,Sy 20,2025-12-02 02:52:56+00:00,,2025-12-02 02:51:43.298568507+00:00,1900,,,-72,2025-12-01
1759891,21:53:22,556,22,4.5157,21337,1,123 James Street to Hub,268631,James St & Lynwood Ave,Sy 20,2025-12-02 02:53:22+00:00,,2025-12-02 02:51:52.967280163+00:00,1900,,,-89,2025-12-01
1759891,21:53:43,549,23,4.6139,21337,1,123 James Street to Hub,268631,James St & Homecroft Rd,Sy 20,2025-12-02 02:53:43+00:00,2025-12-02 02:52:01+00:00,2025-12-02 02:52:01+00:00,1900,43.0690218392065,-76.10275565971763,-102,2025-12-01
1759891,21:54:09,546,24,4.7342,21337,1,123 James Street to Hub,268631,James St & Rigi Ave,Sy 20,2025-12-02 02:54:09+00:00,,2025-12-02 02:52:34.951081843+00:00,1900,,,-94,2025-12-01
1759891,21:54:29,10550,25,4.8265,21337,1,123 James Street to Hub,268631,James St & N Midler Ave,Sy 20,2025-12-02 02:54:29+00:00,2025-12-02 02:53:01+00:00,2025-12-02 02:53:01+00:00,1900,43.068920398580616,-76.10469318258352,-88,2025-12-01
1759891,21:54:48,539,26,4.9157,21337,1,123 James Street to Hub,268631,James St & N Edwards Ave,Sy 20,2025-12-02 02:54:48+00:00,,2025-12-02 02:53:13.592941176+00:00,1900,,,-94,2025-12-01
1759891,21:55:07,534,27,5.0049,21337,1,123 James Street to Hub,268631,James St & N Collingwood Ave,Sy 20,2025-12-02 02:55:07+00:00,,2025-12-02 02:53:26.185882352+00:00,1900,,,-100,2025-12-01
1759891,21:55:24,530,28,5.0861,21337,1,123 James Street to Hub,268631,James St & Ashdale Ave,Sy 20,2025-12-02 02:55:24+00:00,,2025-12-02 02:53:37.649411764+00:00,1900,,,-106,2025-12-01
1759891,21:56:00,520,29,5.2515,21337,1,123 James Street to Hub,268631,James St & Lillian Ave,Sy 20,2025-12-02 02:56:00+00:00,2025-12-02 02:54:01+00:00,2025-12-02 02:54:01+00:00,1900,43.06872550477373,-76.10990483710107,-119,2025-12-01
1759891,21:56:26,516,30,5.3737,21337,1,123 James Street to Hub,268631,James St & Marlborough Rd,Sy 20,2025-12-02 02:56:26+00:00,2025-12-02 02:55:01+00:00,2025-12-02 02:55:01+00:00,1900,43.06865048408508,-76.11160147190094,-85,2025-12-01
1759891,21:56:50,511,31,5.4860,21337,1,123 James Street to Hub,268631,James St & North Ave,Sy 20,2025-12-02 02:56:50+00:00,,2025-12-02 02:56:09.250189921+00:00,1900,,,-40,2025-12-01
1759891,21:57:02,501,32,5.5432,21337,1,123 James Street to Hub,268631,James St & Hickok Ave,Sy 20,2025-12-02 02:57:02+00:00,,2025-12-02 02:56:44.013421119+00:00,1900,,,-17,2025-12-01
1759891,21:58:00,499,33,5.7686,21337,1,123 James Street to Hub,268631,James St & Mildred Ave,Sy 20,2025-12-02 02:58:00+00:00,2025-12-02 02:59:01+00:00,2025-12-02 02:59:01+00:00,1900,43.06816864013672,-76.11625305175781,61,2025-12-01
1759891,21:58:42,484,34,5.9802,21337,1,123 James Street to Hub,268631,James St & Peck Ave,Sy 20,2025-12-02 02:58:42+00:00,,2025-12-02 02:59:37.731929425+00:00,1900,,,55,2025-12-01
1759891,21:59:10,483,35,6.1200,21337,1,123 James Street to Hub,268631,James St & Rugby Rd,Sy 20,2025-12-02 02:59:10+00:00,2025-12-02 03:00:02+00:00,2025-12-02 03:00:02+00:00,1900,43.06586319208145,-76.12097239494324,52,2025-12-01
1759891,22:00:18,470,36,6.4587,21337,1,123 James Street to Hub,268631,James St & Hampton Rd,Sy 20,2025-12-02 03:00:18+00:00,2025-12-02 03:01:01+00:00,2025-12-02 03:01:01+00:00,1900,43.064502596855164,-76.12374353408813,43,2025-12-01
1759891,22:01:17,476,37,6.7552,21337,1,123 James Street to Hub,268631,James St & Durston Ave,Sy 20,2025-12-02 03:01:17+00:00,,2025-12-02 03:01:25.082848246+00:00,1900,,,8,2025-12-01
1759891,22:01:49,455,38,6.9180,21337,1,123 James Street to Hub,268631,James St & Sedgwick Dr,Sy 20,2025-12-02 03:01:49+00:00,,2025-12-02 03:01:38.306078245+00:00,1900,,,-10,2025-12-01
1759891,22:02:45,451,39,7.1974,21337,1,123 James Street to Hub,268631,James St & Dewitt St,Sy 20,2025-12-02 03:02:45+00:00,2025-12-02 03:02:01+00:00,2025-12-02 03:02:01+00:00,1900,43.06137547348485,-76.13013319535689,-44,2025-12-01
1759891,22:04:00,447,40,7.5610,21337,1,123 James Street to Hub,268631,James St & Oak St,Sy 20,2025-12-02 03:04:00+00:00,2025-12-02 03:04:01+00:00,2025-12-02 03:04:01+00:00,1900,43.05917161305745,-76.13465181986491,1,2025-12-01
1759891,22:04:18,6678,41,7.6553,21337,1,123 James Street to Hub,268631,James St & Bryant and Stratton College,Sy 20,2025-12-02 03:04:18+00:00,2025-12-02 03:05:01+00:00,2025-12-02 03:05:01+00:00,1900,43.05854272842407,-76.13598561286926,43,2025-12-01
1759891,22:05:08,443,42,7.9088,21337,1,123 James Street to Hub,268631,James St & Highland St,Sy 20,2025-12-02 03:05:08+00:00,,2025-12-02 03:05:34.516967827+00:00,1900,,,26,2025-12-01
1759891,22:05:47,438,43,8.1091,21337,1,123 James Street to Hub,268631,James St & Lodi St,Sy 20,2025-12-02 03:05:47+00:00,2025-12-02 03:06:01+00:00,2025-12-02 03:06:01+00:00,1900,43.056209564208984,-76.14071146647136,14,2025-12-01
1759891,22:06:34,10928,44,8.3465,21337,1,123 James Street to Hub,268631,James St & Catherine St,Sy 20,2025-12-02 03:06:34+00:00,2025-12-02 03:07:01+00:00,2025-12-02 03:07:01+00:00,1900,43.05506924885075,-76.1430040685142,27,2025-12-01
1759891,22:07:02,431,45,8.4885,21337,1,123 James Street to Hub,268631,James St & N McBride St,Sy 20,2025-12-02 03:07:02+00:00,,2025-12-02 03:07:17.595247370+00:00,1900,,,15,2025-12-01
1759891,22:07:29,425,46,8.6289,21337,1,123 James Street to Hub,268631,James St & N Townsend St,Sy 20,2025-12-02 03:07:29+00:00,,2025-12-02 03:07:34.003506038+00:00,1900,,,5,2025-12-01
1759891,22:08:14,426,47,8.8599,21337,1,123 James Street to Hub,268631,James St & N State St,Sy 20,2025-12-02 03:08:14+00:00,2025-12-02 03:08:01+00:00,2025-12-02 03:08:01+00:00,1900,43.05270393221986,-76.14779348934398,-13,2025-12-01
1759891,22:09:30,180,48,9.2472,21337,1,123 James Street to Hub,268631,E Willow St & N Salina St,Sy 20,2025-12-02 03:09:30+00:00,2025-12-02 03:09:01+00:00,2025-12-02 03:09:01+00:00,1900,43.05236053466797,-76.15211582183838,-29,2025-12-01
1759891,22:10:00,174,49,9.3722,21337,1,123 James Street to Hub,268631,N Salina St & W Genesee St,Sy 20,2025-12-02 03:10:00+00:00,,2025-12-02 03:09:24.885350318+00:00,1900,,,-35,2025-12-01
1759891,22:10:57,99,50,9.5612,21337,1,123 James Street to Hub,268631,S Salina St & Washington St,Sy 20,2025-12-02 03:10:57+00:00,2025-12-02 03:10:01+00:00,2025-12-02 03:10:01+00:00,1900,43.05024264840519,-76.15220473794376,-56,2025-12-01
1759891,22:12:33,7987,51,9.8783,21337,1,123 James Street to Hub,268631,S Salina St & W Jefferson St,Sy 20,2025-12-02 03:12:33+00:00,2025-12-02 03:11:01+00:00,2025-12-02 03:11:01+00:00,1900,43.047319412231445,-76.15226745605469,-92,2025-12-01
1759891,22:15:00,17656,52,10.3585,21337,1,123 James Street to Hub,268631,B17,Sy 20,2025-12-02 03:15:00+00:00,,,,,,,2025-12-01
1759892,23:02:00,7888,1,,21337,1,123 James Street to Hub,268632,Walmart - East Syracuse,Sy 20,2025-12-02 04:02:00+00:00,2025-12-02 04:10:01+00:00,2025-12-02 04:10:01+00:00,2454,43.06275177001953,-76.06053924560547,481,2025-12-01
1759892,23:04:19,14862,2,1.0475,21337,1,123 James Street to Hub,268632,Bridge St & E 2nd St,Sy 20,2025-12-02 04:04:19+00:00,2025-12-02 04:11:01+00:00,2025-12-02 04:11:01+00:00,2454,43.062339782714844,-76.06764221191406,402,2025-12-01
1759892,23:05:10,2526,3,1.4366,21337,1,123 James Street to Hub,268632,E Manlius St & N Center St,Sy 20,2025-12-02 04:05:10+00:00,2025-12-02 04:12:01+00:00,2025-12-02 04:12:01+00:00,2454,43.064029693603516,-76.07093048095703,411,2025-12-01
1759892,23:05:34,7278,4,1.6169,21337,1,123 James Street to Hub,268632,W Manlius St & Silver St,Sy 20,2025-12-02 04:05:34+00:00,,2025-12-02 04:12:23.938931297+00:00,2454,,,409,2025-12-01
1759892,23:05:46,7262,5,1.7125,21337,1,123 James Street to Hub,268632,W Manlius St & North St,Sy 20,2025-12-02 04:05:46+00:00,,2025-12-02 04:12:36.101781170+00:00,2454,,,410,2025-12-01
1759892,23:06:12,7236,6,1.9082,21337,1,123 James Street to Hub,268632,W Manlius St & Kinne St,Sy 20,2025-12-02 04:06:12+00:00,2025-12-02 04:13:01+00:00,2025-12-02 04:13:01+00:00,2454,43.06470051217586,-76.07671908114818,409,2025-12-01
1759892,23:06:40,1311,7,2.1235,21337,1,123 James Street to Hub,268632,Kinne St & W Yates St,Sy 20,2025-12-02 04:06:40+00:00,,2025-12-02 04:13:21.701923076+00:00,2454,,,401,2025-12-01
1759892,23:06:50,3867,8,2.1986,21337,1,123 James Street to Hub,268632,Kinne St & W Heman St,Sy 20,2025-12-02 04:06:50+00:00,,2025-12-02 04:13:28.923076923+00:00,2454,,,398,2025-12-01
1759892,23:07:01,7615,9,2.2877,21337,1,123 James Street to Hub,268632,Kinne St & Irving St,Sy 20,2025-12-02 04:07:01+00:00,,2025-12-02 04:13:37.490384615+00:00,2454,,,396,2025-12-01
1759892,23:07:33,2465,10,2.5322,21337,1,123 James Street to Hub,268632,Kinne St & James St,Sy 20,2025-12-02 04:07:33+00:00,2025-12-02 04:14:01+00:00,2025-12-02 04:14:01+00:00,2454,43.06974435621692,-76.07697222309727,388,2025-12-01
1759892,23:07:48,2460,11,2.6446,21337,1,123 James Street to Hub,268632,James St & East Ave,Sy 20,2025-12-02 04:07:48+00:00,,2025-12-02 04:14:42.386928505+00:00,2454,,,414,2025-12-01
1759892,23:08:02,2451,12,2.7568,21337,1,123 James Street to Hub,268632,James St & Highland Ave,Sy 20,2025-12-02 04:08:02+00:00,,2025-12-02 04:15:23.700214789+00:00,2454,,,441,2025-12-01
1759892,23:08:15,2450,13,2.8581,21337,1,123 James Street to Hub,268632,James St & Roby Ave,Sy 20,2025-12-02 04:08:15+00:00,2025-12-02 04:16:01+00:00,2025-12-02 04:16:01+00:00,2454,43.0700267791748,-76.08109817504882,466,2025-12-01
1759892,23:08:27,2446,14,2.9512,21337,1,123 James Street to Hub,268632,James St & Colfax Ave,Sy 20,2025-12-02 04:08:27+00:00,,2025-12-02 04:16:11.058414209+00:00,2454,,,464,2025-12-01
1759892,23:08:39,2438,15,3.0444,21337,1,123 James Street to Hub,268632,James St & Schoeder St,Sy 20,2025-12-02 04:08:39+00:00,,2025-12-02 04:16:21.127632301+00:00,2454,,,462,2025-12-01
1759892,23:09:27,462,16,3.4042,21337,1,123 James Street to Hub,268632,James St & Wegmans Plaza,Sy 20,2025-12-02 04:09:27+00:00,2025-12-02 04:17:00+00:00,2025-12-02 04:17:00+00:00,2454,43.069765191329154,-76.08781914961965,453,2025-12-01
1759892,23:10:00,7891,17,3.5927,21337,1,123 James Street to Hub,268632,James St & Thompson Rd,Sy 20,2025-12-02 04:10:00+00:00,,2025-12-02 04:17:13.141142857+00:00,2454,,,433,2025-12-01
1759892,23:11:03,581,18,3.8804,21337,1,123 James Street to Hub,268632,James St & Clover Ridge Dr,Sy 20,2025-12-02 04:11:03+00:00,,2025-12-02 04:17:33.197942857+00:00,2454,,,390,2025-12-01
1759892,23:11:57,569,19,4.1278,21337,1,123 James Street to Hub,268632,James St & E Milford Dr,Sy 20,2025-12-02 04:11:57+00:00,,2025-12-02 04:17:50.445257142+00:00,2454,,,353,2025-12-01
1759892,23:12:30,568,20,4.2792,21337,1,123 James Street to Hub,268632,James St & Walter Dr,Sy 20,2025-12-02 04:12:30+00:00,2025-12-02 04:18:01+00:00,2025-12-02 04:18:01+00:00,2454,43.06928634643555,-76.09785842895508,331,2025-12-01
1759892,23:12:56,560,21,4.3975,21337,1,123 James Street to Hub,268632,James St & Lamson St,Sy 20,2025-12-02 04:12:56+00:00,,2025-12-02 04:18:13.969121140+00:00,2454,,,317,2025-12-01
1759892,23:13:22,556,22,4.5157,21337,1,123 James Street to Hub,268632,James St & Lynwood Ave,Sy 20,2025-12-02 04:13:22+00:00,,2025-12-02 04:18:26.927279371+00:00,2454,,,304,2025-12-01
1759892,23:13:43,549,23,4.6139,21337,1,123 James Street to Hub,268632,James St & Homecroft Rd,Sy 20,2025-12-02 04:13:43+00:00,,2025-12-02 04:18:37.692855837+00:00,2454,,,294,2025-12-01
1759892,23:14:09,546,24,4.7342,21337,1,123 James Street to Hub,268632,James St & Rigi Ave,Sy 20,2025-12-02 04:14:09+00:00,,2025-12-02 04:18:50.881235154+00:00,2454,,,281,2025-12-01
1759892,23:14:29,10550,25,4.8265,21337,1,123 James Street to Hub,268632,James St & N Midler Ave,Sy 20,2025-12-02 04:14:29+00:00,2025-12-02 04:19:01+00:00,2025-12-02 04:19:01+00:00,2454,43.068893366846545,-76.10531418899009,272,2025-12-01
1759892,23:14:48,539,26,4.9157,21337,1,123 James Street to Hub,268632,James St & N Edwards Ave,Sy 20,2025-12-02 04:14:48+00:00,2025-12-02 04:21:01+00:00,2025-12-02 04:21:01+00:00,2454,43.06883252253298,-76.10681164850953,373,2025-12-01
1759892,23:15:07,534,27,5.0049,21337,1,123 James Street to Hub,268632,James St & N Collingwood Ave,Sy 20,2025-12-02 04:15:07+00:00,,2025-12-02 04:21:12.685589519+00:00,2454,,,365,2025-12-01
1759892,23:15:24,530,28,5.0861,21337,1,123 James Street to Hub,268632,James St & Ashdale Ave,Sy 20,2025-12-02 04:15:24+00:00,,2025-12-02 04:21:23.323144104+00:00,2454,,,359,2025-12-01
1759892,23:16:00,520,29,5.2515,21337,1,123 James Street to Hub,268632,James St & Lillian Ave,Sy 20,2025-12-02 04:16:00+00:00,,2025-12-02 04:21:44.991266375+00:00,2454,,,344,2025-12-01
1759892,23:16:26,516,30,5.3737,21337,1,123 James Street to Hub,268632,James St & Marlborough Rd,Sy 20,2025-12-02 04:16:26+00:00,2025-12-02 04:22:01+00:00,2025-12-02 04:22:01+00:00,2454,43.068660736083984,-76.11139869689941,335,2025-12-01
1759892,23:16:50,511,31,5.4860,21337,1,123 James Street to Hub,268632,James St & North Ave,Sy 20,2025-12-02 04:16:50+00:00,,2025-12-02 04:22:10.028540801+00:00,2454,,,320,2025-12-01
1759892,23:17:02,501,32,5.5432,21337,1,123 James Street to Hub,268632,James St & Hickok Ave,Sy 20,2025-12-02 04:17:02+00:00,,2025-12-02 04:22:14.627227656+00:00,2454,,,312,2025-12-01
1759892,23:18:00,499,33,5.7686,21337,1,123 James Street to Hub,268632,James St & Mildred Ave,Sy 20,2025-12-02 04:18:00+00:00,,2025-12-02 04:22:32.748626557+00:00,2454,,,272,2025-12-01
1759892,23:18:42,484,34,5.9802,21337,1,123 James Street to Hub,268632,James St & Peck Ave,Sy 20,2025-12-02 04:18:42+00:00,,2025-12-02 04:22:49.760552056+00:00,2454,,,247,2025-12-01
1759892,23:19:10,483,35,6.1200,21337,1,123 James Street to Hub,268632,James St & Rugby Rd,Sy 20,2025-12-02 04:19:10+00:00,2025-12-02 04:23:01+00:00,2025-12-02 04:23:01+00:00,2454,43.06645982915705,-76.11974300037731,231,2025-12-01
1759892,23:20:18,470,36,6.4587,21337,1,123 James Street to Hub,268632,James St & Hampton Rd,Sy 20,2025-12-02 04:20:18+00:00,,2025-12-02 04:23:32.993073047+00:00,2454,,,194,2025-12-01
1759892,23:21:17,476,37,6.7552,21337,1,123 James Street to Hub,268632,James St & Durston Ave,Sy 20,2025-12-02 04:21:17+00:00,2025-12-02 04:24:01+00:00,2025-12-02 04:24:01+00:00,2454,43.063256072998044,-76.12628784179688,164,2025-12-01
1759892,23:21:49,455,38,6.9180,21337,1,123 James Street to Hub,268632,James St & Sedgwick Dr,Sy 20,2025-12-02 04:21:49+00:00,,2025-12-02 04:24:23.457711442+00:00,2454,,,154,2025-12-01
1759892,23:22:45,451,39,7.1974,21337,1,123 James Street to Hub,268632,James St & Dewitt St,Sy 20,2025-12-02 04:22:45+00:00,2025-12-02 04:25:02+00:00,2025-12-02 04:25:02+00:00,2454,43.06046676635742,-76.1319808959961,137,2025-12-01
1759892,23:24:00,447,40,7.5610,21337,1,123 James Street to Hub,268632,James St & Oak St,Sy 20,2025-12-02 04:24:00+00:00,,2025-12-02 04:25:25.530108588+00:00,2454,,,85,2025-12-01
1759892,23:24:18,6678,41,7.6553,21337,1,123 James Street to Hub,268632,James St & Bryant and Stratton College,Sy 20,2025-12-02 04:24:18+00:00,,2025-12-02 04:25:31.632664253+00:00,2454,,,73,2025-12-01
1759892,23:25:08,443,42,7.9088,21337,1,123 James Street to Hub,268632,James St & Highland St,Sy 20,2025-12-02 04:25:08+00:00,,2025-12-02 04:25:48.037731709+00:00,2454,,,40,2025-12-01
1759892,23:25:47,438,43,8.1091,21337,1,123 James Street to Hub,268632,James St & Lodi St,Sy 20,2025-12-02 04:25:47+00:00,2025-12-02 04:26:01+00:00,2025-12-02 04:26:01+00:00,2454,43.056206130981444,-76.14071731567383,14,2025-12-01
1759892,23:26:34,10928,44,8.3465,21337,1,123 James Street to Hub,268632,James St & Catherine St,Sy 20,2025-12-02 04:26:34+00:00,,2025-12-02 04:26:28.402847248+00:00,2454,,,-5,2025-12-01
1759892,23:27:02,431,45,8.4885,21337,1,123 James Street to Hub,268632,James St & N McBride St,Sy 20,2025-12-02 04:27:02+00:00,,2025-12-02 04:26:44.793766833+00:00,2454,,,-17,2025-12-01
1759892,23:27:29,425,46,8.6289,21337,1,123 James Street to Hub,268632,James St & N Townsend St,Sy 20,2025-12-02 04:27:29+00:00,2025-12-02 04:27:01+00:00,2025-12-02 04:27:01+00:00,2454,43.0536003112793,-76.14598846435547,-28,2025-12-01
1759892,23:28:14,426,47,8.8599,21337,1,123 James Street to Hub,268632,James St & N State St,Sy 20,2025-12-02 04:28:14+00:00,2025-12-02 04:28:01+00:00,2025-12-02 04:28:01+00:00,2454,43.0524787902832,-76.14823150634766,-13,2025-12-01
1759892,23:29:30,180,48,9.2472,21337,1,123 James Street to Hub,268632,E Willow St & N Salina St,Sy 20,2025-12-02 04:29:30+00:00,2025-12-02 04:29:01+00:00,2025-12-02 04:29:01+00:00,2454,43.05235780988421,-76.15211595807757,-29,2025-12-01
1759892,23:30:00,174,49,9.3722,21337,1,123 James Street to Hub,268632,N Salina St & W Genesee St,Sy 20,2025-12-02 04:30:00+00:00,,2025-12-02 04:29:24.885350318+00:00,2454,,,-35,2025-12-01
1759892,23:30:57,99,50,9.5612,21337,1,123 James Street to Hub,268632,S Salina St & Washington St,Sy 20,2025-12-02 04:30:57+00:00,2025-12-02 04:30:01+00:00,2025-12-02 04:30:01+00:00,2454,43.0497932434082,-76.1523208618164,-56,2025-12-01
1759892,23:32:33,7987,51,9.8783,21337,1,123 James Street to Hub,268632,S Salina St & W Jefferson St,Sy 20,2025-12-02 04:32:33+00:00,2025-12-02 04:31:01+00:00,2025-12-02 04:31:01+00:00,2454,43.04677726482523,-76.15225219726562,-92,2025-12-01
1759892,23:35:00,17656,52,10.3585,21337,1,123 James Street to Hub,268632,B17,Sy 20,2025-12-02 04:35:00+00:00,2025-12-02 04:32:01+00:00,2025-12-02 04:32:01+00:00,2454,43.04326666666667,-76.15114,-179,2025-12-01
1759893,24:15:00,7888,1,,21337,1,123 James Street to Hub,268631,Walmart - East Syracuse,Sy 20,2025-12-02 05:15:00+00:00,2025-12-02 05:13:01+00:00,2025-12-02 05:13:01+00:00,1900,43.062808990478516,-76.05980682373047,-119,2025-12-01
1759893,24:17:37,14862,2,1.0475,21337,1,123 James Street to Hub,268631,Bridge St & E 2nd St,Sy 20,2025-12-02 05:17:37+00:00,2025-12-02 05:14:01+00:00,2025-12-02 05:14:01+00:00,1900,43.06171417236328,-76.06693267822266,-216,2025-12-01
1759893,24:18:35,2526,3,1.4366,21337,1,123 James Street to Hub,268631,E Manlius St & N Center St,Sy 20,2025-12-02 05:18:35+00:00,2025-12-02 05:15:01+00:00,2025-12-02 05:15:01+00:00,1900,43.06401824951172,-76.07156372070312,-214,2025-12-01
1759893,24:19:02,7278,4,1.6169,21337,1,123 James Street to Hub,268631,W Manlius St & Silver St,Sy 20,2025-12-02 05:19:02+00:00,,2025-12-02 05:15:16.749017324+00:00,1900,,,-225,2025-12-01
1759893,24:19:16,7262,5,1.7125,21337,1,123 James Street to Hub,268631,W Manlius St & North St,Sy 20,2025-12-02 05:19:16+00:00,,2025-12-02 05:15:25.099577813+00:00,1900,,,-230,2025-12-01
1759893,24:19:45,7236,6,1.9082,21337,1,123 James Street to Hub,268631,W Manlius St & Kinne St,Sy 20,2025-12-02 05:19:45+00:00,,2025-12-02 05:15:42.193769107+00:00,1900,,,-242,2025-12-01
1759893,24:20:17,1311,7,2.1235,21337,1,123 James Street to Hub,268631,Kinne St & W Yates St,Sy 20,2025-12-02 05:20:17+00:00,2025-12-02 05:16:01+00:00,2025-12-02 05:16:01+00:00,1900,43.06619644165039,-76.07669067382812,-256,2025-12-01
1759893,24:20:28,3867,8,2.1986,21337,1,123 James Street to Hub,268631,Kinne St & W Heman St,Sy 20,2025-12-02 05:20:28+00:00,,2025-12-02 05:16:09.647092688+00:00,1900,,,-258,2025-12-01
1759893,24:20:41,7615,9,2.2877,21337,1,123 James Street to Hub,268631,Kinne St & Irving St,Sy 20,2025-12-02 05:20:41+00:00,,2025-12-02 05:16:19.906160046+00:00,1900,,,-261,2025-12-01
1759893,24:21:17,2465,10,2.5322,21337,1,123 James Street to Hub,268631,Kinne St & James St,Sy 20,2025-12-02 05:21:17+00:00,,2025-12-02 05:16:48.058146229+00:00,1900,,,-268,2025-12-01
1759893,24:21:33,2460,11,2.6446,21337,1,123 James Street to Hub,268631,James St & East Ave,Sy 20,2025-12-02 05:21:33+00:00,2025-12-02 05:17:01+00:00,2025-12-02 05:17:01+00:00,1900,43.0701789855957,-76.07781219482422,-272,2025-12-01
1759893,24:21:49,2451,12,2.7568,21337,1,123 James Street to Hub,268631,James St & Highland Ave,Sy 20,2025-12-02 05:21:49+00:00,,2025-12-02 05:17:17.838419209+00:00,1900,,,-271,2025-12-01
1759893,24:22:04,2450,13,2.8581,21337,1,123 James Street to Hub,268631,James St & Roby Ave,Sy 20,2025-12-02 05:22:04+00:00,,2025-12-02 05:17:33.041020510+00:00,1900,,,-270,2025-12-01
1759893,24:22:18,2446,14,2.9512,21337,1,123 James Street to Hub,268631,James St & Colfax Ave,Sy 20,2025-12-02 05:22:18+00:00,,2025-12-02 05:17:47.013006503+00:00,1900,,,-270,2025-12-01
1759893,24:22:32,2438,15,3.0444,21337,1,123 James Street to Hub,268631,James St & Schoeder St,Sy 20,2025-12-02 05:22:32+00:00,2025-12-02 05:18:01+00:00,2025-12-02 05:18:01+00:00,1900,43.069908142089844,-76.08368682861328,-271,2025-12-01
1759893,24:23:26,462,16,3.4042,21337,1,123 James Street to Hub,268631,James St & Wegmans Plaza,Sy 20,2025-12-02 05:23:26+00:00,,2025-12-02 05:18:40.372606237+00:00,1900,,,-285,2025-12-01
1759893,24:24:00,7891,17,3.5927,21337,1,123 James Street to Hub,268631,James St & Thompson Rd,Sy 20,2025-12-02 05:24:00+00:00,2025-12-02 05:19:01+00:00,2025-12-02 05:19:01+00:00,1900,43.06964874267578,-76.09030151367188,-299,2025-12-01
1759893,24:24:55,581,18,3.8804,21337,1,123 James Street to Hub,268631,James St & Clover Ridge Dr,Sy 20,2025-12-02 05:24:55+00:00,2025-12-02 05:20:01+00:00,2025-12-02 05:20:01+00:00,1900,43.06944274902344,-76.0937728881836,-294,2025-12-01
1759893,24:25:42,569,19,4.1278,21337,1,123 James Street to Hub,268631,James St & E Milford Dr,Sy 20,2025-12-02 05:25:42+00:00,,2025-12-02 05:20:38.221664994+00:00,1900,,,-303,2025-12-01
1759893,24:26:11,568,20,4.2792,21337,1,123 James Street to Hub,268631,James St & Walter Dr,Sy 20,2025-12-02 05:26:11+00:00,2025-12-02 05:21:01+00:00,2025-12-02 05:21:01+00:00,1900,43.06928253173828,-76.09797668457031,-310,2025-12-01
1759893,24:26:33,560,21,4.3975,21337,1,123 James Street to Hub,268631,James St & Lamson St,Sy 20,2025-12-02 05:26:33+00:00,,2025-12-02 05:21:16.599999999+00:00,1900,,,-316,2025-12-01
1759893,24:26:55,556,22,4.5157,21337,1,123 James Street to Hub,268631,James St & Lynwood Ave,Sy 20,2025-12-02 05:26:55+00:00,,2025-12-02 05:21:32.186813186+00:00,1900,,,-322,2025-12-01
1759893,24:27:13,549,23,4.6139,21337,1,123 James Street to Hub,268631,James St & Homecroft Rd,Sy 20,2025-12-02 05:27:13+00:00,,2025-12-02 05:21:45.136263736+00:00,1900,,,-327,2025-12-01
1759893,24:27:36,546,24,4.7342,21337,1,123 James Street to Hub,268631,James St & Rigi Ave,Sy 20,2025-12-02 05:27:36+00:00,2025-12-02 05:22:01+00:00,2025-12-02 05:22:01+00:00,1900,43.0689582824707,-76.10388946533203,-335,2025-12-01
1759893,24:27:53,10550,25,4.8265,21337,1,123 James Street to Hub,268631,James St & N Midler Ave,Sy 20,2025-12-02 05:27:53+00:00,2025-12-02 05:23:01+00:00,2025-12-02 05:23:01+00:00,1900,43.06895065307617,-76.10517883300781,-292,2025-12-01
1759893,24:28:10,539,26,4.9157,21337,1,123 James Street to Hub,268631,James St & N Edwards Ave,Sy 20,2025-12-02 05:28:10+00:00,,2025-12-02 05:23:21.616332819+00:00,1900,,,-288,2025-12-01
1759893,24:28:27,534,27,5.0049,21337,1,123 James Street to Hub,268631,James St & N Collingwood Ave,Sy 20,2025-12-02 05:28:27+00:00,,2025-12-02 05:23:42.232665639+00:00,1900,,,-284,2025-12-01
1759893,24:28:42,530,28,5.0861,21337,1,123 James Street to Hub,268631,James St & Ashdale Ave,Sy 20,2025-12-02 05:28:42+00:00,2025-12-02 05:24:01+00:00,2025-12-02 05:24:01+00:00,1900,43.06880187988281,-76.1083755493164,-281,2025-12-01
1759893,24:29:13,520,29,5.2515,21337,1,123 James Street to Hub,268631,James St & Lillian Ave,Sy 20,2025-12-02 05:29:13+00:00,,2025-12-02 05:26:33.337344126+00:00,1900,,,-159,2025-12-01
1759893,24:29:36,516,30,5.3737,21337,1,123 James Street to Hub,268631,James St & Marlborough Rd,Sy 20,2025-12-02 05:29:36+00:00,,2025-12-02 05:28:25.886458105+00:00,1900,,,-70,2025-12-01
1759893,24:29:57,511,31,5.4860,21337,1,123 James Street to Hub,268631,James St & North Ave,Sy 20,2025-12-02 05:29:57+00:00,,2025-12-02 05:30:09.317436009+00:00,1900,,,12,2025-12-01
1759893,24:30:08,501,32,5.5432,21337,1,123 James Street to Hub,268631,James St & Hickok Ave,Sy 20,2025-12-02 05:30:08+00:00,2025-12-02 05:31:02+00:00,2025-12-02 05:31:02+00:00,1900,43.06851431039664,-76.11420088547926,54,2025-12-01
1759893,24:31:00,499,33,5.7686,21337,1,123 James Street to Hub,268631,James St & Mildred Ave,Sy 20,2025-12-02 05:31:00+00:00,,2025-12-02 05:31:25.055825242+00:00,1900,,,25,2025-12-01
1759893,24:31:42,484,34,5.9802,21337,1,123 James Street to Hub,268631,James St & Peck Ave,Sy 20,2025-12-02 05:31:42+00:00,,2025-12-02 05:31:46.700069348+00:00,1900,,,4,2025-12-01
1759893,24:32:10,483,35,6.1200,21337,1,123 James Street to Hub,268631,James St & Rugby Rd,Sy 20,2025-12-02 05:32:10+00:00,2025-12-02 05:32:01+00:00,2025-12-02 05:32:01+00:00,1900,43.06619048118591,-76.1203122138977,-9,2025-12-01
1759893,24:33:18,470,36,6.4587,21337,1,123 James Street to Hub,268631,James St & Hampton Rd,Sy 20,2025-12-02 05:33:18+00:00,,2025-12-02 05:32:32.993073047+00:00,1900,,,-45,2025-12-01
1759893,24:34:17,476,37,6.7552,21337,1,123 James Street to Hub,268631,James St & Durston Ave,Sy 20,2025-12-02 05:34:17+00:00,2025-12-02 05:33:01+00:00,2025-12-02 05:33:01+00:00,1900,43.063002289318646,-76.12680316362224,-76,2025-12-01
1759893,24:34:49,455,38,6.9180,21337,1,123 James Street to Hub,268631,James St & Sedgwick Dr,Sy 20,2025-12-02 05:34:49+00:00,,2025-12-02 05:33:23.089552238+00:00,1900,,,-85,2025-12-01
1759893,24:35:45,451,39,7.1974,21337,1,123 James Street to Hub,268631,James St & Dewitt St,Sy 20,2025-12-02 05:35:45+00:00,2025-12-02 05:34:01+00:00,2025-12-02 05:34:01+00:00,1900,43.06077737519235,-76.13134557550603,-104,2025-12-01
1759893,24:37:00,447,40,7.5610,21337,1,123 James Street to Hub,268631,James St & Oak St,Sy 20,2025-12-02 05:37:00+00:00,,2025-12-02 05:34:31.666291818+00:00,1900,,,-148,2025-12-01
1759893,24:37:18,6678,41,7.6553,21337,1,123 James Street to Hub,268631,James St & Bryant and Stratton College,Sy 20,2025-12-02 05:37:18+00:00,,2025-12-02 05:34:39.619623278+00:00,1900,,,-158,2025-12-01
1759893,24:38:08,443,42,7.9088,21337,1,123 James Street to Hub,268631,James St & Highland St,Sy 20,2025-12-02 05:38:08+00:00,2025-12-02 05:35:01+00:00,2025-12-02 05:35:01+00:00,1900,43.05751155404484,-76.13801339093376,-187,2025-12-01
1759893,24:38:47,438,43,8.1091,21337,1,123 James Street to Hub,268631,James St & Lodi St,Sy 20,2025-12-02 05:38:47+00:00,2025-12-02 05:36:01+00:00,2025-12-02 05:36:01+00:00,1900,43.05620784759522,-76.14071439107259,-166,2025-12-01
1759893,24:39:34,10928,44,8.3465,21337,1,123 James Street to Hub,268631,James St & Catherine St,Sy 20,2025-12-02 05:39:34+00:00,,2025-12-02 05:36:28.859561369+00:00,1900,,,-185,2025-12-01
1759893,24:40:02,431,45,8.4885,21337,1,123 James Street to Hub,268631,James St & N McBride St,Sy 20,2025-12-02 05:40:02+00:00,,2025-12-02 05:36:45.523662947+00:00,1900,,,-196,2025-12-01
1759893,24:40:29,425,46,8.6289,21337,1,123 James Street to Hub,268631,James St & N Townsend St,Sy 20,2025-12-02 05:40:29+00:00,2025-12-02 05:37:02+00:00,2025-12-02 05:37:02+00:00,1900,43.05360113779704,-76.14598668416342,-207,2025-12-01
1759893,24:41:14,426,47,8.8599,21337,1,123 James Street to Hub,268631,James St & N State St,Sy 20,2025-12-02 05:41:14+00:00,,2025-12-02 05:37:24.042697719+00:00,1900,,,-229,2025-12-01
1759893,24:42:30,180,48,9.2472,21337,1,123 James Street to Hub,268631,E Willow St & N Salina St,Sy 20,2025-12-02 05:42:30+00:00,2025-12-02 05:38:01+00:00,2025-12-02 05:38:01+00:00,1900,43.05242861234225,-76.15062185434195,-269,2025-12-01
1759893,24:43:00,174,49,9.3722,21337,1,123 James Street to Hub,268631,N Salina St & W Genesee St,Sy 20,2025-12-02 05:43:00+00:00,,2025-12-02 05:38:24.885350318+00:00,1900,,,-275,2025-12-01
1759893,24:43:46,99,50,9.5612,21337,1,123 James Street to Hub,268631,S Salina St & Washington St,Sy 20,2025-12-02 05:43:46+00:00,2025-12-02 05:39:01+00:00,2025-12-02 05:39:01+00:00,1900,43.04969300164117,-76.15220642089844,-285,2025-12-01
1759893,24:45:03,7987,51,9.8783,21337,1,123 James Street to Hub,268631,S Salina St & W Jefferson St,Sy 20,2025-12-02 05:45:03+00:00,2025-12-02 05:40:02+00:00,2025-12-02 05:40:02+00:00,1900,43.04785675048828,-76.15225219726562,-301,2025-12-01
1759893,24:47:00,17656,52,10.3585,21337,1,123 James Street to Hub,268631,B17,Sy 20,2025-12-02 05:47:00+00:00,,,,,,,2025-12-01
1759894,20:18:00,7888,1,,21337,1,123 James Street to Hub,268633,Walmart - East Syracuse,Sy 20,2025-12-02 01:18:00+00:00,2025-12-02 01:24:01+00:00,2025-12-02 01:24:01+00:00,1772,43.06271764967177,-76.06081008911133,361,2025-12-01
1759894,20:21:29,14862,2,1.0475,21337,1,123 James Street to Hub,268633,Bridge St & E 2nd St,Sy 20,2025-12-02 01:21:29+00:00,2025-12-02 01:25:01+00:00,2025-12-02 01:25:01+00:00,1772,43.061500549316406,-76.06619262695312,212,2025-12-01
1759894,20:22:46,2526,3,1.4366,21337,1,123 James Street to Hub,268633,E Manlius St & N Center St,Sy 20,2025-12-02 01:22:46+00:00,,2025-12-02 01:25:55.248867201+00:00,1772,,,189,2025-12-01
1759894,20:23:22,7278,4,1.6169,21337,1,123 James Street to Hub,268633,W Manlius St & Silver St,Sy 20,2025-12-02 01:23:22+00:00,,2025-12-02 01:26:20.386545834+00:00,1772,,,178,2025-12-01
1759894,20:23:41,7262,5,1.7125,21337,1,123 James Street to Hub,268633,W Manlius St & North St,Sy 20,2025-12-02 01:23:41+00:00,,2025-12-02 01:26:33.715231788+00:00,1772,,,172,2025-12-01
1759894,20:24:20,7236,6,1.9082,21337,1,123 James Street to Hub,268633,W Manlius St & Kinne St,Sy 20,2025-12-02 01:24:20+00:00,2025-12-02 01:27:01+00:00,2025-12-02 01:27:01+00:00,1772,43.06450271606445,-76.07614135742188,161,2025-12-01
1759894,20:25:03,1311,7,2.1235,21337,1,123 James Street to Hub,268633,Kinne St & W Yates St,Sy 20,2025-12-02 01:25:03+00:00,,2025-12-02 01:27:21.701923076+00:00,1772,,,138,2025-12-01
1759894,20:25:18,3867,8,2.1986,21337,1,123 James Street to Hub,268633,Kinne St & W Heman St,Sy 20,2025-12-02 01:25:18+00:00,,2025-12-02 01:27:28.923076923+00:00,1772,,,130,2025-12-01
1759894,20:25:35,7615,9,2.2877,21337,1,123 James Street to Hub,268633,Kinne St & Irving St,Sy 20,2025-12-02 01:25:35+00:00,,2025-12-02 01:27:37.490384615+00:00,1772,,,122,2025-12-01
1759894,20:26:23,2465,10,2.5322,21337,1,123 James Street to Hub,268633,Kinne St & James St,Sy 20,2025-12-02 01:26:23+00:00,2025-12-02 01:28:01+00:00,2025-12-02 01:28:01+00:00,1772,43.06975173950195,-76.07697296142578,98,2025-12-01
1759894,20:26:45,2460,11,2.6446,21337,1,123 James Street to Hub,268633,James St & East Ave,Sy 20,2025-12-02 01:26:45+00:00,,2025-12-02 01:28:14.166731745+00:00,1772,,,89,2025-12-01
1759894,20:27:07,2451,12,2.7568,21337,1,123 James Street to Hub,268633,James St & Highland Ave,Sy 20,2025-12-02 01:27:07+00:00,,2025-12-02 01:28:27.310035142+00:00,1772,,,80,2025-12-01
1759894,20:27:27,2450,13,2.8581,21337,1,123 James Street to Hub,268633,James St & Roby Ave,Sy 20,2025-12-02 01:27:27+00:00,,2025-12-02 01:28:39.176493557+00:00,1772,,,72,2025-12-01
1759894,20:27:45,2446,14,2.9512,21337,1,123 James Street to Hub,268633,James St & Colfax Ave,Sy 20,2025-12-02 01:27:45+00:00,,2025-12-02 01:28:50.082389691+00:00,1772,,,65,2025-12-01
1759894,20:28:03,2438,15,3.0444,21337,1,123 James Street to Hub,268633,James St & Schoeder St,Sy 20,2025-12-02 01:28:03+00:00,2025-12-02 01:29:01+00:00,2025-12-02 01:29:01+00:00,1772,43.069908142089844,-76.08368682861328,58,2025-12-01
1759894,20:29:15,462,16,3.4042,21337,1,123 James Street to Hub,268633,James St & Wegmans Plaza,Sy 20,2025-12-02 01:29:15+00:00,2025-12-02 01:30:01+00:00,2025-12-02 01:30:01+00:00,1772,43.06977000989412,-76.08768422980057,46,2025-12-01
1759894,20:30:00,7891,17,3.5927,21337,1,123 James Street to Hub,268633,James St & Thompson Rd,Sy 20,2025-12-02 01:30:00+00:00,2025-12-02 01:31:01+00:00,2025-12-02 01:31:01+00:00,1772,43.069676032433144,-76.08967267549954,61,2025-12-01
1759894,20:31:03,581,18,3.8804,21337,1,123 James Street to Hub,268633,James St & Clover Ridge Dr,Sy 20,2025-12-02 01:31:03+00:00,2025-12-02 01:32:01+00:00,2025-12-02 01:32:01+00:00,1772,43.06946449849143,-76.09337832322761,58,2025-12-01
1759894,20:31:57,569,19,4.1278,21337,1,123 James Street to Hub,268633,James St & E Milford Dr,Sy 20,2025-12-02 01:31:57+00:00,,2025-12-02 01:32:24.365339209+00:00,1772,,,27,2025-12-01
1759894,20:32:30,568,20,4.2792,21337,1,123 James Street to Hub,268633,James St & Walter Dr,Sy 20,2025-12-02 01:32:30+00:00,,2025-12-02 01:32:38.664095702+00:00,1772,,,8,2025-12-01
1759894,20:32:56,560,21,4.3975,21337,1,123 James Street to Hub,268633,James St & Lamson St,Sy 20,2025-12-02 01:32:56+00:00,,2025-12-02 01:32:49.836770029+00:00,1772,,,-6,2025-12-01
1759894,20:33:22,556,22,4.5157,21337,1,123 James Street to Hub,268633,James St & Lynwood Ave,Sy 20,2025-12-02 01:33:22+00:00,2025-12-02 01:33:01+00:00,2025-12-02 01:33:01+00:00,1772,43.06911373138428,-76.10079669952393,-21,2025-12-01
1759894,20:33:43,549,23,4.6139,21337,1,123 James Street to Hub,268633,James St & Homecroft Rd,Sy 20,2025-12-02 01:33:43+00:00,,2025-12-02 01:33:27.965675057+00:00,1772,,,-15,2025-12-01
1759894,20:34:09,546,24,4.7342,21337,1,123 James Street to Hub,268633,James St & Rigi Ave,Sy 20,2025-12-02 01:34:09+00:00,2025-12-02 01:34:01+00:00,2025-12-02 01:34:01+00:00,1772,43.06898900440761,-76.10346589769635,-8,2025-12-01
1759894,20:34:29,10550,25,4.8265,21337,1,123 James Street to Hub,268633,James St & N Midler Ave,Sy 20,2025-12-02 01:34:29+00:00,,2025-12-02 01:34:31.512396694+00:00,1772,,,2,2025-12-01
1759894,20:34:48,539,26,4.9157,21337,1,123 James Street to Hub,268633,James St & N Edwards Ave,Sy 20,2025-12-02 01:34:48+00:00,2025-12-02 01:35:01+00:00,2025-12-02 01:35:01+00:00,1772,43.068904876708984,-76.10627746582031,13,2025-12-01
1759894,20:35:07,534,27,5.0049,21337,1,123 James Street to Hub,268633,James St & N Collingwood Ave,Sy 20,2025-12-02 01:35:07+00:00,,2025-12-02 01:35:16.938058368+00:00,1772,,,9,2025-12-01
1759894,20:35:24,530,28,5.0861,21337,1,123 James Street to Hub,268633,James St & Ashdale Ave,Sy 20,2025-12-02 01:35:24+00:00,,2025-12-02 01:35:31.446694460+00:00,1772,,,7,2025-12-01
1759894,20:36:00,520,29,5.2515,21337,1,123 James Street to Hub,268633,James St & Lillian Ave,Sy 20,2025-12-02 01:36:00+00:00,2025-12-02 01:36:01+00:00,2025-12-02 01:36:01+00:00,1772,43.06869680231268,-76.1105527010831,1,2025-12-01
1759894,20:36:26,516,30,5.3737,21337,1,123 James Street to Hub,268633,James St & Marlborough Rd,Sy 20,2025-12-02 01:36:26+00:00,,2025-12-02 01:36:32.266524520+00:00,1772,,,6,2025-12-01
1759894,20:36:50,511,31,5.4860,21337,1,123 James Street to Hub,268633,James St & North Ave,Sy 20,2025-12-02 01:36:50+00:00,2025-12-02 01:37:01+00:00,2025-12-02 01:37:01+00:00,1772,43.06858810424805,-76.11274337768555,11,2025-12-01
1759894,20:37:02,501,32,5.5432,21337,1,123 James Street to Hub,268633,James St & Hickok Ave,Sy 20,2025-12-02 01:37:02+00:00,,2025-12-02 01:37:06.413249211+00:00,1772,,,4,2025-12-01
1759894,20:38:00,499,33,5.7686,21337,1,123 James Street to Hub,268633,James St & Mildred Ave,Sy 20,2025-12-02 01:38:00+00:00,,2025-12-02 01:37:27.744479495+00:00,1772,,,-32,2025-12-01
1759894,20:38:42,484,34,5.9802,21337,1,123 James Street to Hub,268633,James St & Peck Ave,Sy 20,2025-12-02 01:38:42+00:00,,2025-12-02 01:37:47.769716088+00:00,1772,,,-54,2025-12-01
1759894,20:39:10,483,35,6.1200,21337,1,123 James Street to Hub,268633,James St & Rugby Rd,Sy 20,2025-12-02 01:39:10+00:00,2025-12-02 01:38:01+00:00,2025-12-02 01:38:01+00:00,1772,43.06617498397827,-76.12034320831299,-69,2025-12-01
1759894,20:40:18,470,36,6.4587,21337,1,123 James Street to Hub,268633,James St & Hampton Rd,Sy 20,2025-12-02 01:40:18+00:00,2025-12-02 01:39:01+00:00,2025-12-02 01:39:01+00:00,1772,43.06473202975291,-76.1232748931309,-77,2025-12-01
1759894,20:41:17,476,37,6.7552,21337,1,123 James Street to Hub,268633,James St & Durston Ave,Sy 20,2025-12-02 01:41:17+00:00,2025-12-02 01:41:01+00:00,2025-12-02 01:41:01+00:00,1772,43.06298390372855,-76.12683643278528,-16,2025-12-01
1759894,20:41:49,455,38,6.9180,21337,1,123 James Street to Hub,268633,James St & Sedgwick Dr,Sy 20,2025-12-02 01:41:49+00:00,,2025-12-02 01:41:13.122114668+00:00,1772,,,-35,2025-12-01
1759894,20:42:45,451,39,7.1974,21337,1,123 James Street to Hub,268633,James St & Dewitt St,Sy 20,2025-12-02 01:42:45+00:00,,2025-12-02 01:41:33.926284437+00:00,1772,,,-71,2025-12-01
1759894,20:44:00,447,40,7.5610,21337,1,123 James Street to Hub,268633,James St & Oak St,Sy 20,2025-12-02 01:44:00+00:00,2025-12-02 01:42:01+00:00,2025-12-02 01:42:01+00:00,1772,43.059142367045084,-76.13471539815266,-119,2025-12-01
1759894,20:44:18,6678,41,7.6553,21337,1,123 James Street to Hub,268633,James St & Bryant and Stratton College,Sy 20,2025-12-02 01:44:18+00:00,2025-12-02 01:43:01+00:00,2025-12-02 01:43:01+00:00,1772,43.05808368805916,-76.13683565201298,-77,2025-12-01
1759894,20:45:08,443,42,7.9088,21337,1,123 James Street to Hub,268633,James St & Highland St,Sy 20,2025-12-02 01:45:08+00:00,,2025-12-02 01:43:45.010416666+00:00,1772,,,-82,2025-12-01
1759894,20:45:47,438,43,8.1091,21337,1,123 James Street to Hub,268633,James St & Lodi St,Sy 20,2025-12-02 01:45:47+00:00,,2025-12-02 01:44:19.784722222+00:00,1772,,,-87,2025-12-01
1759894,20:46:34,10928,44,8.3465,21337,1,123 James Street to Hub,268633,James St & Catherine St,Sy 20,2025-12-02 01:46:34+00:00,2025-12-02 01:45:01+00:00,2025-12-02 01:45:01+00:00,1772,43.05529249760143,-76.14253890723514,-93,2025-12-01
1759894,20:47:02,431,45,8.4885,21337,1,123 James Street to Hub,268633,James St & N McBride St,Sy 20,2025-12-02 01:47:02+00:00,,2025-12-02 01:45:17.595247370+00:00,1772,,,-104,2025-12-01
1759894,20:47:29,425,46,8.6289,21337,1,123 James Street to Hub,268633,James St & N Townsend St,Sy 20,2025-12-02 01:47:29+00:00,,2025-12-02 01:45:34.003506038+00:00,1772,,,-114,2025-12-01
1759894,20:48:14,426,47,8.8599,21337,1,123 James Street to Hub,268633,James St & N State St,Sy 20,2025-12-02 01:48:14+00:00,2025-12-02 01:46:01+00:00,2025-12-02 01:46:01+00:00,1772,43.0524567343972,-76.14836453524502,-133,2025-12-01
1759894,20:49:30,180,48,9.2472,21337,1,123 James Street to Hub,268633,E Willow St & N Salina St,Sy 20,2025-12-02 01:49:30+00:00,,2025-12-02 01:46:34.135605304+00:00,1772,,,-175,2025-12-01
1759894,20:50:00,174,49,9.3722,21337,1,123 James Street to Hub,268633,N Salina St & W Genesee St,Sy 20,2025-12-02 01:50:00+00:00,,2025-12-02 01:46:44.830029944+00:00,1772,,,-195,2025-12-01
1759894,20:52:04,99,50,9.5612,21337,1,123 James Street to Hub,268633,S Salina St & Washington St,Sy 20,2025-12-02 01:52:04+00:00,2025-12-02 01:47:01+00:00,2025-12-02 01:47:01+00:00,1772,43.04967672174627,-76.15220642089844,-303,2025-12-01
1759894,20:55:32,7987,51,9.8783,21337,1,123 James Street to Hub,268633,S Salina St & W Jefferson St,Sy 20,2025-12-02 01:55:32+00:00,,2025-12-02 01:47:27.329919734+00:00,1772,,,-484,2025-12-01
1759894,21:00:00,17644,52,10.2838,21337,1,123 James Street to Hub,268633,A5,Sy 20,2025-12-02 02:00:00+00:00,2025-12-02 01:48:01+00:00,2025-12-02 01:48:01+00:00,1772,43.043783682364,-76.15178115279586,-719,2025-12-01
1759895,15:07:00,9538,1,,21337,1,20 James Street to Hub,268630,Lepage Pl & Walter Dr,Sy 20,2025-12-01 20:07:00+00:00,2025-12-01 20:16:01+00:00,2025-12-01 20:16:01+00:00,2435,43.07081985473633,-76.09989929199219,541,2025-12-01
1759895,15:07:45,555,2,0.3255,21337,1,20 James Street to Hub,268630,Lamson St & James St,Sy 20,2025-12-01 20:07:45+00:00,,2025-12-01 20:16:16.250000+00:00,2435,,,511,2025-12-01
1759895,15:08:02,556,3,0.4497,21337,1,20 James Street to Hub,268630,James St & Lynwood Ave,Sy 20,2025-12-01 20:08:02+00:00,,2025-12-01 20:16:31.500000+00:00,2435,,,509,2025-12-01
1759895,15:08:15,549,4,0.5479,21337,1,20 James Street to Hub,268630,James St & Homecroft Rd,Sy 20,2025-12-01 20:08:15+00:00,,2025-12-01 20:16:46.750000+00:00,2435,,,511,2025-12-01
1759895,15:08:31,546,5,0.6682,21337,1,20 James Street to Hub,268630,James St & Rigi Ave,Sy 20,2025-12-01 20:08:31+00:00,2025-12-01 20:17:02+00:00,2025-12-01 20:17:02+00:00,2435,43.0689811706543,-76.10362243652344,511,2025-12-01
1759895,15:08:44,10550,6,0.7605,21337,1,20 James Street to Hub,268630,James St & N Midler Ave,Sy 20,2025-12-01 20:08:44+00:00,2025-12-01 20:18:01+00:00,2025-12-01 20:18:01+00:00,2435,43.06892808954766,-76.10462204953457,557,2025-12-01
1759895,15:08:56,539,7,0.8497,21337,1,20 James Street to Hub,268630,James St & N Edwards Ave,Sy 20,2025-12-01 20:08:56+00:00,,2025-12-01 20:18:13.592941176+00:00,2435,,,557,2025-12-01
1759895,15:09:08,534,8,0.9389,21337,1,20 James Street to Hub,268630,James St & N Collingwood Ave,Sy 20,2025-12-01 20:09:08+00:00,,2025-12-01 20:18:26.185882352+00:00,2435,,,558,2025-12-01
1759895,15:09:19,530,9,1.0201,21337,1,20 James Street to Hub,268630,James St & Ashdale Ave,Sy 20,2025-12-01 20:09:19+00:00,,2025-12-01 20:18:37.649411764+00:00,2435,,,558,2025-12-01
1759895,15:09:42,520,10,1.1855,21337,1,20 James Street to Hub,268630,James St & Lillian Ave,Sy 20,2025-12-01 20:09:42+00:00,2025-12-01 20:19:01+00:00,2025-12-01 20:19:01+00:00,2435,43.06872586506169,-76.10989026325505,559,2025-12-01
1759895,15:09:59,516,11,1.3077,21337,1,20 James Street to Hub,268630,James St & Marlborough Rd,Sy 20,2025-12-01 20:09:59+00:00,,2025-12-01 20:19:26.144032921+00:00,2435,,,567,2025-12-01
1759895,15:10:14,511,12,1.4200,21337,1,20 James Street to Hub,268630,James St & North Ave,Sy 20,2025-12-01 20:10:14+00:00,,2025-12-01 20:19:49.251028806+00:00,2435,,,575,2025-12-01
1759895,15:10:22,501,13,1.4771,21337,1,20 James Street to Hub,268630,James St & Hickok Ave,Sy 20,2025-12-01 20:10:22+00:00,2025-12-01 20:20:01+00:00,2025-12-01 20:20:01+00:00,2435,43.06851783165565,-76.11414219782903,579,2025-12-01
1759895,15:11:00,499,14,1.7026,21337,1,20 James Street to Hub,268630,James St & Mildred Ave,Sy 20,2025-12-01 20:11:00+00:00,,2025-12-01 20:20:30.554390563+00:00,2435,,,570,2025-12-01
1759895,15:11:36,484,15,1.9142,21337,1,20 James Street to Hub,268630,James St & Peck Ave,Sy 20,2025-12-01 20:11:36+00:00,,2025-12-01 20:20:58.287024901+00:00,2435,,,562,2025-12-01
1759895,15:12:00,483,16,2.0540,21337,1,20 James Street to Hub,268630,James St & Rugby Rd,Sy 20,2025-12-01 20:12:00+00:00,,2025-12-01 20:21:16.609436435+00:00,2435,,,556,2025-12-01
1759895,15:12:58,470,17,2.3927,21337,1,20 James Street to Hub,268630,James St & Hampton Rd,Sy 20,2025-12-01 20:12:58+00:00,2025-12-01 20:22:01+00:00,2025-12-01 20:22:01+00:00,2435,43.064761611650574,-76.12321572933557,543,2025-12-01
1759895,15:13:49,476,18,2.6892,21337,1,20 James Street to Hub,268630,James St & Durston Ave,Sy 20,2025-12-01 20:13:49+00:00,2025-12-01 20:23:01+00:00,2025-12-01 20:23:01+00:00,2435,43.06281057993571,-76.12719408671062,552,2025-12-01
1759895,15:14:17,455,19,2.8520,21337,1,20 James Street to Hub,268630,James St & Sedgwick Dr,Sy 20,2025-12-01 20:14:17+00:00,,2025-12-01 20:23:23.089552238+00:00,2435,,,546,2025-12-01
1759895,15:15:05,451,20,3.1314,21337,1,20 James Street to Hub,268630,James St & Dewitt St,Sy 20,2025-12-01 20:15:05+00:00,2025-12-01 20:24:01+00:00,2025-12-01 20:24:01+00:00,2435,43.06072213914659,-76.13145489162869,536,2025-12-01
1759895,15:16:00,447,21,3.4431,21337,1,20 James Street to Hub,268630,James St & Oak St,Sy 20,2025-12-01 20:16:00+00:00,2025-12-01 20:25:01+00:00,2025-12-01 20:25:01+00:00,2435,43.05923912741921,-76.13447801994555,541,2025-12-01
1759895,15:16:23,6678,22,3.5893,21337,1,20 James Street to Hub,268630,James St & Bryant and Stratton College,Sy 20,2025-12-01 20:16:23+00:00,,,,,,,2025-12-01
1759895,15:17:03,443,23,3.8428,21337,1,20 James Street to Hub,268630,James St & Highland St,Sy 20,2025-12-01 20:17:03+00:00,,,,,,,2025-12-01
1759895,15:17:35,438,24,4.0431,21337,1,20 James Street to Hub,268630,James St & Lodi St,Sy 20,2025-12-01 20:17:35+00:00,,,,,,,2025-12-01
1759895,15:18:13,10928,25,4.2805,21337,1,20 James Street to Hub,268630,James St & Catherine St,Sy 20,2025-12-01 20:18:13+00:00,,,,,,,2025-12-01
1759895,15:18:35,431,26,4.4225,21337,1,20 James Street to Hub,268630,James St & N McBride St,Sy 20,2025-12-01 20:18:35+00:00,,,,,,,2025-12-01
1759895,15:18:57,425,27,4.5628,21337,1,20 James Street to Hub,268630,James St & N Townsend St,Sy 20,2025-12-01 20:18:57+00:00,,,,,,,2025-12-01
1759895,15:19:34,426,28,4.7939,21337,1,20 James Street to Hub,268630,James St & N State St,Sy 20,2025-12-01 20:19:34+00:00,,,,,,,2025-12-01
1759895,15:20:36,180,29,5.1812,21337,1,20 James Street to Hub,268630,E Willow St & N Salina St,Sy 20,2025-12-01 20:20:36+00:00,,,,,,,2025-12-01
1759895,15:21:00,174,30,5.3062,21337,1,20 James Street to Hub,268630,N Salina St & W Genesee St,Sy 20,2025-12-01 20:21:00+00:00,,,,,,,2025-12-01
1759895,15:22:21,99,31,5.4952,21337,1,20 James Street to Hub,268630,S Salina St & Washington St,Sy 20,2025-12-01 20:22:21+00:00,,,,,,,2025-12-01
1759895,15:24:37,7987,32,5.8123,21337,1,20 James Street to Hub,268630,S Salina St & W Jefferson St,Sy 20,2025-12-01 20:24:37+00:00,,,,,,,2025-12-01
1759895,15:30:00,17651,33,6.5583,21337,1,20 James Street to Hub,268630,B12,Sy 20,2025-12-01 20:30:00+00:00,,,,,,,2025-12-01
1759896,15:47:00,9538,1,,21337,1,20 James Street to Hub,268630,Lepage Pl & Walter Dr,Sy 20,2025-12-01 20:47:00+00:00,,,,,,,2025-12-01
1759896,15:47:45,555,2,0.3255,21337,1,20 James Street to Hub,268630,Lamson St & James St,Sy 20,2025-12-01 20:47:45+00:00,,,,,,,2025-12-01
1759896,15:48:02,556,3,0.4497,21337,1,20 James Street to Hub,268630,James St & Lynwood Ave,Sy 20,2025-12-01 20:48:02+00:00,,,,,,,2025-12-01
1759896,15:48:15,549,4,0.5479,21337,1,20 James Street to Hub,268630,James St & Homecroft Rd,Sy 20,2025-12-01 20:48:15+00:00,,,,,,,2025-12-01
1759896,15:48:31,546,5,0.6682,21337,1,20 James Street to Hub,268630,James St & Rigi Ave,Sy 20,2025-12-01 20:48:31+00:00,,,,,,,2025-12-01
1759896,15:48:44,10550,6,0.7605,21337,1,20 James Street to Hub,268630,James St & N Midler Ave,Sy 20,2025-12-01 20:48:44+00:00,,,,,,,2025-12-01
1759896,15:48:56,539,7,0.8497,21337,1,20 James Street to Hub,268630,James St & N Edwards Ave,Sy 20,2025-12-01 20:48:56+00:00,,,,,,,2025-12-01
1759896,15:49:08,534,8,0.9389,21337,1,20 James Street to Hub,268630,James St & N Collingwood Ave,Sy 20,2025-12-01 20:49:08+00:00,,,,,,,2025-12-01
1759896,15:49:19,530,9,1.0201,21337,1,20 James Street to Hub,268630,James St & Ashdale Ave,Sy 20,2025-12-01 20:49:19+00:00,,,,,,,2025-12-01
1759896,15:49:42,520,10,1.1855,21337,1,20 James Street to Hub,268630,James St & Lillian Ave,Sy 20,2025-12-01 20:49:42+00:00,,,,,,,2025-12-01
1759896,15:49:59,516,11,1.3077,21337,1,20 James Street to Hub,268630,James St & Marlborough Rd,Sy 20,2025-12-01 20:49:59+00:00,,,,,,,2025-12-01
1759896,15:50:14,511,12,1.4200,21337,1,20 James Street to Hub,268630,James St & North Ave,Sy 20,2025-12-01 20:50:14+00:00,,,,,,,2025-12-01
1759896,15:50:22,501,13,1.4771,21337,1,20 James Street to Hub,268630,James St & Hickok Ave,Sy 20,2025-12-01 20:50:22+00:00,,,,,,,2025-12-01
1759896,15:51:00,499,14,1.7026,21337,1,20 James Street to Hub,268630,James St & Mildred Ave,Sy 20,2025-12-01 20:51:00+00:00,,,,,,,2025-12-01
1759896,15:51:36,484,15,1.9142,21337,1,20 James Street to Hub,268630,James St & Peck Ave,Sy 20,2025-12-01 20:51:36+00:00,,,,,,,2025-12-01
1759896,15:52:00,483,16,2.0540,21337,1,20 James Street to Hub,268630,James St & Rugby Rd,Sy 20,2025-12-01 20:52:00+00:00,,,,,,,2025-12-01
1759896,15:52:58,470,17,2.3927,21337,1,20 James Street to Hub,268630,James St & Hampton Rd,Sy 20,2025-12-01 20:52:58+00:00,,,,,,,2025-12-01
1759896,15:53:49,476,18,2.6892,21337,1,20 James Street to Hub,268630,James St & Durston Ave,Sy 20,2025-12-01 20:53:49+00:00,,,,,,,2025-12-01
1759896,15:54:17,455,19,2.8520,21337,1,20 James Street to Hub,268630,James St & Sedgwick Dr,Sy 20,2025-12-01 20:54:17+00:00,,,,,,,2025-12-01
1759896,15:55:05,451,20,3.1314,21337,1,20 James Street to Hub,268630,James St & Dewitt St,Sy 20,2025-12-01 20:55:05+00:00,,,,,,,2025-12-01
1759896,15:56:00,447,21,3.4431,21337,1,20 James Street to Hub,268630,James St & Oak St,Sy 20,2025-12-01 20:56:00+00:00,,,,,,,2025-12-01
1759896,15:56:23,6678,22,3.5893,21337,1,20 James Street to Hub,268630,James St & Bryant and Stratton College,Sy 20,2025-12-01 20:56:23+00:00,,,,,,,2025-12-01
1759896,15:57:03,443,23,3.8428,21337,1,20 James Street to Hub,268630,James St & Highland St,Sy 20,2025-12-01 20:57:03+00:00,,,,,,,2025-12-01
1759896,15:57:35,438,24,4.0431,21337,1,20 James Street to Hub,268630,James St & Lodi St,Sy 20,2025-12-01 20:57:35+00:00,,,,,,,2025-12-01
1759896,15:58:13,10928,25,4.2805,21337,1,20 James Street to Hub,268630,James St & Catherine St,Sy 20,2025-12-01 20:58:13+00:00,,,,,,,2025-12-01
1759896,15:58:35,431,26,4.4225,21337,1,20 James Street to Hub,268630,James St & N McBride St,Sy 20,2025-12-01 20:58:35+00:00,,,,,,,2025-12-01
1759896,15:58:57,425,27,4.5628,21337,1,20 James Street to Hub,268630,James St & N Townsend St,Sy 20,2025-12-01 20:58:57+00:00,,,,,,,2025-12-01
1759896,15:59:34,426,28,4.7939,21337,1,20 James Street to Hub,268630,James St & N State St,Sy 20,2025-12-01 20:59:34+00:00,,,,,,,2025-12-01
1759896,16:00:36,180,29,5.1812,21337,1,20 James Street to Hub,268630,E Willow St & N Salina St,Sy 20,2025-12-01 21:00:36+00:00,,,,,,,2025-12-01
1759896,16:01:00,174,30,5.3062,21337,1,20 James Street to Hub,268630,N Salina St & W Genesee St,Sy 20,2025-12-01 21:01:00+00:00,,,,,,,2025-12-01
1759896,16:02:21,99,31,5.4952,21337,1,20 James Street to Hub,268630,S Salina St & Washington St,Sy 20,2025-12-01 21:02:21+00:00,,,,,,,2025-12-01
1759896,16:04:37,7987,32,5.8123,21337,1,20 James Street to Hub,268630,S Salina St & W Jefferson St,Sy 20,2025-12-01 21:04:37+00:00,2025-12-01 21:23:01+00:00,2025-12-01 21:23:01+00:00,2435,43.0467380176891,-76.15225219726562,1104,2025-12-01
1759896,16:10:00,17651,33,6.5583,21337,1,20 James Street to Hub,268630,B12,Sy 20,2025-12-01 21:10:00+00:00,2025-12-01 21:26:01+00:00,2025-12-01 21:26:01+00:00,2435,43.04361,-76.15154833333334,961,2025-12-01
1759897,16:27:00,9538,1,,21337,1,20 James Street to Hub,268630,Lepage Pl & Walter Dr,Sy 20,2025-12-01 21:27:00+00:00,,,,,,,2025-12-01
1759897,16:27:45,555,2,0.3255,21337,1,20 James Street to Hub,268630,Lamson St & James St,Sy 20,2025-12-01 21:27:45+00:00,,,,,,,2025-12-01
1759897,16:28:02,556,3,0.4497,21337,1,20 James Street to Hub,268630,James St & Lynwood Ave,Sy 20,2025-12-01 21:28:02+00:00,,,,,,,2025-12-01
1759897,16:28:15,549,4,0.5479,21337,1,20 James Street to Hub,268630,James St & Homecroft Rd,Sy 20,2025-12-01 21:28:15+00:00,,,,,,,2025-12-01
1759897,16:28:31,546,5,0.6682,21337,1,20 James Street to Hub,268630,James St & Rigi Ave,Sy 20,2025-12-01 21:28:31+00:00,,,,,,,2025-12-01
1759897,16:28:44,10550,6,0.7605,21337,1,20 James Street to Hub,268630,James St & N Midler Ave,Sy 20,2025-12-01 21:28:44+00:00,,,,,,,2025-12-01
1759897,16:28:56,539,7,0.8497,21337,1,20 James Street to Hub,268630,James St & N Edwards Ave,Sy 20,2025-12-01 21:28:56+00:00,,,,,,,2025-12-01
1759897,16:29:08,534,8,0.9389,21337,1,20 James Street to Hub,268630,James St & N Collingwood Ave,Sy 20,2025-12-01 21:29:08+00:00,,,,,,,2025-12-01
1759897,16:29:19,530,9,1.0201,21337,1,20 James Street to Hub,268630,James St & Ashdale Ave,Sy 20,2025-12-01 21:29:19+00:00,,,,,,,2025-12-01
1759897,16:29:42,520,10,1.1855,21337,1,20 James Street to Hub,268630,James St & Lillian Ave,Sy 20,2025-12-01 21:29:42+00:00,,,,,,,2025-12-01
1759897,16:29:59,516,11,1.3077,21337,1,20 James Street to Hub,268630,James St & Marlborough Rd,Sy 20,2025-12-01 21:29:59+00:00,,,,,,,2025-12-01
1759897,16:30:14,511,12,1.4200,21337,1,20 James Street to Hub,268630,James St & North Ave,Sy 20,2025-12-01 21:30:14+00:00,,,,,,,2025-12-01
1759897,16:30:22,501,13,1.4771,21337,1,20 James Street to Hub,268630,James St & Hickok Ave,Sy 20,2025-12-01 21:30:22+00:00,,,,,,,2025-12-01
1759897,16:31:00,499,14,1.7026,21337,1,20 James Street to Hub,268630,James St & Mildred Ave,Sy 20,2025-12-01 21:31:00+00:00,,,,,,,2025-12-01
1759897,16:31:36,484,15,1.9142,21337,1,20 James Street to Hub,268630,James St & Peck Ave,Sy 20,2025-12-01 21:31:36+00:00,,,,,,,2025-12-01
1759897,16:32:00,483,16,2.0540,21337,1,20 James Street to Hub,268630,James St & Rugby Rd,Sy 20,2025-12-01 21:32:00+00:00,,,,,,,2025-12-01
1759897,16:32:58,470,17,2.3927,21337,1,20 James Street to Hub,268630,James St & Hampton Rd,Sy 20,2025-12-01 21:32:58+00:00,,,,,,,2025-12-01
1759897,16:33:49,476,18,2.6892,21337,1,20 James Street to Hub,268630,James St & Durston Ave,Sy 20,2025-12-01 21:33:49+00:00,,,,,,,2025-12-01
1759897,16:34:17,455,19,2.8520,21337,1,20 James Street to Hub,268630,James St & Sedgwick Dr,Sy 20,2025-12-01 21:34:17+00:00,,,,,,,2025-12-01
1759897,16:35:05,451,20,3.1314,21337,1,20 James Street to Hub,268630,James St & Dewitt St,Sy 20,2025-12-01 21:35:05+00:00,,,,,,,2025-12-01
1759897,16:36:00,447,21,3.4431,21337,1,20 James Street to Hub,268630,James St & Oak St,Sy 20,2025-12-01 21:36:00+00:00,,,,,,,2025-12-01
1759897,16:36:23,6678,22,3.5893,21337,1,20 James Street to Hub,268630,James St & Bryant and Stratton College,Sy 20,2025-12-01 21:36:23+00:00,,,,,,,2025-12-01
1759897,16:37:03,443,23,3.8428,21337,1,20 James Street to Hub,268630,James St & Highland St,Sy 20,2025-12-01 21:37:03+00:00,,,,,,,2025-12-01
1759897,16:37:35,438,24,4.0431,21337,1,20 James Street to Hub,268630,James St & Lodi St,Sy 20,2025-12-01 21:37:35+00:00,,,,,,,2025-12-01
1759897,16:38:13,10928,25,4.2805,21337,1,20 James Street to Hub,268630,James St & Catherine St,Sy 20,2025-12-01 21:38:13+00:00,,,,,,,2025-12-01
1759897,16:38:35,431,26,4.4225,21337,1,20 James Street to Hub,268630,James St & N McBride St,Sy 20,2025-12-01 21:38:35+00:00,,,,,,,2025-12-01
1759897,16:38:57,425,27,4.5628,21337,1,20 James Street to Hub,268630,James St & N Townsend St,Sy 20,2025-12-01 21:38:57+00:00,,,,,,,2025-12-01
1759897,16:39:34,426,28,4.7939,21337,1,20 James Street to Hub,268630,James St & N State St,Sy 20,2025-12-01 21:39:34+00:00,,,,,,,2025-12-01
1759897,16:40:36,180,29,5.1812,21337,1,20 James Street to Hub,268630,E Willow St & N Salina St,Sy 20,2025-12-01 21:40:36+00:00,,,,,,,2025-12-01
1759897,16:41:00,174,30,5.3062,21337,1,20 James Street to Hub,268630,N Salina St & W Genesee St,Sy 20,2025-12-01 21:41:00+00:00,,,,,,,2025-12-01
1759897,16:42:21,99,31,5.4952,21337,1,20 James Street to Hub,268630,S Salina St & Washington St,Sy 20,2025-12-01 21:42:21+00:00,,,,,,,2025-12-01
1759897,16:44:37,7987,32,5.8123,21337,1,20 James Street to Hub,268630,S Salina St & W Jefferson St,Sy 20,2025-12-01 21:44:37+00:00,,,,,,,2025-12-01
1759897,16:50:00,17651,33,6.5583,21337,1,20 James Street to Hub,268630,B12,Sy 20,2025-12-01 21:50:00+00:00,,,,,,,2025-12-01
1759898,17:07:00,9538,1,,21337,1,20 James Street to Hub,268630,Lepage Pl & Walter Dr,Sy 20,2025-12-01 22:07:00+00:00,,,,,,,2025-12-01
1759898,17:07:45,555,2,0.3255,21337,1,20 James Street to Hub,268630,Lamson St & James St,Sy 20,2025-12-01 22:07:45+00:00,,,,,,,2025-12-01
1759898,17:08:02,556,3,0.4497,21337,1,20 James Street to Hub,268630,James St & Lynwood Ave,Sy 20,2025-12-01 22:08:02+00:00,,,,,,,2025-12-01
1759898,17:08:15,549,4,0.5479,21337,1,20 James Street to Hub,268630,James St & Homecroft Rd,Sy 20,2025-12-01 22:08:15+00:00,,,,,,,2025-12-01
1759898,17:08:31,546,5,0.6682,21337,1,20 James Street to Hub,268630,James St & Rigi Ave,Sy 20,2025-12-01 22:08:31+00:00,,,,,,,2025-12-01
1759898,17:08:44,10550,6,0.7605,21337,1,20 James Street to Hub,268630,James St & N Midler Ave,Sy 20,2025-12-01 22:08:44+00:00,,,,,,,2025-12-01
1759898,17:08:56,539,7,0.8497,21337,1,20 James Street to Hub,268630,James St & N Edwards Ave,Sy 20,2025-12-01 22:08:56+00:00,,,,,,,2025-12-01
1759898,17:09:08,534,8,0.9389,21337,1,20 James Street to Hub,268630,James St & N Collingwood Ave,Sy 20,2025-12-01 22:09:08+00:00,,,,,,,2025-12-01
1759898,17:09:19,530,9,1.0201,21337,1,20 James Street to Hub,268630,James St & Ashdale Ave,Sy 20,2025-12-01 22:09:19+00:00,,,,,,,2025-12-01
1759898,17:09:42,520,10,1.1855,21337,1,20 James Street to Hub,268630,James St & Lillian Ave,Sy 20,2025-12-01 22:09:42+00:00,,,,,,,2025-12-01
1759898,17:09:59,516,11,1.3077,21337,1,20 James Street to Hub,268630,James St & Marlborough Rd,Sy 20,2025-12-01 22:09:59+00:00,,,,,,,2025-12-01
1759898,17:10:14,511,12,1.4200,21337,1,20 James Street to Hub,268630,James St & North Ave,Sy 20,2025-12-01 22:10:14+00:00,,,,,,,2025-12-01
1759898,17:10:22,501,13,1.4771,21337,1,20 James Street to Hub,268630,James St & Hickok Ave,Sy 20,2025-12-01 22:10:22+00:00,,,,,,,2025-12-01
1759898,17:11:00,499,14,1.7026,21337,1,20 James Street to Hub,268630,James St & Mildred Ave,Sy 20,2025-12-01 22:11:00+00:00,,,,,,,2025-12-01
1759898,17:11:36,484,15,1.9142,21337,1,20 James Street to Hub,268630,James St & Peck Ave,Sy 20,2025-12-01 22:11:36+00:00,,,,,,,2025-12-01
1759898,17:12:00,483,16,2.0540,21337,1,20 James Street to Hub,268630,James St & Rugby Rd,Sy 20,2025-12-01 22:12:00+00:00,,,,,,,2025-12-01
1759898,17:12:58,470,17,2.3927,21337,1,20 James Street to Hub,268630,James St & Hampton Rd,Sy 20,2025-12-01 22:12:58+00:00,,,,,,,2025-12-01
1759898,17:13:49,476,18,2.6892,21337,1,20 James Street to Hub,268630,James St & Durston Ave,Sy 20,2025-12-01 22:13:49+00:00,,,,,,,2025-12-01
1759898,17:14:17,455,19,2.8520,21337,1,20 James Street to Hub,268630,James St & Sedgwick Dr,Sy 20,2025-12-01 22:14:17+00:00,,,,,,,2025-12-01
1759898,17:15:05,451,20,3.1314,21337,1,20 James Street to Hub,268630,James St & Dewitt St,Sy 20,2025-12-01 22:15:05+00:00,,,,,,,2025-12-01
1759898,17:16:00,447,21,3.4431,21337,1,20 James Street to Hub,268630,James St & Oak St,Sy 20,2025-12-01 22:16:00+00:00,,,,,,,2025-12-01
1759898,17:16:23,6678,22,3.5893,21337,1,20 James Street to Hub,268630,James St & Bryant and Stratton College,Sy 20,2025-12-01 22:16:23+00:00,,,,,,,2025-12-01
1759898,17:17:03,443,23,3.8428,21337,1,20 James Street to Hub,268630,James St & Highland St,Sy 20,2025-12-01 22:17:03+00:00,,,,,,,2025-12-01
1759898,17:17:35,438,24,4.0431,21337,1,20 James Street to Hub,268630,James St & Lodi St,Sy 20,2025-12-01 22:17:35+00:00,,,,,,,2025-12-01
1759898,17:18:13,10928,25,4.2805,21337,1,20 James Street to Hub,268630,James St & Catherine St,Sy 20,2025-12-01 22:18:13+00:00,,,,,,,2025-12-01
1759898,17:18:35,431,26,4.4225,21337,1,20 James Street to Hub,268630,James St & N McBride St,Sy 20,2025-12-01 22:18:35+00:00,,,,,,,2025-12-01
1759898,17:18:57,425,27,4.5628,21337,1,20 James Street to Hub,268630,James St & N Townsend St,Sy 20,2025-12-01 22:18:57+00:00,,,,,,,2025-12-01
1759898,17:19:34,426,28,4.7939,21337,1,20 James Street to Hub,268630,James St & N State St,Sy 20,2025-12-01 22:19:34+00:00,,,,,,,2025-12-01
1759898,17:20:36,180,29,5.1812,21337,1,20 James Street to Hub,268630,E Willow St & N Salina St,Sy 20,2025-12-01 22:20:36+00:00,,,,,,,2025-12-01
1759898,17:21:00,174,30,5.3062,21337,1,20 James Street to Hub,268630,N Salina St & W Genesee St,Sy 20,2025-12-01 22:21:00+00:00,,,,,,,2025-12-01
1759898,17:22:21,99,31,5.4952,21337,1,20 James Street to Hub,268630,S Salina St & Washington St,Sy 20,2025-12-01 22:22:21+00:00,,,,,,,2025-12-01
1759898,17:24:37,7987,32,5.8123,21337,1,20 James Street to Hub,268630,S Salina St & W Jefferson St,Sy 20,2025-12-01 22:24:37+00:00,,,,,,,2025-12-01
1759898,17:30:00,17651,33,6.5583,21337,1,20 James Street to Hub,268630,B12,Sy 20,2025-12-01 22:30:00+00:00,,,,,,,2025-12-01
1759899,17:47:00,9538,1,,21337,1,20 James Street to Hub,268630,Lepage Pl & Walter Dr,Sy 20,2025-12-01 22:47:00+00:00,2025-12-01 22:48:01+00:00,2025-12-01 22:48:01+00:00,2435,43.07085995341456,-76.09921938874001,61,2025-12-01
1759899,17:47:45,555,2,0.3255,21337,1,20 James Street to Hub,268630,Lamson St & James St,Sy 20,2025-12-01 22:47:45+00:00,2025-12-01 22:49:01+00:00,2025-12-01 22:49:01+00:00,2435,43.069709720033586,-76.10001454208836,76,2025-12-01
1759899,17:48:02,556,3,0.4497,21337,1,20 James Street to Hub,268630,James St & Lynwood Ave,Sy 20,2025-12-01 22:48:02+00:00,2025-12-01 22:50:01+00:00,2025-12-01 22:50:01+00:00,2435,43.06911505422285,-76.1007540302892,119,2025-12-01
1759899,17:48:15,549,4,0.5479,21337,1,20 James Street to Hub,268630,James St & Homecroft Rd,Sy 20,2025-12-01 22:48:15+00:00,2025-12-01 22:51:01+00:00,2025-12-01 22:51:01+00:00,2435,43.06902545431386,-76.10269751065019,166,2025-12-01
1759899,17:48:31,546,5,0.6682,21337,1,20 James Street to Hub,268630,James St & Rigi Ave,Sy 20,2025-12-01 22:48:31+00:00,2025-12-01 22:52:01+00:00,2025-12-01 22:52:01+00:00,2435,43.06894740652531,-76.10417775904878,210,2025-12-01
1759899,17:48:44,10550,6,0.7605,21337,1,20 James Street to Hub,268630,James St & N Midler Ave,Sy 20,2025-12-01 22:48:44+00:00,2025-12-01 22:53:02+00:00,2025-12-01 22:53:02+00:00,2435,43.06892714208486,-76.10464446398677,258,2025-12-01
1759899,17:48:56,539,7,0.8497,21337,1,20 James Street to Hub,268630,James St & N Edwards Ave,Sy 20,2025-12-01 22:48:56+00:00,,2025-12-01 22:53:18.095223654+00:00,2435,,,262,2025-12-01
1759899,17:49:08,534,8,0.9389,21337,1,20 James Street to Hub,268630,James St & N Collingwood Ave,Sy 20,2025-12-01 22:49:08+00:00,,2025-12-01 22:53:34.190447308+00:00,2435,,,266,2025-12-01
1759899,17:49:19,530,9,1.0201,21337,1,20 James Street to Hub,268630,James St & Ashdale Ave,Sy 20,2025-12-01 22:49:19+00:00,,2025-12-01 22:53:48.842153146+00:00,2435,,,269,2025-12-01
1759899,17:49:42,520,10,1.1855,21337,1,20 James Street to Hub,268630,James St & Lillian Ave,Sy 20,2025-12-01 22:49:42+00:00,,2025-12-01 22:54:18.686884003+00:00,2435,,,276,2025-12-01
1759899,17:49:59,516,11,1.3077,21337,1,20 James Street to Hub,268630,James St & Marlborough Rd,Sy 20,2025-12-01 22:49:59+00:00,,2025-12-01 22:54:40.736618650+00:00,2435,,,281,2025-12-01
1759899,17:50:14,511,12,1.4200,21337,1,20 James Street to Hub,268630,James St & North Ave,Sy 20,2025-12-01 22:50:14+00:00,2025-12-01 22:55:01+00:00,2025-12-01 22:55:01+00:00,2435,43.068555223180894,-76.11350039218334,287,2025-12-01
1759899,17:50:22,501,13,1.4771,21337,1,20 James Street to Hub,268630,James St & Hickok Ave,Sy 20,2025-12-01 22:50:22+00:00,,2025-12-01 22:55:13.123142250+00:00,2435,,,291,2025-12-01
1759899,17:51:00,499,14,1.7026,21337,1,20 James Street to Hub,268630,James St & Mildred Ave,Sy 20,2025-12-01 22:51:00+00:00,2025-12-01 22:56:01+00:00,2025-12-01 22:56:01+00:00,2435,43.06788889567057,-76.11684248182509,301,2025-12-01
1759899,17:51:35,484,15,1.9142,21337,1,20 James Street to Hub,268630,James St & Peck Ave,Sy 20,2025-12-01 22:51:35+00:00,,2025-12-01 22:56:37.129766647+00:00,2435,,,302,2025-12-01
1759899,17:51:58,483,16,2.0540,21337,1,20 James Street to Hub,268630,James St & Rugby Rd,Sy 20,2025-12-01 22:51:58+00:00,2025-12-01 22:57:01+00:00,2025-12-01 22:57:01+00:00,2435,43.06614375114441,-76.12039697170258,303,2025-12-01
1759899,17:52:54,470,17,2.3927,21337,1,20 James Street to Hub,268630,James St & Hampton Rd,Sy 20,2025-12-01 22:52:54+00:00,2025-12-01 22:58:01+00:00,2025-12-01 22:58:01+00:00,2435,43.064766146102045,-76.12320666043263,307,2025-12-01
1759899,17:53:43,476,18,2.6892,21337,1,20 James Street to Hub,268630,James St & Durston Ave,Sy 20,2025-12-01 22:53:43+00:00,2025-12-01 22:59:01+00:00,2025-12-01 22:59:01+00:00,2435,43.06295704841614,-76.12688636779785,318,2025-12-01
1759899,17:54:10,455,19,2.8520,21337,1,20 James Street to Hub,268630,James St & Sedgwick Dr,Sy 20,2025-12-01 22:54:10+00:00,,2025-12-01 22:59:13.324149913+00:00,2435,,,303,2025-12-01
1759899,17:54:56,451,20,3.1314,21337,1,20 James Street to Hub,268630,James St & Dewitt St,Sy 20,2025-12-01 22:54:56+00:00,,2025-12-01 22:59:34.475055845+00:00,2435,,,278,2025-12-01
1759899,17:56:00,447,21,3.4950,21337,1,20 James Street to Hub,268630,James St & Oak St,Sy 20,2025-12-01 22:56:00+00:00,2025-12-01 23:00:02+00:00,2025-12-01 23:00:02+00:00,2435,43.059497356414795,-76.13395977020264,242,2025-12-01
1759899,17:56:15,6678,22,3.5893,21337,1,20 James Street to Hub,268630,James St & Bryant and Stratton College,Sy 20,2025-12-01 22:56:15+00:00,2025-12-01 23:01:01+00:00,2025-12-01 23:01:01+00:00,2435,43.05848893385667,-76.1360079251803,286,2025-12-01
1759899,17:56:56,443,23,3.8428,21337,1,20 James Street to Hub,268630,James St & Highland St,Sy 20,2025-12-01 22:56:56+00:00,,2025-12-01 23:01:23.005208333+00:00,2435,,,267,2025-12-01
1759899,17:57:29,438,24,4.0431,21337,1,20 James Street to Hub,268630,James St & Lodi St,Sy 20,2025-12-01 22:57:29+00:00,,2025-12-01 23:01:40.392361111+00:00,2435,,,251,2025-12-01
1759899,17:58:08,10928,25,4.2805,21337,1,20 James Street to Hub,268630,James St & Catherine St,Sy 20,2025-12-01 22:58:08+00:00,2025-12-01 23:02:01+00:00,2025-12-01 23:02:01+00:00,2435,43.05496712618096,-76.14319770280704,233,2025-12-01
1759899,17:58:31,431,26,4.4225,21337,1,20 James Street to Hub,268630,James St & N McBride St,Sy 20,2025-12-01 22:58:31+00:00,2025-12-01 23:03:01+00:00,2025-12-01 23:03:01+00:00,2435,43.054569244384766,-76.14401245117188,270,2025-12-01
1759899,17:58:54,425,27,4.5628,21337,1,20 James Street to Hub,268630,James St & N Townsend St,Sy 20,2025-12-01 22:58:54+00:00,2025-12-01 23:04:01+00:00,2025-12-01 23:04:01+00:00,2435,43.05351607004801,-76.14615020751953,307,2025-12-01
1759899,17:59:32,426,28,4.7939,21337,1,20 James Street to Hub,268630,James St & N State St,Sy 20,2025-12-01 22:59:32+00:00,2025-12-01 23:05:01+00:00,2025-12-01 23:05:01+00:00,2435,43.05244335598416,-76.14831102159289,329,2025-12-01
1759899,18:00:36,180,29,5.1812,21337,1,20 James Street to Hub,268630,E Willow St & N Salina St,Sy 20,2025-12-01 23:00:36+00:00,2025-12-01 23:06:01+00:00,2025-12-01 23:06:01+00:00,2435,43.052703341922246,-76.15016277416332,325,2025-12-01
1759899,18:01:00,174,30,5.3062,21337,1,20 James Street to Hub,268630,N Salina St & W Genesee St,Sy 20,2025-12-01 23:01:00+00:00,,2025-12-01 23:06:48.770700636+00:00,2435,,,348,2025-12-01
1759899,18:02:49,99,31,5.4952,21337,1,20 James Street to Hub,268630,S Salina St & Washington St,Sy 20,2025-12-01 23:02:49+00:00,2025-12-01 23:08:01+00:00,2025-12-01 23:08:01+00:00,2435,43.050218454996745,-76.15220438639322,312,2025-12-01
1759899,18:05:52,7987,32,5.8123,21337,1,20 James Street to Hub,268630,S Salina St & W Jefferson St,Sy 20,2025-12-01 23:05:52+00:00,,2025-12-04 20:48:28.551844869+00:00,2435,,,250956,2025-12-01
1759899,18:10:00,17645,33,6.2378,21337,1,20 James Street to Hub,268630,A6,Sy 20,2025-12-01 23:10:00+00:00,2025-12-08 18:18:01+00:00,2025-12-08 18:18:01+00:00,2435,43.04343333333333,-76.15160833333333,587281,2025-12-01
1759900, 6:15:00,7888,1,,21337,1,123 James Street to Hub,268629,Walmart - East Syracuse,Sy 20,2025-12-01 11:15:00+00:00,2025-12-01 11:20:01+00:00,2025-12-01 11:20:01+00:00,1759,43.06277847290039,-76.06163787841797,301,2025-12-01
1759900, 6:17:23,14862,2,0.9110,21337,1,123 James Street to Hub,268629,Bridge St & E 2nd St,Sy 20,2025-12-01 11:17:23+00:00,2025-12-01 11:21:01+00:00,2025-12-01 11:21:01+00:00,1759,43.06147003173828,-76.0663070678711,218,2025-12-01
1759900, 6:18:40,7257,3,1.4010,21337,1,123 James Street to Hub,268629,McCool Ave & E Ellis St,Sy 20,2025-12-01 11:18:40+00:00,,2025-12-01 11:21:17.586741889+00:00,1759,,,157,2025-12-01
1759900, 6:18:56,1179,4,1.5072,21337,1,123 James Street to Hub,268629,McCool Ave & E Yates St,Sy 20,2025-12-01 11:18:56+00:00,,2025-12-01 11:21:21.181664315+00:00,1759,,,145,2025-12-01
1759900, 6:19:12,2633,5,1.6124,21337,1,123 James Street to Hub,268629,McCool Ave & E Heman St,Sy 20,2025-12-01 11:19:12+00:00,,2025-12-01 11:21:24.742736248+00:00,1759,,,132,2025-12-01
1759900, 6:19:39,4320,6,1.7876,21337,1,123 James Street to Hub,268629,McCool Ave & E Irving St,Sy 20,2025-12-01 11:19:39+00:00,,2025-12-01 11:21:30.673342736+00:00,1759,,,111,2025-12-01
1759900, 6:20:00,2556,7,1.9049,21337,1,123 James Street to Hub,268629,E Irving St & Hartwell Ave,Sy 20,2025-12-01 11:20:00+00:00,,2025-12-01 11:21:34.644005641+00:00,1759,,,94,2025-12-01
1759900, 6:20:40,2550,8,2.0921,21337,1,123 James Street to Hub,268629,Hartwell Ave & E Heman St,Sy 20,2025-12-01 11:20:40+00:00,,2025-12-01 11:21:40.980818053+00:00,1759,,,60,2025-12-01
1759900, 6:21:01,2542,9,2.1932,21337,1,123 James Street to Hub,268629,Hartwell Ave & E Yates St,Sy 20,2025-12-01 11:21:01+00:00,,2025-12-01 11:21:44.403102961+00:00,1759,,,43,2025-12-01
1759900, 6:21:22,7276,10,2.2934,21337,1,123 James Street to Hub,268629,Hartwell Ave & E Ellis St,Sy 20,2025-12-01 11:21:22+00:00,,2025-12-01 11:21:47.794922425+00:00,1759,,,25,2025-12-01
1759900, 6:22:10,7256,11,2.5213,21337,1,123 James Street to Hub,268629,E Manlius St & McCool Ave,Sy 20,2025-12-01 11:22:10+00:00,,2025-12-01 11:21:55.509449929+00:00,1759,,,-14,2025-12-01
1759900, 6:22:44,2527,12,2.6835,21337,1,123 James Street to Hub,268629,E Manlius St & Upton St,Sy 20,2025-12-01 11:22:44+00:00,2025-12-01 11:22:01+00:00,2025-12-01 11:22:01+00:00,1759,43.06364059448242,-76.06890106201172,-43,2025-12-01
1759900, 6:23:16,2526,13,2.8379,21337,1,123 James Street to Hub,268629,E Manlius St & N Center St,Sy 20,2025-12-01 11:23:16+00:00,,2025-12-01 11:23:24.010752688+00:00,1759,,,8,2025-12-01
1759900, 6:23:54,7278,14,3.0183,21337,1,123 James Street to Hub,268629,W Manlius St & Silver St,Sy 20,2025-12-01 11:23:54+00:00,2025-12-01 11:25:01+00:00,2025-12-01 11:25:01+00:00,1759,43.06415939331055,-76.07315063476562,67,2025-12-01
1759900, 6:24:14,7262,15,3.1139,21337,1,123 James Street to Hub,268629,W Manlius St & North St,Sy 20,2025-12-01 11:24:14+00:00,,2025-12-01 11:25:10.862448418+00:00,1759,,,56,2025-12-01
1759900, 6:24:55,7236,16,3.3095,21337,1,123 James Street to Hub,268629,W Manlius St & Kinne St,Sy 20,2025-12-01 11:24:55+00:00,,2025-12-01 11:25:31.041265474+00:00,1759,,,36,2025-12-01
1759900, 6:25:40,1311,17,3.5248,21337,1,123 James Street to Hub,268629,Kinne St & W Yates St,Sy 20,2025-12-01 11:25:40+00:00,,2025-12-01 11:25:53.252407152+00:00,1759,,,13,2025-12-01
1759900, 6:25:56,3867,18,3.5999,21337,1,123 James Street to Hub,268629,Kinne St & W Heman St,Sy 20,2025-12-01 11:25:56+00:00,2025-12-01 11:26:01+00:00,2025-12-01 11:26:01+00:00,1759,43.067304437810726,-76.07678523208156,5,2025-12-01
1759900, 6:26:15,7615,19,3.6891,21337,1,123 James Street to Hub,268629,Kinne St & Irving St,Sy 20,2025-12-01 11:26:15+00:00,,2025-12-01 11:26:17.310551558+00:00,1759,,,2,2025-12-01
1759900, 6:27:07,2465,20,3.9335,21337,1,123 James Street to Hub,268629,Kinne St & James St,Sy 20,2025-12-01 11:27:07+00:00,2025-12-01 11:27:02+00:00,2025-12-01 11:27:02+00:00,1759,43.07018340261359,-76.07695007324219,-5,2025-12-01
1759900, 6:27:31,2460,21,4.0459,21337,1,123 James Street to Hub,268629,James St & East Ave,Sy 20,2025-12-01 11:27:31+00:00,,2025-12-01 11:27:43.042037434+00:00,1759,,,12,2025-12-01
1759900, 6:27:54,2451,22,4.1581,21337,1,123 James Street to Hub,268629,James St & Highland Ave,Sy 20,2025-12-01 11:27:54+00:00,,2025-12-01 11:28:24.011046333+00:00,1759,,,30,2025-12-01
1759900, 6:28:15,2450,23,4.2594,21337,1,123 James Street to Hub,268629,James St & Roby Ave,Sy 20,2025-12-01 11:28:15+00:00,2025-12-01 11:29:01+00:00,2025-12-01 11:29:01+00:00,1759,43.07006368831713,-76.08038096525232,46,2025-12-01
1759900, 6:28:34,2446,24,4.3526,21337,1,123 James Street to Hub,268629,James St & Colfax Ave,Sy 20,2025-12-01 11:28:34+00:00,,2025-12-01 11:29:11.238008055+00:00,1759,,,37,2025-12-01
1759900, 6:28:53,2438,25,4.4458,21337,1,123 James Street to Hub,268629,James St & Schoeder St,Sy 20,2025-12-01 11:28:53+00:00,,2025-12-01 11:29:21.476016111+00:00,1759,,,28,2025-12-01
1759900, 6:30:09,462,26,4.8056,21337,1,123 James Street to Hub,268629,James St & Wegmans Plaza,Sy 20,2025-12-01 11:30:09+00:00,2025-12-01 11:30:01+00:00,2025-12-01 11:30:01+00:00,1759,43.06975688490757,-76.08787412421648,-8,2025-12-01
1759900, 6:31:00,7891,27,4.9940,21337,1,123 James Street to Hub,268629,James St & Thompson Rd,Sy 20,2025-12-01 11:31:00+00:00,,2025-12-01 11:30:25.138626339+00:00,1759,,,-34,2025-12-01
1759900, 6:31:55,581,28,5.2817,21337,1,123 James Street to Hub,268629,James St & Clover Ridge Dr,Sy 20,2025-12-01 11:31:55+00:00,2025-12-01 11:31:02+00:00,2025-12-01 11:31:02+00:00,1759,43.069461822509766,-76.09346008300781,-53,2025-12-01
1759900, 6:32:42,569,29,5.5292,21337,1,123 James Street to Hub,268629,James St & E Milford Dr,Sy 20,2025-12-01 11:32:42+00:00,2025-12-01 11:32:01+00:00,2025-12-01 11:32:01+00:00,1759,43.06930721507353,-76.09669494628906,-41,2025-12-01
1759900, 6:33:11,568,30,5.6806,21337,1,123 James Street to Hub,268629,James St & Walter Dr,Sy 20,2025-12-01 11:33:11+00:00,,2025-12-01 11:32:15.982681840+00:00,1759,,,-55,2025-12-01
1759900, 6:33:33,560,31,5.7988,21337,1,123 James Street to Hub,268629,James St & Lamson St,Sy 20,2025-12-01 11:33:33+00:00,,2025-12-01 11:32:27.679861454+00:00,1759,,,-65,2025-12-01
1759900, 6:33:35,555,32,5.8108,21337,1,123 James Street to Hub,268629,Lamson St & James St,Sy 20,2025-12-01 11:33:35+00:00,,2025-12-01 11:32:28.867392380+00:00,1759,,,-66,2025-12-01
1759900, 6:33:55,556,33,5.9170,21337,1,123 James Street to Hub,268629,James St & Lynwood Ave,Sy 20,2025-12-01 11:33:55+00:00,,2025-12-01 11:32:39.377041068+00:00,1759,,,-75,2025-12-01
1759900, 6:34:13,549,34,6.0153,21337,1,123 James Street to Hub,268629,James St & Homecroft Rd,Sy 20,2025-12-01 11:34:13+00:00,,2025-12-01 11:32:49.104898565+00:00,1759,,,-83,2025-12-01
1759900, 6:34:36,546,35,6.1355,21337,1,123 James Street to Hub,268629,James St & Rigi Ave,Sy 20,2025-12-01 11:34:36+00:00,2025-12-01 11:33:01+00:00,2025-12-01 11:33:01+00:00,1759,43.06893993945832,-76.10434950158951,-95,2025-12-01
1759900, 6:34:53,10550,36,6.2278,21337,1,123 James Street to Hub,268629,James St & N Midler Ave,Sy 20,2025-12-01 11:34:53+00:00,2025-12-01 11:34:01+00:00,2025-12-01 11:34:01+00:00,1759,43.0688757785531,-76.10564493578534,-52,2025-12-01
1759900, 6:35:10,539,37,6.3170,21337,1,123 James Street to Hub,268629,James St & N Edwards Ave,Sy 20,2025-12-01 11:35:10+00:00,2025-12-01 11:35:02+00:00,2025-12-01 11:35:02+00:00,1759,43.0688343986136,-76.10677537761751,-8,2025-12-01
1759900, 6:35:27,534,38,6.4062,21337,1,123 James Street to Hub,268629,James St & N Collingwood Ave,Sy 20,2025-12-01 11:35:27+00:00,,2025-12-01 11:35:17.672424061+00:00,1759,,,-9,2025-12-01
1759900, 6:35:42,530,39,6.4875,21337,1,123 James Street to Hub,268629,James St & Ashdale Ave,Sy 20,2025-12-01 11:35:42+00:00,,2025-12-01 11:35:31.956819535+00:00,1759,,,-10,2025-12-01
1759900, 6:36:13,520,40,6.6528,21337,1,123 James Street to Hub,268629,James St & Lillian Ave,Sy 20,2025-12-01 11:36:13+00:00,2025-12-01 11:36:01+00:00,2025-12-01 11:36:01+00:00,1759,43.06869610873136,-76.11056379838423,-12,2025-12-01
1759900, 6:36:36,516,41,6.7751,21337,1,123 James Street to Hub,268629,James St & Marlborough Rd,Sy 20,2025-12-01 11:36:36+00:00,,2025-12-01 11:36:26.155982173+00:00,1759,,,-9,2025-12-01
1759900, 6:36:57,511,42,6.8874,21337,1,123 James Street to Hub,268629,James St & North Ave,Sy 20,2025-12-01 11:36:57+00:00,,2025-12-01 11:36:49.255056564+00:00,1759,,,-7,2025-12-01
1759900, 6:37:08,501,43,6.9445,21337,1,123 James Street to Hub,268629,James St & Hickok Ave,Sy 20,2025-12-01 11:37:08+00:00,2025-12-01 11:37:01+00:00,2025-12-01 11:37:01+00:00,1759,43.068524874173676,-76.11406707763672,-7,2025-12-01
1759900, 6:38:00,499,44,7.1699,21337,1,123 James Street to Hub,268629,James St & Mildred Ave,Sy 20,2025-12-01 11:38:00+00:00,2025-12-01 11:38:01+00:00,2025-12-01 11:38:01+00:00,1759,43.067915225851124,-76.11679287614494,1,2025-12-01
1759900, 6:38:42,484,45,7.3816,21337,1,123 James Street to Hub,268629,James St & Peck Ave,Sy 20,2025-12-01 11:38:42+00:00,,2025-12-01 11:38:37.738833570+00:00,1759,,,-4,2025-12-01
1759900, 6:39:10,483,46,7.5214,21337,1,123 James Street to Hub,268629,James St & Rugby Rd,Sy 20,2025-12-01 11:39:10+00:00,2025-12-01 11:39:02+00:00,2025-12-01 11:39:02+00:00,1759,43.065584099811055,-76.12152862548828,-8,2025-12-01
1759900, 6:40:18,470,47,7.8600,21337,1,123 James Street to Hub,268629,James St & Hampton Rd,Sy 20,2025-12-01 11:40:18+00:00,2025-12-01 11:40:01+00:00,2025-12-01 11:40:01+00:00,1759,43.06470142711293,-76.12333609841086,-17,2025-12-01
1759900, 6:41:17,476,48,8.1565,21337,1,123 James Street to Hub,268629,James St & Durston Ave,Sy 20,2025-12-01 11:41:17+00:00,2025-12-01 11:41:01+00:00,2025-12-01 11:41:01+00:00,1759,43.06370301177536,-76.12537649403448,-16,2025-12-01
1759900, 6:41:49,455,49,8.3193,21337,1,123 James Street to Hub,268629,James St & Sedgwick Dr,Sy 20,2025-12-01 11:41:49+00:00,,2025-12-01 11:41:23.089552238+00:00,1759,,,-25,2025-12-01
1759900, 6:42:45,451,50,8.5987,21337,1,123 James Street to Hub,268629,James St & Dewitt St,Sy 20,2025-12-01 11:42:45+00:00,2025-12-01 11:42:01+00:00,2025-12-01 11:42:01+00:00,1759,43.06072065565321,-76.13145785861545,-44,2025-12-01
1759900, 6:44:00,447,51,8.9624,21337,1,123 James Street to Hub,268629,James St & Oak St,Sy 20,2025-12-01 11:44:00+00:00,2025-12-01 11:43:01+00:00,2025-12-01 11:43:01+00:00,1759,43.05923427234996,-76.1344872676965,-59,2025-12-01
1759900, 6:44:18,6678,52,9.0567,21337,1,123 James Street to Hub,268629,James St & Bryant and Stratton College,Sy 20,2025-12-01 11:44:18+00:00,,2025-12-01 11:43:16.996837262+00:00,1759,,,-61,2025-12-01
1759900, 6:45:08,443,53,9.3102,21337,1,123 James Street to Hub,268629,James St & Highland St,Sy 20,2025-12-01 11:45:08+00:00,2025-12-01 11:44:00+00:00,2025-12-01 11:44:00+00:00,1759,43.05748672485352,-76.1380630493164,-68,2025-12-01
1759900, 6:45:47,438,54,9.5104,21337,1,123 James Street to Hub,268629,James St & Lodi St,Sy 20,2025-12-01 11:45:47+00:00,,2025-12-01 11:44:42.140096618+00:00,1759,,,-64,2025-12-01
1759900, 6:46:34,10928,55,9.7478,21337,1,123 James Street to Hub,268629,James St & Catherine St,Sy 20,2025-12-01 11:46:34+00:00,,2025-12-01 11:45:32.110420979+00:00,1759,,,-61,2025-12-01
1759900, 6:47:02,431,56,9.8898,21337,1,123 James Street to Hub,268629,James St & N McBride St,Sy 20,2025-12-01 11:47:02+00:00,2025-12-01 11:46:02+00:00,2025-12-01 11:46:02+00:00,1759,43.054278751589216,-76.1446010661575,-60,2025-12-01
1759900, 6:47:29,425,57,10.0302,21337,1,123 James Street to Hub,268629,James St & N Townsend St,Sy 20,2025-12-01 11:47:29+00:00,2025-12-01 11:47:01+00:00,2025-12-01 11:47:01+00:00,1759,43.05359713236491,-76.1459945678711,-28,2025-12-01
1759900, 6:48:14,426,58,10.2612,21337,1,123 James Street to Hub,268629,James St & N State St,Sy 20,2025-12-01 11:48:14+00:00,2025-12-01 11:49:01+00:00,2025-12-01 11:49:01+00:00,1759,43.05250930786133,-76.14826202392578,47,2025-12-01
1759900, 6:49:30,180,59,10.6485,21337,1,123 James Street to Hub,268629,E Willow St & N Salina St,Sy 20,2025-12-01 11:49:30+00:00,2025-12-01 11:50:02+00:00,2025-12-01 11:50:02+00:00,1759,43.05236053466797,-76.15142822265625,32,2025-12-01
1759900, 6:50:00,174,60,10.7735,21337,1,123 James Street to Hub,268629,N Salina St & W Genesee St,Sy 20,2025-12-01 11:50:00+00:00,2025-12-01 11:51:01+00:00,2025-12-01 11:51:01+00:00,1759,43.051090240478516,-76.15217590332031,61,2025-12-01
1759900, 6:51:00,99,61,10.9626,21337,1,123 James Street to Hub,268629,S Salina St & Washington St,Sy 20,2025-12-01 11:51:00+00:00,2025-12-01 11:52:01+00:00,2025-12-01 11:52:01+00:00,1759,43.04936218261719,-76.15221405029297,61,2025-12-01
1759900, 6:52:42,7987,62,11.2796,21337,1,123 James Street to Hub,268629,S Salina St & W Jefferson St,Sy 20,2025-12-01 11:52:42+00:00,2025-12-01 11:53:01+00:00,2025-12-01 11:53:01+00:00,1759,43.04796600341797,-76.15223693847656,19,2025-12-01
1759900, 6:55:00,17645,63,11.7051,21337,1,123 James Street to Hub,268629,A6,Sy 20,2025-12-01 11:55:00+00:00,2025-12-01 11:56:01+00:00,2025-12-01 11:56:01+00:00,1759,43.0433349609375,-76.15162658691406,61,2025-12-01
1759901, 6:42:00,3645,1,,21337,1,21 James Street to Hub,268635,Conklin St & Glencove Rd,Sy 20,2025-12-01 11:42:00+00:00,,,,,,,2025-12-01
1759901, 6:42:25,8111,2,0.1101,21337,1,21 James Street to Hub,268635,Glencove Rd & Boston St,Sy 20,2025-12-01 11:42:25+00:00,,,,,,,2025-12-01
1759901, 6:42:47,8112,3,0.2093,21337,1,21 James Street to Hub,268635,Glencove Rd & Burns Ave,Sy 20,2025-12-01 11:42:47+00:00,,,,,,,2025-12-01
1759901, 6:43:08,8113,4,0.3055,21337,1,21 James Street to Hub,268635,Glencove Rd & Clover Ridge Dr,Sy 20,2025-12-01 11:43:08+00:00,,,,,,,2025-12-01
1759901, 6:43:30,8114,5,0.4059,21337,1,21 James Street to Hub,268635,Glencove Rd & Ridgewood Dr,Sy 20,2025-12-01 11:43:30+00:00,,,,,,,2025-12-01
1759901, 6:43:57,8115,6,0.5271,21337,1,21 James Street to Hub,268635,S Glencove Rd & Aberdeen Ter,Sy 20,2025-12-01 11:43:57+00:00,,,,,,,2025-12-01
1759901, 6:44:26,8118,7,0.6577,21337,1,21 James Street to Hub,268635,S Glencove Rd & Culver Dr,Sy 20,2025-12-01 11:44:26+00:00,,,,,,,2025-12-01
1759901, 6:45:01,8120,8,0.8130,21337,1,21 James Street to Hub,268635,S Glencove Rd & Plymouth Dr,Sy 20,2025-12-01 11:45:01+00:00,2025-12-01 11:41:01+00:00,2025-12-01 11:41:01+00:00,1907,43.06330166666667,-76.09850166666666,-240,2025-12-01
1759901, 6:45:49,2544,9,1.0248,21337,1,21 James Street to Hub,268635,Plymouth Dr & Sunnycrest Rd,Sy 20,2025-12-01 11:45:49+00:00,,2025-12-01 11:41:32.746190357+00:00,1907,,,-256,2025-12-01
1759901, 6:46:10,8119,10,1.1211,21337,1,21 James Street to Hub,268635,Sunnycrest Rd & Cresline Dr,Sy 20,2025-12-01 11:46:10+00:00,,2025-12-01 11:41:47.180364726+00:00,1907,,,-262,2025-12-01
1759901, 6:46:30,8116,11,1.2133,21337,1,21 James Street to Hub,268635,Sunnycrest Rd & Mosley Dr,Sy 20,2025-12-01 11:46:30+00:00,2025-12-01 11:42:01+00:00,2025-12-01 11:42:01+00:00,1907,43.06235,-76.10075333333333,-269,2025-12-01
1759901, 6:47:00,8117,12,1.3216,21337,1,21 James Street to Hub,268635,Sunnycrest Rd & Champlain Dr,Sy 20,2025-12-01 11:47:00+00:00,2025-12-01 11:51:01+00:00,2025-12-01 11:51:01+00:00,1907,43.06205316023393,-76.1013472585967,241,2025-12-01
1759901, 6:47:31,6566,13,1.4259,21337,1,21 James Street to Hub,268635,Sunnycrest Rd & Nichols Ave,Sy 20,2025-12-01 11:47:31+00:00,,2025-12-01 11:51:32.384152457+00:00,1907,,,241,2025-12-01
1759901, 6:48:00,10237,14,1.5210,21337,1,21 James Street to Hub,268635,Sunnycrest Rd & S Midler Ave,Sy 20,2025-12-01 11:48:00+00:00,2025-12-01 11:52:01+00:00,2025-12-01 11:52:01+00:00,1907,43.06190872192383,-76.10442942957724,241,2025-12-01
1759901, 6:48:23,6555,15,1.6252,21337,1,21 James Street to Hub,268635,Sunnycrest Rd & S Edwards Ave,Sy 20,2025-12-01 11:48:23+00:00,,2025-12-01 11:52:13.324068598+00:00,1907,,,230,2025-12-01
1759901, 6:48:45,6547,16,1.7234,21337,1,21 James Street to Hub,268635,Sunnycrest Rd & S Collingwood Ave,Sy 20,2025-12-01 11:48:45+00:00,,2025-12-01 11:52:24.938497930+00:00,1907,,,219,2025-12-01
1759901, 6:49:07,6539,17,1.8227,21337,1,21 James Street to Hub,268635,Sunnycrest Rd & Hillsdale Ave,Sy 20,2025-12-01 11:49:07+00:00,,2025-12-01 11:52:36.683027794+00:00,1907,,,209,2025-12-01
1759901, 6:49:29,6531,18,1.9238,21337,1,21 James Street to Hub,268635,Sunnycrest Rd & Woodbine Ave,Sy 20,2025-12-01 11:49:29+00:00,,2025-12-01 11:52:48.640449438+00:00,1907,,,199,2025-12-01
1759901, 6:49:52,6524,19,2.0283,21337,1,21 James Street to Hub,268635,Sunnycrest Rd & Forest Hill Dr,Sy 20,2025-12-01 11:49:52+00:00,2025-12-01 11:53:01+00:00,2025-12-01 11:53:01+00:00,1907,43.06163024902344,-76.11003112792969,189,2025-12-01
1759901, 6:50:17,6495,20,2.1415,21337,1,21 James Street to Hub,268635,Sunnycrest Rd & Stafford Ave,Sy 20,2025-12-01 11:50:17+00:00,2025-12-01 11:54:01+00:00,2025-12-01 11:54:01+00:00,1907,43.061556458473206,-76.1114730834961,224,2025-12-01
1759901, 6:50:42,6491,21,2.2539,21337,1,21 James Street to Hub,268635,Sunnycrest Rd & Hickok Ave,Sy 20,2025-12-01 11:50:42+00:00,,2025-12-01 11:54:22.214108910+00:00,1907,,,220,2025-12-01
1759901, 6:51:29,8124,22,2.4647,21337,1,21 James Street to Hub,268635,Shotwell Park & 261 Shotwell Park,Sy 20,2025-12-01 11:51:29+00:00,2025-12-01 11:55:02+00:00,2025-12-01 11:55:02+00:00,1907,43.06170868455318,-76.11477112351803,213,2025-12-01
1759901, 6:52:22,6490,23,2.7017,21337,1,21 James Street to Hub,268635,Shotwell Park & Melrose Ave,Sy 20,2025-12-01 11:52:22+00:00,2025-12-01 11:56:01+00:00,2025-12-01 11:56:01+00:00,1907,43.06460048306373,-76.11514109949911,219,2025-12-01
1759901, 6:53:37,8125,24,3.0367,21337,1,21 James Street to Hub,268635,Shotwell Park & 139 Shotwell Park,Sy 20,2025-12-01 11:53:37+00:00,,2025-12-01 11:56:48.948473282+00:00,1907,,,191,2025-12-01
1759901, 6:54:00,500,25,3.1209,21337,1,21 James Street to Hub,268635,Shotwell Park & James St,Sy 20,2025-12-01 11:54:00+00:00,2025-12-01 11:57:01+00:00,2025-12-01 11:57:01+00:00,1907,43.068328857421875,-76.11593627929688,181,2025-12-01
1759901, 6:55:07,484,26,3.4421,21337,1,21 James Street to Hub,268635,James St & Peck Ave,Sy 20,2025-12-01 11:55:07+00:00,,2025-12-01 11:58:24.609544468+00:00,1907,,,197,2025-12-01
1759901, 6:55:36,483,27,3.5819,21337,1,21 James Street to Hub,268635,James St & Rugby Rd,Sy 20,2025-12-01 11:55:36+00:00,2025-12-01 11:59:01+00:00,2025-12-01 11:59:01+00:00,1907,43.06645052360766,-76.11976172707297,205,2025-12-01
1759901, 6:56:59,6215,28,3.9784,21337,1,21 James Street to Hub,268635,Teall Ave & Eldorado St,Sy 20,2025-12-01 11:56:59+00:00,,2025-12-01 12:00:37.393841166+00:00,1907,,,218,2025-12-01
1759901, 6:57:19,6211,29,4.0755,21337,1,21 James Street to Hub,268635,Teall Ave & Shuart Ave,Sy 20,2025-12-01 11:57:19+00:00,2025-12-01 12:01:01+00:00,2025-12-01 12:01:01+00:00,1907,43.06256778423603,-76.12251575176532,222,2025-12-01
1759901, 6:57:34,6205,30,4.1497,21337,1,21 James Street to Hub,268635,Teall Ave & Mariposa St,Sy 20,2025-12-01 11:57:34+00:00,,2025-12-01 12:01:16.378238341+00:00,1907,,,222,2025-12-01
1759901, 6:57:57,6201,31,4.2628,21337,1,21 James Street to Hub,268635,Teall Ave & Boyden St,Sy 20,2025-12-01 11:57:57+00:00,,2025-12-01 12:01:39.818652849+00:00,1907,,,222,2025-12-01
1759901, 6:58:18,6195,32,4.3650,21337,1,21 James Street to Hub,268635,Teall Ave & Schuler St,Sy 20,2025-12-01 11:58:18+00:00,2025-12-01 12:02:01+00:00,2025-12-01 12:02:01+00:00,1907,43.059816155066855,-76.12231879601111,223,2025-12-01
1759901, 6:59:39,2478,33,4.7536,21337,1,21 James Street to Hub,268635,Robinson St & Winton St,Sy 20,2025-12-01 11:59:39+00:00,2025-12-01 12:03:01+00:00,2025-12-01 12:03:01+00:00,1907,43.058165535997986,-76.12372634659953,202,2025-12-01
1759901, 7:00:00,2475,34,4.8548,21337,1,21 James Street to Hub,268635,Winton St & Herbst Ave,Sy 20,2025-12-01 12:00:00+00:00,2025-12-01 12:04:02+00:00,2025-12-01 12:04:02+00:00,1907,43.059036505026896,-76.12455249223552,242,2025-12-01
1759901, 7:00:21,2471,35,4.9549,21337,1,21 James Street to Hub,268635,Herbst Ave & Vine St,Sy 20,2025-12-01 12:00:21+00:00,2025-12-01 12:05:01+00:00,2025-12-01 12:05:01+00:00,1907,43.058941927823156,-76.12669858065519,280,2025-12-01
1759901, 7:01:00,6070,36,5.1424,21337,1,21 James Street to Hub,268635,Pattison St & Boyden St,Sy 20,2025-12-01 12:01:00+00:00,,2025-12-01 12:05:30.213191378+00:00,1907,,,270,2025-12-01
1759901, 7:01:21,2455,37,5.2426,21337,1,21 James Street to Hub,268635,Pattison St & Shuart Ave,Sy 20,2025-12-01 12:01:21+00:00,,2025-12-01 12:05:45.824720851+00:00,1907,,,264,2025-12-01
1759901, 7:01:41,2431,38,5.3400,21337,1,21 James Street to Hub,268635,Shuart Ave & Sedgwick St,Sy 20,2025-12-01 12:01:41+00:00,2025-12-01 12:06:01+00:00,2025-12-01 12:06:01+00:00,1907,43.05999755859375,-76.12882232666016,260,2025-12-01
1759901, 7:02:36,451,39,5.6054,21337,1,21 James Street to Hub,268635,James St & Dewitt St,Sy 20,2025-12-01 12:02:36+00:00,2025-12-01 12:08:02+00:00,2025-12-01 12:08:02+00:00,1907,43.06077922474254,-76.13134210759944,326,2025-12-01
1759901, 7:04:00,447,40,5.9691,21337,1,21 James Street to Hub,268635,James St & Oak St,Sy 20,2025-12-01 12:04:00+00:00,,2025-12-01 12:08:48.852183406+00:00,1907,,,288,2025-12-01
1759901, 7:04:28,6678,41,6.0634,21337,1,21 James Street to Hub,268635,James St & Bryant and Stratton College,Sy 20,2025-12-01 12:04:28+00:00,2025-12-01 12:09:01+00:00,2025-12-01 12:09:01+00:00,1907,43.058499336242676,-76.13606309890747,273,2025-12-01
1759901, 7:05:43,443,42,6.3169,21337,1,21 James Street to Hub,268635,James St & Highland St,Sy 20,2025-12-01 12:05:43+00:00,2025-12-01 12:10:01+00:00,2025-12-01 12:10:01+00:00,1907,43.057142530168804,-76.13879830496651,258,2025-12-01
1759901, 7:06:42,438,43,6.5171,21337,1,21 James Street to Hub,268635,James St & Lodi St,Sy 20,2025-12-01 12:06:42+00:00,2025-12-01 12:11:01+00:00,2025-12-01 12:11:01+00:00,1907,43.056278228759766,-76.14059448242188,259,2025-12-01
1759901, 7:07:52,10928,44,6.7545,21337,1,21 James Street to Hub,268635,James St & Catherine St,Sy 20,2025-12-01 12:07:52+00:00,2025-12-01 12:12:02+00:00,2025-12-01 12:12:02+00:00,1907,43.05521332590204,-76.14269912452029,250,2025-12-01
1759901, 7:08:34,431,45,6.8965,21337,1,21 James Street to Hub,268635,James St & N McBride St,Sy 20,2025-12-01 12:08:34+00:00,2025-12-01 12:13:01+00:00,2025-12-01 12:13:01+00:00,1907,43.0545795893265,-76.14398413189387,267,2025-12-01
1759901, 7:09:15,425,46,7.0369,21337,1,21 James Street to Hub,268635,James St & N Townsend St,Sy 20,2025-12-01 12:09:15+00:00,2025-12-01 12:14:01+00:00,2025-12-01 12:14:01+00:00,1907,43.05388247380491,-76.14540888051518,286,2025-12-01
1759901, 7:10:23,426,47,7.2679,21337,1,21 James Street to Hub,268635,James St & N State St,Sy 20,2025-12-01 12:10:23+00:00,2025-12-01 12:16:01+00:00,2025-12-01 12:16:01+00:00,1907,43.05259031407974,-76.14801145067402,338,2025-12-01
1759901, 7:12:18,180,48,7.6552,21337,1,21 James Street to Hub,268635,E Willow St & N Salina St,Sy 20,2025-12-01 12:12:18+00:00,2025-12-01 12:20:02+00:00,2025-12-01 12:20:02+00:00,1907,43.05236325945173,-76.15211568559918,464,2025-12-01
1759901, 7:13:00,174,49,7.7802,21337,1,21 James Street to Hub,268635,N Salina St & W Genesee St,Sy 20,2025-12-01 12:13:00+00:00,,2025-12-01 12:20:25.479783508+00:00,1907,,,445,2025-12-01
1759901, 7:14:49,99,50,7.9693,21337,1,21 James Street to Hub,268635,S Salina St & Washington St,Sy 20,2025-12-01 12:14:49+00:00,2025-12-01 12:21:01+00:00,2025-12-01 12:21:01+00:00,1907,43.05029487609863,-76.15220260620117,372,2025-12-01
1759901, 7:17:53,7987,51,8.2863,21337,1,21 James Street to Hub,268635,S Salina St & W Jefferson St,Sy 20,2025-12-01 12:17:53+00:00,2025-12-01 12:23:01+00:00,2025-12-01 12:23:01+00:00,1907,43.046681594848636,-76.15225219726562,308,2025-12-01
1759901, 7:22:00,17653,52,8.7105,21337,1,21 James Street to Hub,268635,B14,Sy 20,2025-12-01 12:22:00+00:00,,,,,,,2025-12-01
1759902, 5:50:00,18236,1,,21337,1,220 James St - To Hub,268628,William Barry Blvd & Taft Rd,Sy 20,2025-12-01 10:50:00+00:00,2025-12-01 10:48:02+00:00,2025-12-01 10:48:02+00:00,2230,43.123687744140625,-76.10477447509766,-118,2025-12-01
1759902, 5:50:32,18250,2,0.2785,21337,1,220 James St - To Hub,268628,William Barry Blvd & Stewart Dr,Sy 20,2025-12-01 10:50:32+00:00,2025-12-01 10:49:01+00:00,2025-12-01 10:49:01+00:00,2230,43.12239456176758,-76.10467529296875,-91,2025-12-01
1759902, 5:51:07,18256,3,0.5831,21337,1,220 James St - To Hub,268628,Stewart Dr & Sage Pl,Sy 20,2025-12-01 10:51:07+00:00,2025-12-01 10:50:01+00:00,2025-12-01 10:50:01+00:00,2230,43.12171936035156,-76.10176849365234,-66,2025-12-01
1759902, 5:51:34,18257,4,0.8218,21337,1,220 James St - To Hub,268628,Stewart Dr & Thompson Rd,Sy 20,2025-12-01 10:51:34+00:00,,2025-12-01 10:53:59.736172147+00:00,2230,,,145,2025-12-01
1759902, 5:52:01,18276,5,1.0595,21337,1,220 James St - To Hub,268628,Stewart Dr & Ethan Allen St,Sy 20,2025-12-01 10:52:01+00:00,,2025-12-01 10:57:57.472192756+00:00,2230,,,356,2025-12-01
1759902, 5:52:22,18258,6,1.2430,21337,1,220 James St - To Hub,268628,Stewart Dr & Caswell St W,Sy 20,2025-12-01 10:52:22+00:00,2025-12-01 11:01:01+00:00,2025-12-01 11:01:01+00:00,2230,43.12160110473633,-76.09242248535156,519,2025-12-01
1759902, 5:52:53,18259,7,1.5168,21337,1,220 James St - To Hub,268628,Performance Dr & Hancock Dr,Sy 20,2025-12-01 10:52:53+00:00,,2025-12-01 11:01:35.834605597+00:00,2230,,,522,2025-12-01
1759902, 5:53:15,18260,8,1.7146,21337,1,220 James St - To Hub,268628,Performace Dr & E Taft Rd,Sy 20,2025-12-01 10:53:15+00:00,2025-12-01 11:02:01+00:00,2025-12-01 11:02:01+00:00,2230,43.125003814697266,-76.09066009521484,526,2025-12-01
1759902, 5:54:06,18261,9,2.1624,21337,1,220 James St - To Hub,268628,E Taft Rd & Hancock Dr,Sy 20,2025-12-01 10:54:06+00:00,,2025-12-01 11:02:28.531509375+00:00,2230,,,502,2025-12-01
1759902, 5:55:07,18262,10,2.6905,21337,1,220 James St - To Hub,268628,E Taft Rd & Northern Blvd,Sy 20,2025-12-01 10:55:07+00:00,2025-12-01 11:03:01+00:00,2025-12-01 11:03:01+00:00,2230,43.1278190612793,-76.081298828125,474,2025-12-01
1759902, 5:56:15,18263,11,3.2822,21337,1,220 James St - To Hub,268628,Schuyler Rd & E Taft Rd,Sy 20,2025-12-01 10:56:15+00:00,2025-12-01 11:05:01+00:00,2025-12-01 11:05:01+00:00,2230,43.127079010009766,-76.07350158691406,526,2025-12-01
1759902, 5:57:02,18264,12,3.6929,21337,1,220 James St - To Hub,268628,Schuyler Rd & Terminal Rd,Sy 20,2025-12-01 10:57:02+00:00,2025-12-01 11:06:01+00:00,2025-12-01 11:06:01+00:00,2230,43.119468688964844,-76.07372283935547,539,2025-12-01
1759902, 6:00:01,18265,13,5.2454,21337,1,220 James St - To Hub,268628,Schuyler Rd & Badgley Rd,Sy 20,2025-12-01 11:00:01+00:00,2025-12-01 11:07:01+00:00,2025-12-01 11:07:01+00:00,2230,43.110618591308594,-76.07305145263672,420,2025-12-01
1759902, 6:00:57,18266,14,5.7302,21337,1,220 James St - To Hub,268628,Schuyler Rd & Canada Dr,Sy 20,2025-12-01 11:00:57+00:00,,2025-12-01 11:07:32.460090850+00:00,2230,,,395,2025-12-01
1759902, 6:01:47,18267,15,6.1700,21337,1,220 James St - To Hub,268628,Schuyler Rd & Collamer Rd,Sy 20,2025-12-01 11:01:47+00:00,2025-12-01 11:08:01+00:00,2025-12-01 11:08:01+00:00,2230,43.102291107177734,-76.07241821289062,374,2025-12-01
1759902, 6:03:34,18268,16,7.0970,21337,1,220 James St - To Hub,268628,Kinne St & Old Collamer Rd,Sy 20,2025-12-01 11:03:34+00:00,2025-12-01 11:09:01+00:00,2025-12-01 11:09:01+00:00,2230,43.09883117675781,-76.0781021118164,327,2025-12-01
1759902, 6:05:00,7445,17,7.7664,21337,1,220 James St - To Hub,268628,E Molloy Rd & Corporate Dr,Sy 20,2025-12-01 11:05:00+00:00,2025-12-01 11:11:01+00:00,2025-12-01 11:11:01+00:00,2230,43.09968185424805,-76.08869171142578,361,2025-12-01
1759902, 6:06:09,18269,18,8.4638,21337,1,220 James St - To Hub,268628,E Molloy Rd & Thompson Rd,Sy 20,2025-12-01 11:06:09+00:00,,2025-12-01 11:11:34.320592451+00:00,2230,,,325,2025-12-01
1759902, 6:07:04,8199,19,9.0222,21337,1,220 James St - To Hub,268628,E Molloy Rd & Air Natl Guard Base,Sy 20,2025-12-01 11:07:04+00:00,2025-12-01 11:12:01+00:00,2025-12-01 11:12:01+00:00,2230,43.09904479980469,-76.10355377197266,297,2025-12-01
1759902, 6:07:46,7431,20,9.4474,21337,1,220 James St - To Hub,268628,E Molloy Rd & Moore Rd,Sy 20,2025-12-01 11:07:46+00:00,2025-12-01 11:13:01+00:00,2025-12-01 11:13:01+00:00,2230,43.09844970703125,-76.1149673461914,315,2025-12-01
1759902, 6:13:16,2593,21,12.7560,21337,1,220 James St - To Hub,268628,Court St & Swansea Ave,Sy 20,2025-12-01 11:13:16+00:00,2025-12-01 11:16:01+00:00,2025-12-01 11:16:01+00:00,2230,43.08171081542969,-76.11888885498047,165,2025-12-01
1759902, 6:14:00,2576,22,13.1768,21337,1,220 James St - To Hub,268628,New Court Ave & Marisa Hts,Sy 20,2025-12-01 11:14:00+00:00,,2025-12-01 11:16:49.041099800+00:00,2230,,,169,2025-12-01
1759902, 6:14:34,6149,23,13.3935,21337,1,220 James St - To Hub,268628,New Court Ave & Eastbourne Dr,Sy 20,2025-12-01 11:14:34+00:00,,2025-12-01 11:17:13.780896203+00:00,2230,,,159,2025-12-01
1759902, 6:15:40,6155,24,13.8071,21337,1,220 James St - To Hub,268628,New Court Ave & Ashdale Ave,Sy 20,2025-12-01 11:15:40+00:00,2025-12-01 11:18:01+00:00,2025-12-01 11:18:01+00:00,2230,43.0782585144043,-76.10769653320312,141,2025-12-01
1759902, 6:16:35,8133,25,14.1538,21337,1,220 James St - To Hub,268628,N Midler Ave & 337 N Midler Ave,Sy 20,2025-12-01 11:16:35+00:00,,2025-12-01 11:18:31.546255506+00:00,2230,,,116,2025-12-01
1759902, 6:16:58,8134,26,14.2980,21337,1,220 James St - To Hub,268628,N Midler Ave & Coughlin Ave,Sy 20,2025-12-01 11:16:58+00:00,,2025-12-01 11:18:44.251101321+00:00,2230,,,106,2025-12-01
1759902, 6:17:28,8135,27,14.4881,21337,1,220 James St - To Hub,268628,N Midler Ave & 255 N Midler Ave,Sy 20,2025-12-01 11:17:28+00:00,2025-12-01 11:19:01+00:00,2025-12-01 11:19:01+00:00,2230,43.07160568237305,-76.10551452636719,93,2025-12-01
1759902, 6:18:38,539,28,14.9251,21337,1,220 James St - To Hub,268628,James St & N Edwards Ave,Sy 20,2025-12-01 11:18:38+00:00,2025-12-01 11:20:01+00:00,2025-12-01 11:20:01+00:00,2230,43.06919860839844,-76.10540008544922,83,2025-12-01
1759902, 6:18:52,534,29,15.0143,21337,1,220 James St - To Hub,268628,James St & N Collingwood Ave,Sy 20,2025-12-01 11:18:52+00:00,,2025-12-01 11:20:32.408450704+00:00,2230,,,100,2025-12-01
1759902, 6:19:05,530,30,15.0955,21337,1,220 James St - To Hub,268628,James St & Ashdale Ave,Sy 20,2025-12-01 11:19:05+00:00,2025-12-01 11:21:01+00:00,2025-12-01 11:21:01+00:00,2230,43.068788100262076,-76.10849684111926,116,2025-12-01
1759902, 6:19:31,520,31,15.2609,21337,1,220 James St - To Hub,268628,James St & Lillian Ave,Sy 20,2025-12-01 11:19:31+00:00,,2025-12-01 11:21:25.816204051+00:00,2230,,,114,2025-12-01
1759902, 6:19:50,516,32,15.3831,21337,1,220 James St - To Hub,268628,James St & Marlborough Rd,Sy 20,2025-12-01 11:19:50+00:00,,2025-12-01 11:21:44.150787696+00:00,2230,,,114,2025-12-01
1759902, 6:20:08,511,33,15.4954,21337,1,220 James St - To Hub,268628,James St & North Ave,Sy 20,2025-12-01 11:20:08+00:00,2025-12-01 11:22:01+00:00,2025-12-01 11:22:01+00:00,2230,43.06855497968958,-76.11350412571684,113,2025-12-01
1759902, 6:20:17,501,34,15.5525,21337,1,220 James St - To Hub,268628,James St & Hickok Ave,Sy 20,2025-12-01 11:20:17+00:00,,2025-12-01 11:22:07.816875758+00:00,2230,,,110,2025-12-01
1759902, 6:21:00,499,35,15.7780,21337,1,220 James St - To Hub,268628,James St & Mildred Ave,Sy 20,2025-12-01 11:21:00+00:00,,2025-12-01 11:22:34.738162687+00:00,2230,,,94,2025-12-01
1759902, 6:21:28,484,36,15.9896,21337,1,220 James St - To Hub,268628,James St & Peck Ave,Sy 20,2025-12-01 11:21:28+00:00,2025-12-01 11:23:00+00:00,2025-12-01 11:23:00+00:00,2230,43.06682662963867,-76.11900939941407,92,2025-12-01
1759902, 6:21:46,483,37,16.1294,21337,1,220 James St - To Hub,268628,James St & Rugby Rd,Sy 20,2025-12-01 11:21:46+00:00,,2025-12-01 11:23:17.821943573+00:00,2230,,,91,2025-12-01
1759902, 6:22:31,470,38,16.4681,21337,1,220 James St - To Hub,268628,James St & Hampton Rd,Sy 20,2025-12-01 11:22:31+00:00,2025-12-01 11:24:01+00:00,2025-12-01 11:24:01+00:00,2230,43.065039825439456,-76.12266204833985,90,2025-12-01
1759902, 6:23:10,476,39,16.7646,21337,1,220 James St - To Hub,268628,James St & Durston Ave,Sy 20,2025-12-01 11:23:10+00:00,,2025-12-01 11:24:49.165696493+00:00,2230,,,99,2025-12-01
1759902, 6:23:31,455,40,16.9274,21337,1,220 James St - To Hub,268628,James St & Sedgwick Dr,Sy 20,2025-12-01 11:23:31+00:00,,2025-12-01 11:25:15.612156491+00:00,2230,,,104,2025-12-01
1759902, 6:24:08,451,41,17.2068,21337,1,220 James St - To Hub,268628,James St & Dewitt St,Sy 20,2025-12-01 11:24:08+00:00,2025-12-01 11:26:01+00:00,2025-12-01 11:26:01+00:00,2230,43.06103925007145,-76.13081825070265,113,2025-12-01
1759902, 6:25:00,447,42,17.5704,21337,1,220 James St - To Hub,268628,James St & Oak St,Sy 20,2025-12-01 11:25:00+00:00,,2025-12-01 11:27:02.843688501+00:00,2230,,,122,2025-12-01
1759902, 6:25:18,6678,43,17.6647,21337,1,220 James St - To Hub,268628,James St & Bryant and Stratton College,Sy 20,2025-12-01 11:25:18+00:00,,2025-12-01 11:27:18.882906944+00:00,2230,,,120,2025-12-01
1759902, 6:26:08,443,44,17.9182,21337,1,220 James St - To Hub,268628,James St & Highland St,Sy 20,2025-12-01 11:26:08+00:00,2025-12-01 11:28:02+00:00,2025-12-01 11:28:02+00:00,2230,43.05748550415039,-76.13806549072265,114,2025-12-01
1759902, 6:26:47,438,45,18.1185,21337,1,220 James St - To Hub,268628,James St & Lodi St,Sy 20,2025-12-01 11:26:47+00:00,2025-12-01 11:29:01+00:00,2025-12-01 11:29:01+00:00,2230,43.05620272406216,-76.14068879752324,134,2025-12-01
1759902, 6:27:34,10928,46,18.3559,21337,1,220 James St - To Hub,268628,James St & Catherine St,Sy 20,2025-12-01 11:27:34+00:00,2025-12-01 11:30:01+00:00,2025-12-01 11:30:01+00:00,2230,43.05507157488567,-76.14300592934212,147,2025-12-01
1759902, 6:28:02,431,47,18.4979,21337,1,220 James St - To Hub,268628,James St & N McBride St,Sy 20,2025-12-01 11:28:02+00:00,,2025-12-01 11:30:17.871834826+00:00,2230,,,135,2025-12-01
1759902, 6:28:29,425,48,18.6382,21337,1,220 James St - To Hub,268628,James St & N Townsend St,Sy 20,2025-12-01 11:28:29+00:00,,2025-12-01 11:30:34.541682898+00:00,2230,,,125,2025-12-01
1759902, 6:29:14,426,49,18.8693,21337,1,220 James St - To Hub,268628,James St & N State St,Sy 20,2025-12-01 11:29:14+00:00,2025-12-01 11:31:02+00:00,2025-12-01 11:31:02+00:00,2230,43.052730560302734,-76.14774831136067,108,2025-12-01
1759902, 6:30:30,180,50,19.2566,21337,1,220 James St - To Hub,268628,E Willow St & N Salina St,Sy 20,2025-12-01 11:30:30+00:00,2025-12-01 11:33:01+00:00,2025-12-01 11:33:01+00:00,2230,43.05232437451681,-76.15213219324748,151,2025-12-01
1759902, 6:31:00,174,51,19.3816,21337,1,220 James St - To Hub,268628,N Salina St & W Genesee St,Sy 20,2025-12-01 11:31:00+00:00,,2025-12-01 11:33:24.885350318+00:00,2230,,,144,2025-12-01
1759902, 6:32:25,99,52,19.5706,21337,1,220 James St - To Hub,268628,S Salina St & Washington St,Sy 20,2025-12-01 11:32:25+00:00,2025-12-01 11:34:01+00:00,2025-12-01 11:34:01+00:00,2230,43.050184586468866,-76.15220642089844,96,2025-12-01
1759902, 6:34:48,7987,53,19.8877,21337,1,220 James St - To Hub,268628,S Salina St & W Jefferson St,Sy 20,2025-12-01 11:34:48+00:00,2025-12-01 11:36:01+00:00,2025-12-01 11:36:01+00:00,2230,43.04610678354899,-76.15225741068522,73,2025-12-01
1759902, 6:38:00,17653,54,20.3118,21337,1,220 James St - To Hub,268628,B14,Sy 20,2025-12-01 11:38:00+00:00,2025-12-01 11:37:01+00:00,2025-12-01 11:37:01+00:00,2230,43.04434831407335,-76.15222880045573,-59,2025-12-01
1759903,17:08:00,18236,1,,21337,1,220 James St - To Hub,268627,William Barry Blvd & Taft Rd,Sy 20,2025-12-01 22:08:00+00:00,2025-12-01 22:11:01+00:00,2025-12-01 22:11:01+00:00,2241,43.12451171875,-76.1048583984375,181,2025-12-01
1759903,17:08:32,18250,2,0.2785,21337,1,220 James St - To Hub,268627,William Barry Blvd & Stewart Dr,Sy 20,2025-12-01 22:08:32+00:00,2025-12-01 22:12:01+00:00,2025-12-01 22:12:01+00:00,2241,43.12186050415039,-76.1043930053711,209,2025-12-01
1759903,17:09:07,18256,3,0.5831,21337,1,220 James St - To Hub,268627,Stewart Dr & Sage Pl,Sy 20,2025-12-01 22:09:07+00:00,,2025-12-01 22:12:34.638873550+00:00,2241,,,207,2025-12-01
1759903,17:09:34,18257,4,0.8218,21337,1,220 James St - To Hub,268627,Stewart Dr & Thompson Rd,Sy 20,2025-12-01 22:09:34+00:00,2025-12-01 22:13:01+00:00,2025-12-01 22:13:01+00:00,2241,43.121551513671875,-76.09877014160156,207,2025-12-01
1759903,17:10:01,18276,5,1.0595,21337,1,220 James St - To Hub,268627,Stewart Dr & Ethan Allen St,Sy 20,2025-12-01 22:10:01+00:00,,2025-12-01 22:13:21.520863309+00:00,2241,,,200,2025-12-01
1759903,17:10:22,18258,6,1.2430,21337,1,220 James St - To Hub,268627,Stewart Dr & Caswell St W,Sy 20,2025-12-01 22:10:22+00:00,,2025-12-01 22:13:37.362589928+00:00,2241,,,195,2025-12-01
1759903,17:10:53,18259,7,1.5168,21337,1,220 James St - To Hub,268627,Performance Dr & Hancock Dr,Sy 20,2025-12-01 22:10:53+00:00,2025-12-01 22:14:01+00:00,2025-12-01 22:14:01+00:00,2241,43.12243362426758,-76.0907438659668,188,2025-12-01
1759903,17:11:15,18260,8,1.7146,21337,1,220 James St - To Hub,268627,Performace Dr & E Taft Rd,Sy 20,2025-12-01 22:11:15+00:00,2025-12-01 22:15:02+00:00,2025-12-01 22:15:02+00:00,2241,43.12548164699388,-76.09068265168563,227,2025-12-01
1759903,17:12:06,18261,9,2.1624,21337,1,220 James St - To Hub,268627,E Taft Rd & Hancock Dr,Sy 20,2025-12-01 22:12:06+00:00,,2025-12-01 22:15:29.072650886+00:00,2241,,,203,2025-12-01
1759903,17:13:07,18262,10,2.6905,21337,1,220 James St - To Hub,268627,E Taft Rd & Northern Blvd,Sy 20,2025-12-01 22:13:07+00:00,2025-12-01 22:16:01+00:00,2025-12-01 22:16:01+00:00,2241,43.12790985107422,-76.08043263753255,174,2025-12-01
1759903,17:14:15,18263,11,3.2822,21337,1,220 James St - To Hub,268627,Schuyler Rd & E Taft Rd,Sy 20,2025-12-01 22:14:15+00:00,2025-12-01 22:17:01+00:00,2025-12-01 22:17:01+00:00,2241,43.12789855132232,-76.07614960541596,166,2025-12-01
1759903,17:15:02,18264,12,3.6929,21337,1,220 James St - To Hub,268627,Schuyler Rd & Terminal Rd,Sy 20,2025-12-01 22:15:02+00:00,2025-12-01 22:18:01+00:00,2025-12-01 22:18:01+00:00,2241,43.12370207251572,-76.07324107100324,179,2025-12-01
1759903,17:18:01,18265,13,5.2454,21337,1,220 James St - To Hub,268627,Schuyler Rd & Badgley Rd,Sy 20,2025-12-01 22:18:01+00:00,,2025-12-01 22:19:32.444558975+00:00,2241,,,91,2025-12-01
1759903,17:18:57,18266,14,5.7302,21337,1,220 James St - To Hub,268627,Schuyler Rd & Canada Dr,Sy 20,2025-12-01 22:18:57+00:00,2025-12-01 22:20:01+00:00,2025-12-01 22:20:01+00:00,2241,43.105566872490776,-76.07267782423231,64,2025-12-01
1759903,17:19:47,18267,15,6.1700,21337,1,220 James St - To Hub,268627,Schuyler Rd & Collamer Rd,Sy 20,2025-12-01 22:19:47+00:00,2025-12-01 22:21:01+00:00,2025-12-01 22:21:01+00:00,2241,43.10129279278694,-76.07384182544465,74,2025-12-01
1759903,17:21:34,18268,16,7.0970,21337,1,220 James St - To Hub,268627,Kinne St & Old Collamer Rd,Sy 20,2025-12-01 22:21:34+00:00,2025-12-01 22:22:01+00:00,2025-12-01 22:22:01+00:00,2241,43.099759843614365,-76.07719534414785,27,2025-12-01
1759903,17:23:00,7445,17,7.7664,21337,1,220 James St - To Hub,268627,E Molloy Rd & Corporate Dr,Sy 20,2025-12-01 22:23:00+00:00,2025-12-01 22:25:01+00:00,2025-12-01 22:25:01+00:00,2241,43.09967226595492,-76.08890904607,121,2025-12-01
1759903,17:24:09,18269,18,8.4638,21337,1,220 James St - To Hub,268627,E Molloy Rd & Thompson Rd,Sy 20,2025-12-01 22:24:09+00:00,,2025-12-01 22:25:34.320592451+00:00,2241,,,85,2025-12-01
1759903,17:25:04,8199,19,9.0222,21337,1,220 James St - To Hub,268627,E Molloy Rd & Air Natl Guard Base,Sy 20,2025-12-01 22:25:04+00:00,2025-12-01 22:26:01+00:00,2025-12-01 22:26:01+00:00,2241,43.099102221037214,-76.10223027279503,57,2025-12-01
1759903,17:25:46,7431,20,9.4474,21337,1,220 James St - To Hub,268627,E Molloy Rd & Moore Rd,Sy 20,2025-12-01 22:25:46+00:00,2025-12-01 22:27:02+00:00,2025-12-01 22:27:02+00:00,2241,43.09873998732794,-76.1083249288892,76,2025-12-01
1759903,17:31:16,2593,21,12.7560,21337,1,220 James St - To Hub,268627,Court St & Swansea Ave,Sy 20,2025-12-01 22:31:16+00:00,,2025-12-01 22:29:40.802863731+00:00,2241,,,-95,2025-12-01
1759903,17:32:00,2576,22,13.1768,21337,1,220 James St - To Hub,268627,New Court Ave & Marisa Hts,Sy 20,2025-12-01 22:32:00+00:00,2025-12-01 22:30:01+00:00,2025-12-01 22:30:01+00:00,2241,43.084963703155516,-76.11418876647949,-119,2025-12-01
1759903,17:32:34,6149,23,13.3935,21337,1,220 James St - To Hub,268627,New Court Ave & Eastbourne Dr,Sy 20,2025-12-01 22:32:34+00:00,,2025-12-01 22:31:02.884816753+00:00,2241,,,-91,2025-12-01
1759903,17:33:40,6155,24,13.8071,21337,1,220 James St - To Hub,268627,New Court Ave & Ashdale Ave,Sy 20,2025-12-01 22:33:40+00:00,2025-12-01 22:33:01+00:00,2025-12-01 22:33:01+00:00,2241,43.07776718139648,-76.10687599182128,-39,2025-12-01
1759903,17:34:35,8133,25,14.1538,21337,1,220 James St - To Hub,268627,N Midler Ave & 337 N Midler Ave,Sy 20,2025-12-01 22:34:35+00:00,,2025-12-01 22:33:31.546255506+00:00,2241,,,-63,2025-12-01
1759903,17:34:58,8134,26,14.2980,21337,1,220 James St - To Hub,268627,N Midler Ave & Coughlin Ave,Sy 20,2025-12-01 22:34:58+00:00,,2025-12-01 22:33:44.251101321+00:00,2241,,,-73,2025-12-01
1759903,17:35:28,8135,27,14.4881,21337,1,220 James St - To Hub,268627,N Midler Ave & 255 N Midler Ave,Sy 20,2025-12-01 22:35:28+00:00,2025-12-01 22:34:01+00:00,2025-12-01 22:34:01+00:00,2241,43.071960054594896,-76.10553162673423,-87,2025-12-01
1759903,17:36:38,539,28,14.9251,21337,1,220 James St - To Hub,268627,James St & N Edwards Ave,Sy 20,2025-12-01 22:36:38+00:00,2025-12-01 22:35:01+00:00,2025-12-01 22:35:01+00:00,2241,43.068878439969794,-76.10558904603471,-97,2025-12-01
1759903,17:36:52,534,29,15.0143,21337,1,220 James St - To Hub,268627,James St & N Collingwood Ave,Sy 20,2025-12-01 22:36:52+00:00,2025-12-01 22:37:01+00:00,2025-12-01 22:37:01+00:00,2241,43.06884721849786,-76.10753143810835,9,2025-12-01
1759903,17:37:05,530,30,15.0955,21337,1,220 James St - To Hub,268627,James St & Ashdale Ave,Sy 20,2025-12-01 22:37:05+00:00,,2025-12-01 22:37:10.052396878+00:00,2241,,,5,2025-12-01
1759903,17:37:31,520,31,15.2609,21337,1,220 James St - To Hub,268627,James St & Lillian Ave,Sy 20,2025-12-01 22:37:31+00:00,,2025-12-01 22:37:28.491638795+00:00,2241,,,-2,2025-12-01
1759903,17:37:50,516,32,15.3831,21337,1,220 James St - To Hub,268627,James St & Marlborough Rd,Sy 20,2025-12-01 22:37:50+00:00,,2025-12-01 22:37:42.114827201+00:00,2241,,,-7,2025-12-01
1759903,17:38:08,511,33,15.4954,21337,1,220 James St - To Hub,268627,James St & North Ave,Sy 20,2025-12-01 22:38:08+00:00,,2025-12-01 22:37:54.634336677+00:00,2241,,,-13,2025-12-01
1759903,17:38:17,501,34,15.5525,21337,1,220 James St - To Hub,268627,James St & Hickok Ave,Sy 20,2025-12-01 22:38:17+00:00,2025-12-01 22:38:01+00:00,2025-12-01 22:38:01+00:00,2241,43.068501141606546,-76.11448576012437,-16,2025-12-01
1759903,17:39:00,499,35,15.7780,21337,1,220 James St - To Hub,268627,James St & Mildred Ave,Sy 20,2025-12-01 22:39:00+00:00,2025-12-01 22:39:01+00:00,2025-12-01 22:39:01+00:00,2241,43.06816864013672,-76.11625366210937,1,2025-12-01
1759903,17:39:28,484,36,15.9896,21337,1,220 James St - To Hub,268627,James St & Peck Ave,Sy 20,2025-12-01 22:39:28+00:00,,2025-12-01 22:39:19.397333719+00:00,2241,,,-8,2025-12-01
1759903,17:39:46,483,37,16.1294,21337,1,220 James St - To Hub,268627,James St & Rugby Rd,Sy 20,2025-12-01 22:39:46+00:00,,2025-12-01 22:39:31.552093899+00:00,2241,,,-14,2025-12-01
1759903,17:40:31,470,38,16.4681,21337,1,220 James St - To Hub,268627,James St & Hampton Rd,Sy 20,2025-12-01 22:40:31+00:00,2025-12-01 22:40:01+00:00,2025-12-01 22:40:01+00:00,2241,43.06475707719911,-76.1232247982385,-30,2025-12-01
1759903,17:41:10,476,39,16.7646,21337,1,220 James St - To Hub,268627,James St & Durston Ave,Sy 20,2025-12-01 22:41:10+00:00,,2025-12-01 22:40:39.732854343+00:00,2241,,,-30,2025-12-01
1759903,17:41:31,455,40,16.9274,21337,1,220 James St - To Hub,268627,James St & Sedgwick Dr,Sy 20,2025-12-01 22:41:31+00:00,2025-12-01 22:41:01+00:00,2025-12-01 22:41:01+00:00,2241,43.06212121087152,-76.1285926200248,-30,2025-12-01
1759903,17:42:08,451,41,17.2068,21337,1,220 James St - To Hub,268627,James St & Dewitt St,Sy 20,2025-12-01 22:42:08+00:00,,2025-12-01 22:41:24.115963651+00:00,2241,,,-43,2025-12-01
1759903,17:43:00,447,42,17.5704,21337,1,220 James St - To Hub,268627,James St & Oak St,Sy 20,2025-12-01 22:43:00+00:00,,2025-12-01 22:41:54.198155431+00:00,2241,,,-65,2025-12-01
1759903,17:43:12,6678,43,17.6647,21337,1,220 James St - To Hub,268627,James St & Bryant and Stratton College,Sy 20,2025-12-01 22:43:12+00:00,2025-12-01 22:42:02+00:00,2025-12-01 22:42:02+00:00,2241,43.05885192326137,-76.13526548658099,-70,2025-12-01
1759903,17:43:45,443,44,17.9182,21337,1,220 James St - To Hub,268627,James St & Highland St,Sy 20,2025-12-01 22:43:45+00:00,2025-12-01 22:44:01+00:00,2025-12-01 22:44:01+00:00,2241,43.05785994096236,-76.13730135830966,16,2025-12-01
1759903,17:44:11,438,45,18.1185,21337,1,220 James St - To Hub,268627,James St & Lodi St,Sy 20,2025-12-01 22:44:11+00:00,2025-12-01 22:45:02+00:00,2025-12-01 22:45:02+00:00,2241,43.05649055753435,-76.14009353092739,51,2025-12-01
1759903,17:44:42,10928,46,18.3559,21337,1,220 James St - To Hub,268627,James St & Catherine St,Sy 20,2025-12-01 22:44:42+00:00,2025-12-01 22:47:01+00:00,2025-12-01 22:47:01+00:00,2241,43.054973158725474,-76.1431849280069,139,2025-12-01
1759903,17:45:00,431,47,18.4979,21337,1,220 James St - To Hub,268627,James St & N McBride St,Sy 20,2025-12-01 22:45:00+00:00,,2025-12-01 22:47:31.180658873+00:00,2241,,,151,2025-12-01
1759903,17:45:18,425,48,18.6382,21337,1,220 James St - To Hub,268627,James St & N Townsend St,Sy 20,2025-12-01 22:45:18+00:00,2025-12-01 22:48:01+00:00,2025-12-01 22:48:01+00:00,2241,43.05358759562174,-76.14601287841796,163,2025-12-01
1759903,17:45:48,426,49,18.8693,21337,1,220 James St - To Hub,268627,James St & N State St,Sy 20,2025-12-01 22:45:48+00:00,2025-12-01 22:49:01+00:00,2025-12-01 22:49:01+00:00,2241,43.05257588048135,-76.14850751815304,193,2025-12-01
1759903,17:46:39,180,50,19.2566,21337,1,220 James St - To Hub,268627,E Willow St & N Salina St,Sy 20,2025-12-01 22:46:39+00:00,2025-12-01 22:51:01+00:00,2025-12-01 22:51:01+00:00,2241,43.05197731653849,-76.1521445910136,262,2025-12-01
1759903,17:47:00,174,51,19.3816,21337,1,220 James St - To Hub,268627,N Salina St & W Genesee St,Sy 20,2025-12-01 22:47:00+00:00,,2025-12-01 22:51:24.885350318+00:00,2241,,,264,2025-12-01
1759903,17:47:48,99,52,19.5706,21337,1,220 James St - To Hub,268627,S Salina St & Washington St,Sy 20,2025-12-01 22:47:48+00:00,2025-12-01 22:52:01+00:00,2025-12-01 22:52:01+00:00,2241,43.04963120960054,-76.15220642089844,253,2025-12-01
1759903,17:49:09,7987,53,19.8877,21337,1,220 James St - To Hub,268627,S Salina St & W Jefferson St,Sy 20,2025-12-01 22:49:09+00:00,2025-12-01 22:54:01+00:00,2025-12-01 22:54:01+00:00,2241,43.04732998934659,-76.15223693847656,292,2025-12-01
1759903,17:51:00,17653,54,20.3118,21337,1,220 James St - To Hub,268627,B14,Sy 20,2025-12-01 22:51:00+00:00,,,,,,,2025-12-01
1759904, 8:17:00,9538,1,,21337,1,20 James Street to Hub,268621,Lepage Pl & Walter Dr,Sy 20,2025-12-01 13:17:00+00:00,2025-12-01 13:19:01+00:00,2025-12-01 13:19:01+00:00,1903,43.07088706072639,-76.0984920052921,121,2025-12-01
1759904, 8:17:45,555,2,0.3255,21337,1,20 James Street to Hub,268621,Lamson St & James St,Sy 20,2025-12-01 13:17:45+00:00,2025-12-01 13:20:02+00:00,2025-12-01 13:20:02+00:00,1903,43.0696907043457,-76.10001373291016,137,2025-12-01
1759904, 8:18:02,556,3,0.4497,21337,1,20 James Street to Hub,268621,James St & Lynwood Ave,Sy 20,2025-12-01 13:18:02+00:00,,2025-12-01 13:20:34.948741007+00:00,1903,,,152,2025-12-01
1759904, 8:18:15,549,4,0.5479,21337,1,20 James Street to Hub,268621,James St & Homecroft Rd,Sy 20,2025-12-01 13:18:15+00:00,2025-12-01 13:21:01+00:00,2025-12-01 13:21:01+00:00,1903,43.06905746459961,-76.10200500488281,166,2025-12-01
1759904, 8:18:31,546,5,0.6682,21337,1,20 James Street to Hub,268621,James St & Rigi Ave,Sy 20,2025-12-01 13:18:31+00:00,2025-12-01 13:22:01+00:00,2025-12-01 13:22:01+00:00,1903,43.068944484629526,-76.10424496265168,210,2025-12-01
1759904, 8:18:44,10550,6,0.7605,21337,1,20 James Street to Hub,268621,James St & N Midler Ave,Sy 20,2025-12-01 13:18:44+00:00,2025-12-01 13:23:01+00:00,2025-12-01 13:23:01+00:00,1903,43.06892760919065,-76.10463325344786,257,2025-12-01
1759904, 8:18:56,539,7,0.8497,21337,1,20 James Street to Hub,268621,James St & N Edwards Ave,Sy 20,2025-12-01 13:18:56+00:00,,2025-12-01 13:23:09.115238817+00:00,1903,,,253,2025-12-01
1759904, 8:19:08,534,8,0.9389,21337,1,20 James Street to Hub,268621,James St & N Collingwood Ave,Sy 20,2025-12-01 13:19:08+00:00,,2025-12-01 13:23:17.230477634+00:00,1903,,,249,2025-12-01
1759904, 8:19:19,530,9,1.0201,21337,1,20 James Street to Hub,268621,James St & Ashdale Ave,Sy 20,2025-12-01 13:19:19+00:00,,2025-12-01 13:23:24.617892342+00:00,1903,,,245,2025-12-01
1759904, 8:19:42,520,10,1.1855,21337,1,20 James Street to Hub,268621,James St & Lillian Ave,Sy 20,2025-12-01 13:19:42+00:00,,2025-12-01 13:23:39.665655799+00:00,1903,,,237,2025-12-01
1759904, 8:19:59,516,11,1.3077,21337,1,20 James Street to Hub,268621,James St & Marlborough Rd,Sy 20,2025-12-01 13:19:59+00:00,,2025-12-01 13:23:50.783169067+00:00,1903,,,231,2025-12-01
1759904, 8:20:14,511,12,1.4200,21337,1,20 James Street to Hub,268621,James St & North Ave,Sy 20,2025-12-01 13:20:14+00:00,2025-12-01 13:24:01+00:00,2025-12-01 13:24:01+00:00,1903,43.06857681274414,-76.11302185058594,227,2025-12-01
1759904, 8:20:22,501,13,1.4771,21337,1,20 James Street to Hub,268621,James St & Hickok Ave,Sy 20,2025-12-01 13:20:22+00:00,,2025-12-01 13:24:11.807570977+00:00,1903,,,229,2025-12-01
1759904, 8:21:00,499,14,1.7026,21337,1,20 James Street to Hub,268621,James St & Mildred Ave,Sy 20,2025-12-01 13:21:00+00:00,,2025-12-01 13:24:54.488958990+00:00,1903,,,234,2025-12-01
1759904, 8:21:35,484,15,1.9142,21337,1,20 James Street to Hub,268621,James St & Peck Ave,Sy 20,2025-12-01 13:21:35+00:00,,2025-12-01 13:25:34.539432176+00:00,1903,,,239,2025-12-01
1759904, 8:21:58,483,16,2.0540,21337,1,20 James Street to Hub,268621,James St & Rugby Rd,Sy 20,2025-12-01 13:21:58+00:00,2025-12-01 13:26:01+00:00,2025-12-01 13:26:01+00:00,1903,43.06597137451172,-76.1207504272461,243,2025-12-01
1759904, 8:22:54,470,17,2.3927,21337,1,20 James Street to Hub,268621,James St & Hampton Rd,Sy 20,2025-12-01 13:22:54+00:00,2025-12-01 13:27:01+00:00,2025-12-01 13:27:01+00:00,1903,43.06513977050781,-76.12245178222656,247,2025-12-01
1759904, 8:23:43,476,18,2.6892,21337,1,20 James Street to Hub,268621,James St & Durston Ave,Sy 20,2025-12-01 13:23:43+00:00,2025-12-01 13:28:01+00:00,2025-12-01 13:28:01+00:00,1903,43.06327819824219,-76.1262435913086,258,2025-12-01
1759904, 8:24:10,455,19,2.8520,21337,1,20 James Street to Hub,268621,James St & Sedgwick Dr,Sy 20,2025-12-01 13:24:10+00:00,,2025-12-01 13:28:22.721393034+00:00,1903,,,252,2025-12-01
1759904, 8:24:56,451,20,3.1314,21337,1,20 James Street to Hub,268621,James St & Dewitt St,Sy 20,2025-12-01 13:24:56+00:00,2025-12-01 13:29:00+00:00,2025-12-01 13:29:00+00:00,1903,43.060550689697266,-76.1318130493164,244,2025-12-01
1759904, 8:26:00,447,21,3.4950,21337,1,20 James Street to Hub,268621,James St & Oak St,Sy 20,2025-12-01 13:26:00+00:00,2025-12-01 13:30:01+00:00,2025-12-01 13:30:01+00:00,1903,43.059200286865234,-76.13455200195312,241,2025-12-01
1759904, 8:26:15,6678,22,3.5893,21337,1,20 James Street to Hub,268621,James St & Bryant and Stratton College,Sy 20,2025-12-01 13:26:15+00:00,,2025-12-01 13:30:17.539102932+00:00,1903,,,242,2025-12-01
1759904, 8:26:56,443,23,3.8428,21337,1,20 James Street to Hub,268621,James St & Highland St,Sy 20,2025-12-01 13:26:56+00:00,2025-12-01 13:31:02+00:00,2025-12-01 13:31:02+00:00,1903,43.057289123535156,-76.1385498046875,246,2025-12-01
1759904, 8:27:29,438,24,4.0431,21337,1,20 James Street to Hub,268621,James St & Lodi St,Sy 20,2025-12-01 13:27:29+00:00,,2025-12-01 13:31:28.999543066+00:00,1903,,,239,2025-12-01
1759904, 8:28:08,10928,25,4.2805,21337,1,20 James Street to Hub,268621,James St & Catherine St,Sy 20,2025-12-01 13:28:08+00:00,2025-12-01 13:32:01+00:00,2025-12-01 13:32:01+00:00,1903,43.055259704589844,-76.14260864257812,233,2025-12-01
1759904, 8:28:31,431,26,4.4225,21337,1,20 James Street to Hub,268621,James St & N McBride St,Sy 20,2025-12-01 13:28:31+00:00,,2025-12-01 13:32:34.190494740+00:00,1903,,,243,2025-12-01
1759904, 8:28:54,425,27,4.5628,21337,1,20 James Street to Hub,268621,James St & N Townsend St,Sy 20,2025-12-01 13:28:54+00:00,,2025-12-01 13:33:06.983638488+00:00,1903,,,252,2025-12-01
1759904, 8:29:32,426,28,4.7939,21337,1,20 James Street to Hub,268621,James St & N State St,Sy 20,2025-12-01 13:29:32+00:00,2025-12-01 13:34:01+00:00,2025-12-01 13:34:01+00:00,1903,43.05302810668945,-76.14949035644531,269,2025-12-01
1759904, 8:30:36,180,29,5.1812,21337,1,20 James Street to Hub,268621,E Willow St & N Salina St,Sy 20,2025-12-01 13:30:36+00:00,,2025-12-01 13:34:47.116142885+00:00,1903,,,251,2025-12-01
1759904, 8:31:00,174,30,5.3062,21337,1,20 James Street to Hub,268621,N Salina St & W Genesee St,Sy 20,2025-12-01 13:31:00+00:00,2025-12-01 13:35:02+00:00,2025-12-01 13:35:02+00:00,1903,43.050899505615234,-76.15218353271484,242,2025-12-01
1759904, 8:31:48,99,31,5.4952,21337,1,20 James Street to Hub,268621,S Salina St & Washington St,Sy 20,2025-12-01 13:31:48+00:00,2025-12-01 13:36:01+00:00,2025-12-01 13:36:01+00:00,1903,43.0497932434082,-76.1523208618164,253,2025-12-01
1759904, 8:33:09,7987,32,5.8123,21337,1,20 James Street to Hub,268621,S Salina St & W Jefferson St,Sy 20,2025-12-01 13:33:09+00:00,2025-12-01 13:37:01+00:00,2025-12-01 13:37:01+00:00,1903,43.0463981628418,-76.15225219726562,232,2025-12-01
1759904, 8:35:00,17645,33,6.2378,21337,1,20 James Street to Hub,268621,A6,Sy 20,2025-12-01 13:35:00+00:00,,,,,,,2025-12-01
1759905, 8:57:00,9538,1,,21337,1,20 James Street to Hub,268623,Lepage Pl & Walter Dr,Sy 20,2025-12-01 13:57:00+00:00,2025-12-01 14:02:00+00:00,2025-12-01 14:02:00+00:00,2232,43.07081985473633,-76.09989929199219,300,2025-12-01
1759905, 8:57:45,555,2,0.3255,21337,1,20 James Street to Hub,268623,Lamson St & James St,Sy 20,2025-12-01 13:57:45+00:00,2025-12-01 14:03:01+00:00,2025-12-01 14:03:01+00:00,2232,43.0696907043457,-76.10001373291016,316,2025-12-01
1759905, 8:58:02,556,3,0.4497,21337,1,20 James Street to Hub,268623,James St & Lynwood Ave,Sy 20,2025-12-01 13:58:02+00:00,,2025-12-01 14:03:18.416551724+00:00,2232,,,316,2025-12-01
1759905, 8:58:15,549,4,0.5479,21337,1,20 James Street to Hub,268623,James St & Homecroft Rd,Sy 20,2025-12-01 13:58:15+00:00,,2025-12-01 14:03:32.187126436+00:00,2232,,,317,2025-12-01
1759905, 8:58:31,546,5,0.6682,21337,1,20 James Street to Hub,268623,James St & Rigi Ave,Sy 20,2025-12-01 13:58:31+00:00,,2025-12-01 14:03:49.056781609+00:00,2232,,,318,2025-12-01
1759905, 8:58:44,10550,6,0.7605,21337,1,20 James Street to Hub,268623,James St & N Midler Ave,Sy 20,2025-12-01 13:58:44+00:00,2025-12-01 14:04:02+00:00,2025-12-01 14:04:02+00:00,2232,43.06892776489258,-76.10462951660156,318,2025-12-01
1759905, 8:58:56,539,7,0.8497,21337,1,20 James Street to Hub,268623,James St & N Edwards Ave,Sy 20,2025-12-01 13:58:56+00:00,,2025-12-01 14:04:22.616332819+00:00,2232,,,326,2025-12-01
1759905, 8:59:08,534,8,0.9389,21337,1,20 James Street to Hub,268623,James St & N Collingwood Ave,Sy 20,2025-12-01 13:59:08+00:00,,2025-12-01 14:04:43.232665639+00:00,2232,,,335,2025-12-01
1759905, 8:59:19,530,9,1.0201,21337,1,20 James Street to Hub,268623,James St & Ashdale Ave,Sy 20,2025-12-01 13:59:19+00:00,2025-12-01 14:05:02+00:00,2025-12-01 14:05:02+00:00,2232,43.068824768066406,-76.10792541503906,343,2025-12-01
1759905, 8:59:42,520,10,1.1855,21337,1,20 James Street to Hub,268623,James St & Lillian Ave,Sy 20,2025-12-01 13:59:42+00:00,2025-12-01 14:06:01+00:00,2025-12-01 14:06:01+00:00,2232,43.06872595810309,-76.10988654159918,379,2025-12-01
1759905, 8:59:59,516,11,1.3077,21337,1,20 James Street to Hub,268623,James St & Marlborough Rd,Sy 20,2025-12-01 13:59:59+00:00,,2025-12-01 14:06:32.266524520+00:00,2232,,,393,2025-12-01
1759905, 9:00:14,511,12,1.4200,21337,1,20 James Street to Hub,268623,James St & North Ave,Sy 20,2025-12-01 14:00:14+00:00,2025-12-01 14:07:01+00:00,2025-12-01 14:07:01+00:00,2232,43.06855619714615,-76.11348545804937,407,2025-12-01
1759905, 9:00:22,501,13,1.4771,21337,1,20 James Street to Hub,268623,James St & Hickok Ave,Sy 20,2025-12-01 14:00:22+00:00,2025-12-01 14:08:01+00:00,2025-12-01 14:08:01+00:00,2232,43.06853103637695,-76.114013671875,459,2025-12-01
1759905, 9:01:00,499,14,1.7026,21337,1,20 James Street to Hub,268623,James St & Mildred Ave,Sy 20,2025-12-01 14:01:00+00:00,2025-12-01 14:09:01+00:00,2025-12-01 14:09:01+00:00,2232,43.067818918535785,-76.11697978358114,481,2025-12-01
1759905, 9:01:35,484,15,1.9142,21337,1,20 James Street to Hub,268623,James St & Peck Ave,Sy 20,2025-12-01 14:01:35+00:00,,2025-12-01 14:09:19.397333719+00:00,2232,,,464,2025-12-01
1759905, 9:01:58,483,16,2.0540,21337,1,20 James Street to Hub,268623,James St & Rugby Rd,Sy 20,2025-12-01 14:01:58+00:00,,2025-12-01 14:09:31.552093899+00:00,2232,,,453,2025-12-01
1759905, 9:02:54,470,17,2.3927,21337,1,20 James Street to Hub,268623,James St & Hampton Rd,Sy 20,2025-12-01 14:02:54+00:00,2025-12-01 14:10:01+00:00,2025-12-01 14:10:01+00:00,2232,43.064453995018674,-76.1238385919939,427,2025-12-01
1759905, 9:03:43,476,18,2.6892,21337,1,20 James Street to Hub,268623,James St & Durston Ave,Sy 20,2025-12-01 14:03:43+00:00,,2025-12-01 14:10:25.082848246+00:00,2232,,,402,2025-12-01
1759905, 9:04:10,455,19,2.8520,21337,1,20 James Street to Hub,268623,James St & Sedgwick Dr,Sy 20,2025-12-01 14:04:10+00:00,,2025-12-01 14:10:38.306078245+00:00,2232,,,388,2025-12-01
1759905, 9:04:56,451,20,3.1314,21337,1,20 James Street to Hub,268623,James St & Dewitt St,Sy 20,2025-12-01 14:04:56+00:00,2025-12-01 14:11:01+00:00,2025-12-01 14:11:01+00:00,2232,43.06136961241026,-76.13014468631229,365,2025-12-01
1759905, 9:06:00,447,21,3.4950,21337,1,20 James Street to Hub,268623,James St & Oak St,Sy 20,2025-12-01 14:06:00+00:00,,2025-12-01 14:11:48.643590303+00:00,2232,,,348,2025-12-01
1759905, 9:06:15,6678,22,3.5893,21337,1,20 James Street to Hub,268623,James St & Bryant and Stratton College,Sy 20,2025-12-01 14:06:15+00:00,2025-12-01 14:12:01+00:00,2025-12-01 14:12:01+00:00,2232,43.05873792599409,-76.13550352438902,346,2025-12-01
1759905, 9:06:56,443,23,3.8428,21337,1,20 James Street to Hub,268623,James St & Highland St,Sy 20,2025-12-01 14:06:56+00:00,2025-12-01 14:13:01+00:00,2025-12-01 14:13:01+00:00,2232,43.056813032730766,-76.13942569235097,365,2025-12-01
1759905, 9:07:29,438,24,4.0431,21337,1,20 James Street to Hub,268623,James St & Lodi St,Sy 20,2025-12-01 14:07:29+00:00,,2025-12-01 14:13:28.457162440+00:00,2232,,,359,2025-12-01
1759905, 9:08:08,10928,25,4.2805,21337,1,20 James Street to Hub,268623,James St & Catherine St,Sy 20,2025-12-01 14:08:08+00:00,2025-12-01 14:14:01+00:00,2025-12-01 14:14:01+00:00,2232,43.055620349821496,-76.14187134289351,353,2025-12-01
1759905, 9:08:31,431,26,4.4225,21337,1,20 James Street to Hub,268623,James St & N McBride St,Sy 20,2025-12-01 14:08:31+00:00,,2025-12-01 14:14:31.683669854+00:00,2232,,,360,2025-12-01
1759905, 9:08:54,425,27,4.5628,21337,1,20 James Street to Hub,268623,James St & N Townsend St,Sy 20,2025-12-01 14:08:54+00:00,2025-12-01 14:15:02+00:00,2025-12-01 14:15:02+00:00,2232,43.05372959858662,-76.14571463095176,368,2025-12-01
1759905, 9:09:32,426,28,4.7939,21337,1,20 James Street to Hub,268623,James St & N State St,Sy 20,2025-12-01 14:09:32+00:00,2025-12-01 14:16:01+00:00,2025-12-01 14:16:01+00:00,2232,43.05266189575195,-76.14788055419922,389,2025-12-01
1759905, 9:10:36,180,29,5.1812,21337,1,20 James Street to Hub,268623,E Willow St & N Salina St,Sy 20,2025-12-01 14:10:36+00:00,,2025-12-01 14:16:46.360140542+00:00,2232,,,370,2025-12-01
1759905, 9:11:00,174,30,5.3062,21337,1,20 James Street to Hub,268623,N Salina St & W Genesee St,Sy 20,2025-12-01 14:11:00+00:00,2025-12-01 14:17:01+00:00,2025-12-01 14:17:01+00:00,2232,43.05183029174805,-76.15215301513672,361,2025-12-01
1759905, 9:11:48,99,31,5.4952,21337,1,20 James Street to Hub,268623,S Salina St & Washington St,Sy 20,2025-12-01 14:11:48+00:00,2025-12-01 14:18:01+00:00,2025-12-01 14:18:01+00:00,2232,43.0497932434082,-76.1523208618164,373,2025-12-01
1759905, 9:13:09,7987,32,5.8123,21337,1,20 James Street to Hub,268623,S Salina St & W Jefferson St,Sy 20,2025-12-01 14:13:09+00:00,2025-12-01 14:19:01+00:00,2025-12-01 14:19:01+00:00,2232,43.04736328125,-76.15223693847656,352,2025-12-01
1759905, 9:15:00,17645,33,6.2378,21337,1,20 James Street to Hub,268623,A6,Sy 20,2025-12-01 14:15:00+00:00,,,,,,,2025-12-01
1759906, 9:37:00,9538,1,,21337,1,20 James Street to Hub,268621,Lepage Pl & Walter Dr,Sy 20,2025-12-01 14:37:00+00:00,2025-12-01 14:38:01+00:00,2025-12-01 14:38:01+00:00,1903,43.07095718383789,-76.09820556640625,61,2025-12-01
1759906, 9:37:45,555,2,0.3255,21337,1,20 James Street to Hub,268621,Lamson St & James St,Sy 20,2025-12-01 14:37:45+00:00,2025-12-01 14:39:01+00:00,2025-12-01 14:39:01+00:00,1903,43.06951141357422,-76.0999984741211,76,2025-12-01
1759906, 9:38:02,556,3,0.4497,21337,1,20 James Street to Hub,268621,James St & Lynwood Ave,Sy 20,2025-12-01 14:38:02+00:00,,2025-12-01 14:39:35.065647482+00:00,1903,,,93,2025-12-01
1759906, 9:38:15,549,4,0.5479,21337,1,20 James Street to Hub,268621,James St & Homecroft Rd,Sy 20,2025-12-01 14:38:15+00:00,2025-12-01 14:40:02+00:00,2025-12-01 14:40:02+00:00,1903,43.06907272338867,-76.1025619506836,107,2025-12-01
1759906, 9:38:31,546,5,0.6682,21337,1,20 James Street to Hub,268621,James St & Rigi Ave,Sy 20,2025-12-01 14:38:31+00:00,,2025-12-01 14:40:30.341274019+00:00,1903,,,119,2025-12-01
1759906, 9:38:44,10550,6,0.7605,21337,1,20 James Street to Hub,268621,James St & N Midler Ave,Sy 20,2025-12-01 14:38:44+00:00,,2025-12-01 14:40:52.086075282+00:00,1903,,,128,2025-12-01
1759906, 9:38:56,539,7,0.8497,21337,1,20 James Street to Hub,268621,James St & N Edwards Ave,Sy 20,2025-12-01 14:38:56+00:00,,2025-12-01 14:41:13.100552777+00:00,1903,,,137,2025-12-01
1759906, 9:39:08,534,8,0.9389,21337,1,20 James Street to Hub,268621,James St & N Collingwood Ave,Sy 20,2025-12-01 14:39:08+00:00,,2025-12-01 14:41:34.115030271+00:00,1903,,,146,2025-12-01
1759906, 9:39:19,530,9,1.0201,21337,1,20 James Street to Hub,268621,James St & Ashdale Ave,Sy 20,2025-12-01 14:39:19+00:00,,2025-12-01 14:41:53.244801263+00:00,1903,,,154,2025-12-01
1759906, 9:39:42,520,10,1.1855,21337,1,20 James Street to Hub,268621,James St & Lillian Ave,Sy 20,2025-12-01 14:39:42+00:00,,2025-12-01 14:42:32.211108186+00:00,1903,,,170,2025-12-01
1759906, 9:39:59,516,11,1.3077,21337,1,20 James Street to Hub,268621,James St & Marlborough Rd,Sy 20,2025-12-01 14:39:59+00:00,2025-12-01 14:43:01+00:00,2025-12-01 14:43:01+00:00,1903,43.068660736083984,-76.11144256591797,182,2025-12-01
1759906, 9:40:14,511,12,1.4200,21337,1,20 James Street to Hub,268621,James St & North Ave,Sy 20,2025-12-01 14:40:14+00:00,,2025-12-01 14:43:12.109645507+00:00,1903,,,178,2025-12-01
1759906, 9:40:22,501,13,1.4771,21337,1,20 James Street to Hub,268621,James St & Hickok Ave,Sy 20,2025-12-01 14:40:22+00:00,,2025-12-01 14:43:17.758450123+00:00,1903,,,175,2025-12-01
1759906, 9:41:00,499,14,1.7026,21337,1,20 James Street to Hub,268621,James St & Mildred Ave,Sy 20,2025-12-01 14:41:00+00:00,,2025-12-01 14:43:40.066776586+00:00,1903,,,160,2025-12-01
1759906, 9:41:35,484,15,1.9142,21337,1,20 James Street to Hub,268621,James St & Peck Ave,Sy 20,2025-12-01 14:41:35+00:00,2025-12-01 14:44:01+00:00,2025-12-01 14:44:01+00:00,1903,43.067138671875,-76.11835479736328,146,2025-12-01
1759906, 9:41:58,483,16,2.0540,21337,1,20 James Street to Hub,268621,James St & Rugby Rd,Sy 20,2025-12-01 14:41:58+00:00,,2025-12-01 14:44:18.821943573+00:00,1903,,,140,2025-12-01
1759906, 9:42:54,470,17,2.3927,21337,1,20 James Street to Hub,268621,James St & Hampton Rd,Sy 20,2025-12-01 14:42:54+00:00,2025-12-01 14:45:02+00:00,2025-12-01 14:45:02+00:00,1903,43.06424331665039,-76.12425994873047,128,2025-12-01
1759906, 9:43:43,476,18,2.6892,21337,1,20 James Street to Hub,268621,James St & Durston Ave,Sy 20,2025-12-01 14:43:43+00:00,,2025-12-01 14:45:40.087306771+00:00,1903,,,117,2025-12-01
1759906, 9:44:10,455,19,2.8520,21337,1,20 James Street to Hub,268621,James St & Sedgwick Dr,Sy 20,2025-12-01 14:44:10+00:00,2025-12-01 14:46:01+00:00,2025-12-01 14:46:01+00:00,1903,43.062469482421875,-76.12788391113281,111,2025-12-01
1759906, 9:44:56,451,20,3.1314,21337,1,20 James Street to Hub,268621,James St & Dewitt St,Sy 20,2025-12-01 14:44:56+00:00,,2025-12-01 14:46:27.071539657+00:00,1903,,,91,2025-12-01
1759906, 9:46:00,447,21,3.4950,21337,1,20 James Street to Hub,268621,James St & Oak St,Sy 20,2025-12-01 14:46:00+00:00,2025-12-01 14:47:01+00:00,2025-12-01 14:47:01+00:00,1903,43.05971908569336,-76.13350677490234,61,2025-12-01
1759906, 9:46:15,6678,22,3.5893,21337,1,20 James Street to Hub,268621,James St & Bryant and Stratton College,Sy 20,2025-12-01 14:46:15+00:00,2025-12-01 14:49:01+00:00,2025-12-01 14:49:01+00:00,1903,43.05874262100611,-76.13549354748848,166,2025-12-01
1759906, 9:46:56,443,23,3.8428,21337,1,20 James Street to Hub,268621,James St & Highland St,Sy 20,2025-12-01 14:46:56+00:00,,2025-12-01 14:49:34.516967827+00:00,1903,,,158,2025-12-01
1759906, 9:47:29,438,24,4.0431,21337,1,20 James Street to Hub,268621,James St & Lodi St,Sy 20,2025-12-01 14:47:29+00:00,2025-12-01 14:50:01+00:00,2025-12-01 14:50:01+00:00,1903,43.056278228759766,-76.14059448242188,152,2025-12-01
1759906, 9:48:08,10928,25,4.2805,21337,1,20 James Street to Hub,268621,James St & Catherine St,Sy 20,2025-12-01 14:48:08+00:00,,2025-12-01 14:51:16.086979441+00:00,1903,,,188,2025-12-01
1759906, 9:48:31,431,26,4.4225,21337,1,20 James Street to Hub,268621,James St & N McBride St,Sy 20,2025-12-01 14:48:31+00:00,2025-12-01 14:52:01+00:00,2025-12-01 14:52:01+00:00,1903,43.054561614990234,-76.14402770996094,210,2025-12-01
1759906, 9:48:54,425,27,4.5628,21337,1,20 James Street to Hub,268621,James St & N Townsend St,Sy 20,2025-12-01 14:48:54+00:00,,2025-12-01 14:52:46.331179321+00:00,1903,,,232,2025-12-01
1759906, 9:49:32,426,28,4.7939,21337,1,20 James Street to Hub,268621,James St & N State St,Sy 20,2025-12-01 14:49:32+00:00,2025-12-01 14:54:01+00:00,2025-12-01 14:54:01+00:00,1903,43.05250930786133,-76.14826202392578,269,2025-12-01
1759906, 9:50:36,180,29,5.1812,21337,1,20 James Street to Hub,268621,E Willow St & N Salina St,Sy 20,2025-12-01 14:50:36+00:00,2025-12-01 14:55:01+00:00,2025-12-01 14:55:01+00:00,1903,43.05236053466797,-76.15142822265625,265,2025-12-01
1759906, 9:51:00,174,30,5.3062,21337,1,20 James Street to Hub,268621,N Salina St & W Genesee St,Sy 20,2025-12-01 14:51:00+00:00,2025-12-01 14:56:01+00:00,2025-12-01 14:56:01+00:00,1903,43.05172348022461,-76.15215301513672,301,2025-12-01
1759906, 9:51:48,99,31,5.4952,21337,1,20 James Street to Hub,268621,S Salina St & Washington St,Sy 20,2025-12-01 14:51:48+00:00,,2025-12-01 14:56:45.813278008+00:00,1903,,,297,2025-12-01
1759906, 9:53:09,7987,32,5.8123,21337,1,20 James Street to Hub,268621,S Salina St & W Jefferson St,Sy 20,2025-12-01 14:53:09+00:00,2025-12-01 14:58:01+00:00,2025-12-01 14:58:01+00:00,1903,43.0472412109375,-76.15223693847656,292,2025-12-01
1759906, 9:55:00,17645,33,6.2378,21337,1,20 James Street to Hub,268621,A6,Sy 20,2025-12-01 14:55:00+00:00,,,,,,,2025-12-01
1759907,10:17:00,9538,1,,21337,1,20 James Street to Hub,268623,Lepage Pl & Walter Dr,Sy 20,2025-12-01 15:17:00+00:00,2025-12-01 15:25:01+00:00,2025-12-01 15:25:01+00:00,2232,43.07081847355283,-76.09991862856108,481,2025-12-01
1759907,10:17:45,555,2,0.3255,21337,1,20 James Street to Hub,268623,Lamson St & James St,Sy 20,2025-12-01 15:17:45+00:00,,2025-12-01 15:25:37+00:00,2232,,,472,2025-12-01
1759907,10:18:02,556,3,0.4497,21337,1,20 James Street to Hub,268623,James St & Lynwood Ave,Sy 20,2025-12-01 15:18:02+00:00,,2025-12-01 15:26:13+00:00,2232,,,491,2025-12-01
1759907,10:18:15,549,4,0.5479,21337,1,20 James Street to Hub,268623,James St & Homecroft Rd,Sy 20,2025-12-01 15:18:15+00:00,,2025-12-01 15:26:49+00:00,2232,,,514,2025-12-01
1759907,10:18:31,546,5,0.6682,21337,1,20 James Street to Hub,268623,James St & Rigi Ave,Sy 20,2025-12-01 15:18:31+00:00,,2025-12-01 15:27:25+00:00,2232,,,534,2025-12-01
1759907,10:18:44,10550,6,0.7605,21337,1,20 James Street to Hub,268623,James St & N Midler Ave,Sy 20,2025-12-01 15:18:44+00:00,2025-12-01 15:28:01+00:00,2025-12-01 15:28:01+00:00,2232,43.06892776489258,-76.10462951660156,557,2025-12-01
1759907,10:18:56,539,7,0.8497,21337,1,20 James Street to Hub,268623,James St & N Edwards Ave,Sy 20,2025-12-01 15:18:56+00:00,,2025-12-01 15:28:31+00:00,2232,,,575,2025-12-01
1759907,10:19:08,534,8,0.9389,21337,1,20 James Street to Hub,268623,James St & N Collingwood Ave,Sy 20,2025-12-01 15:19:08+00:00,2025-12-01 15:29:01+00:00,2025-12-01 15:29:01+00:00,2232,43.06884771878602,-76.10752393378586,593,2025-12-01
1759907,10:19:19,530,9,1.0201,21337,1,20 James Street to Hub,268623,James St & Ashdale Ave,Sy 20,2025-12-01 15:19:19+00:00,,2025-12-01 15:29:14.430585683+00:00,2232,,,595,2025-12-01
1759907,10:19:42,520,10,1.1855,21337,1,20 James Street to Hub,268623,James St & Lillian Ave,Sy 20,2025-12-01 15:19:42+00:00,,2025-12-01 15:29:41.787960954+00:00,2232,,,599,2025-12-01
1759907,10:19:59,516,11,1.3077,21337,1,20 James Street to Hub,268623,James St & Marlborough Rd,Sy 20,2025-12-01 15:19:59+00:00,2025-12-01 15:30:02+00:00,2025-12-01 15:30:02+00:00,2232,43.068660736083984,-76.11138153076172,603,2025-12-01
1759907,10:20:14,511,12,1.4200,21337,1,20 James Street to Hub,268623,James St & North Ave,Sy 20,2025-12-01 15:20:14+00:00,2025-12-01 15:31:01+00:00,2025-12-01 15:31:01+00:00,2232,43.068554005724316,-76.11351905985082,647,2025-12-01
1759907,10:20:22,501,13,1.4771,21337,1,20 James Street to Hub,268623,James St & Hickok Ave,Sy 20,2025-12-01 15:20:22+00:00,2025-12-01 15:32:01+00:00,2025-12-01 15:32:01+00:00,2232,43.068519812363846,-76.11411094665527,699,2025-12-01
1759907,10:21:00,499,14,1.7026,21337,1,20 James Street to Hub,268623,James St & Mildred Ave,Sy 20,2025-12-01 15:21:00+00:00,,2025-12-01 15:32:24.452938117+00:00,2232,,,684,2025-12-01
1759907,10:21:35,484,15,1.9142,21337,1,20 James Street to Hub,268623,James St & Peck Ave,Sy 20,2025-12-01 15:21:35+00:00,,2025-12-01 15:32:46.460218408+00:00,2232,,,671,2025-12-01
1759907,10:21:58,483,16,2.0540,21337,1,20 James Street to Hub,268623,James St & Rugby Rd,Sy 20,2025-12-01 15:21:58+00:00,2025-12-01 15:33:01+00:00,2025-12-01 15:33:01+00:00,2232,43.06614773614066,-76.12039770398822,663,2025-12-01
1759907,10:22:54,470,17,2.3927,21337,1,20 James Street to Hub,268623,James St & Hampton Rd,Sy 20,2025-12-01 15:22:54+00:00,2025-12-01 15:34:01+00:00,2025-12-01 15:34:01+00:00,2232,43.06446169133772,-76.12382319935581,667,2025-12-01
1759907,10:23:43,476,18,2.6892,21337,1,20 James Street to Hub,268623,James St & Durston Ave,Sy 20,2025-12-01 15:23:43+00:00,,2025-12-01 15:34:39.732854343+00:00,2232,,,656,2025-12-01
1759907,10:24:10,455,19,2.8520,21337,1,20 James Street to Hub,268623,James St & Sedgwick Dr,Sy 20,2025-12-01 15:24:10+00:00,2025-12-01 15:35:01+00:00,2025-12-01 15:35:01+00:00,2232,43.06211564347551,-76.12860313621727,651,2025-12-01
1759907,10:24:56,451,20,3.1314,21337,1,20 James Street to Hub,268623,James St & Dewitt St,Sy 20,2025-12-01 15:24:56+00:00,2025-12-01 15:36:01+00:00,2025-12-01 15:36:01+00:00,2232,43.06039193960336,-76.13212781074719,665,2025-12-01
1759907,10:26:00,447,21,3.4950,21337,1,20 James Street to Hub,268623,James St & Oak St,Sy 20,2025-12-01 15:26:00+00:00,,2025-12-01 15:36:24.928923988+00:00,2232,,,624,2025-12-01
1759907,10:26:15,6678,22,3.5893,21337,1,20 James Street to Hub,268623,James St & Bryant and Stratton College,Sy 20,2025-12-01 15:26:15+00:00,,2025-12-01 15:36:31.134912800+00:00,2232,,,616,2025-12-01
1759907,10:26:56,443,23,3.8428,21337,1,20 James Street to Hub,268623,James St & Highland St,Sy 20,2025-12-01 15:26:56+00:00,,2025-12-01 15:36:47.818032247+00:00,2232,,,591,2025-12-01
1759907,10:27:29,438,24,4.0431,21337,1,20 James Street to Hub,268623,James St & Lodi St,Sy 20,2025-12-01 15:27:29+00:00,2025-12-01 15:37:01+00:00,2025-12-01 15:37:01+00:00,2232,43.05619759395205,-76.14069945236733,572,2025-12-01
1759907,10:28:08,10928,25,4.2805,21337,1,20 James Street to Hub,268623,James St & Catherine St,Sy 20,2025-12-01 15:28:08+00:00,,2025-12-01 15:37:38.543489720+00:00,2232,,,570,2025-12-01
1759907,10:28:31,431,26,4.4225,21337,1,20 James Street to Hub,268623,James St & N McBride St,Sy 20,2025-12-01 15:28:31+00:00,2025-12-01 15:38:01+00:00,2025-12-01 15:38:01+00:00,2232,43.0545768737793,-76.14399719238281,570,2025-12-01
1759907,10:28:54,425,27,4.5628,21337,1,20 James Street to Hub,268623,James St & N Townsend St,Sy 20,2025-12-01 15:28:54+00:00,,2025-12-01 15:38:46.331179321+00:00,2232,,,592,2025-12-01
1759907,10:29:32,426,28,4.7939,21337,1,20 James Street to Hub,268623,James St & N State St,Sy 20,2025-12-01 15:29:32+00:00,2025-12-01 15:40:01+00:00,2025-12-01 15:40:01+00:00,2232,43.05266189575195,-76.14788055419922,629,2025-12-01
1759907,10:30:36,180,29,5.1812,21337,1,20 James Street to Hub,268623,E Willow St & N Salina St,Sy 20,2025-12-01 15:30:36+00:00,2025-12-01 15:41:01+00:00,2025-12-01 15:41:01+00:00,2232,43.05236053466797,-76.15128326416016,625,2025-12-01
1759907,10:31:00,174,30,5.3062,21337,1,20 James Street to Hub,268623,N Salina St & W Genesee St,Sy 20,2025-12-01 15:31:00+00:00,,2025-12-01 15:41:48.770700636+00:00,2232,,,648,2025-12-01
1759907,10:31:48,99,31,5.4952,21337,1,20 James Street to Hub,268623,S Salina St & Washington St,Sy 20,2025-12-01 15:31:48+00:00,2025-12-01 15:43:01+00:00,2025-12-01 15:43:01+00:00,2232,43.05022939046224,-76.15220387776692,673,2025-12-01
1759907,10:33:09,7987,32,5.8123,21337,1,20 James Street to Hub,268623,S Salina St & W Jefferson St,Sy 20,2025-12-01 15:33:09+00:00,2025-12-01 15:45:01+00:00,2025-12-01 15:45:01+00:00,2232,43.047516678318836,-76.15223693847656,712,2025-12-01
1759907,10:35:00,17645,33,6.2378,21337,1,20 James Street to Hub,268623,A6,Sy 20,2025-12-01 15:35:00+00:00,,,,,,,2025-12-01
1759908,10:57:00,9538,1,,21337,1,20 James Street to Hub,268621,Lepage Pl & Walter Dr,Sy 20,2025-12-01 15:57:00+00:00,2025-12-01 16:00:01+00:00,2025-12-01 16:00:01+00:00,1903,43.07085037231445,-76.09941101074219,181,2025-12-01
1759908,10:57:45,555,2,0.3255,21337,1,20 James Street to Hub,268621,Lamson St & James St,Sy 20,2025-12-01 15:57:45+00:00,,2025-12-01 16:00:31+00:00,1903,,,166,2025-12-01
1759908,10:58:02,556,3,0.4497,21337,1,20 James Street to Hub,268621,James St & Lynwood Ave,Sy 20,2025-12-01 15:58:02+00:00,2025-12-01 16:01:01+00:00,2025-12-01 16:01:01+00:00,1903,43.06909894943237,-76.10135126113892,179,2025-12-01
1759908,10:58:15,549,4,0.5479,21337,1,20 James Street to Hub,268621,James St & Homecroft Rd,Sy 20,2025-12-01 15:58:15+00:00,2025-12-01 16:02:01+00:00,2025-12-01 16:02:01+00:00,1903,43.069050554959276,-76.1021639266104,226,2025-12-01
1759908,10:58:31,546,5,0.6682,21337,1,20 James Street to Hub,268621,James St & Rigi Ave,Sy 20,2025-12-01 15:58:31+00:00,,2025-12-01 16:02:10.658199526+00:00,1903,,,219,2025-12-01
1759908,10:58:44,10550,6,0.7605,21337,1,20 James Street to Hub,268621,James St & N Midler Ave,Sy 20,2025-12-01 15:58:44+00:00,,2025-12-01 16:02:18.068439062+00:00,1903,,,214,2025-12-01
1759908,10:58:56,539,7,0.8497,21337,1,20 James Street to Hub,268621,James St & N Edwards Ave,Sy 20,2025-12-01 15:58:56+00:00,,2025-12-01 16:02:25.229797315+00:00,1903,,,209,2025-12-01
1759908,10:59:08,534,8,0.9389,21337,1,20 James Street to Hub,268621,James St & N Collingwood Ave,Sy 20,2025-12-01 15:59:08+00:00,,2025-12-01 16:02:32.391155567+00:00,1903,,,204,2025-12-01
1759908,10:59:19,530,9,1.0201,21337,1,20 James Street to Hub,268621,James St & Ashdale Ave,Sy 20,2025-12-01 15:59:19+00:00,,2025-12-01 16:02:38.910239536+00:00,1903,,,199,2025-12-01
1759908,10:59:42,520,10,1.1855,21337,1,20 James Street to Hub,268621,James St & Lillian Ave,Sy 20,2025-12-01 15:59:42+00:00,,2025-12-01 16:02:52.189260331+00:00,1903,,,190,2025-12-01
1759908,10:59:59,516,11,1.3077,21337,1,20 James Street to Hub,268621,James St & Marlborough Rd,Sy 20,2025-12-01 15:59:59+00:00,2025-12-01 16:03:02+00:00,2025-12-01 16:03:02+00:00,1903,43.068660736083984,-76.11144256591797,183,2025-12-01
1759908,11:00:14,511,12,1.4200,21337,1,20 James Street to Hub,268621,James St & North Ave,Sy 20,2025-12-01 16:00:14+00:00,,2025-12-01 16:03:52.903266649+00:00,1903,,,218,2025-12-01
1759908,11:00:22,501,13,1.4771,21337,1,20 James Street to Hub,268621,James St & Hickok Ave,Sy 20,2025-12-01 16:00:22+00:00,,2025-12-01 16:04:18.785515320+00:00,1903,,,236,2025-12-01
1759908,11:01:00,499,14,1.7026,21337,1,20 James Street to Hub,268621,James St & Mildred Ave,Sy 20,2025-12-01 16:01:00+00:00,2025-12-01 16:06:01+00:00,2025-12-01 16:06:01+00:00,1903,43.06816864013672,-76.11625671386719,301,2025-12-01
1759908,11:01:35,484,15,1.9142,21337,1,20 James Street to Hub,268621,James St & Peck Ave,Sy 20,2025-12-01 16:01:35+00:00,,2025-12-01 16:06:37.129766647+00:00,1903,,,302,2025-12-01
1759908,11:01:58,483,16,2.0540,21337,1,20 James Street to Hub,268621,James St & Rugby Rd,Sy 20,2025-12-01 16:01:58+00:00,2025-12-01 16:07:01+00:00,2025-12-01 16:07:01+00:00,1903,43.06597137451172,-76.1207504272461,303,2025-12-01
1759908,11:02:54,470,17,2.3927,21337,1,20 James Street to Hub,268621,James St & Hampton Rd,Sy 20,2025-12-01 16:02:54+00:00,2025-12-01 16:08:01+00:00,2025-12-01 16:08:01+00:00,1903,43.06414031982422,-76.12448120117188,307,2025-12-01
1759908,11:03:43,476,18,2.6892,21337,1,20 James Street to Hub,268621,James St & Durston Ave,Sy 20,2025-12-01 16:03:43+00:00,,2025-12-01 16:08:25.082848246+00:00,1903,,,282,2025-12-01
1759908,11:04:10,455,19,2.8520,21337,1,20 James Street to Hub,268621,James St & Sedgwick Dr,Sy 20,2025-12-01 16:04:10+00:00,,2025-12-01 16:08:38.306078245+00:00,1903,,,268,2025-12-01
1759908,11:04:56,451,20,3.1314,21337,1,20 James Street to Hub,268621,James St & Dewitt St,Sy 20,2025-12-01 16:04:56+00:00,2025-12-01 16:09:01+00:00,2025-12-01 16:09:01+00:00,1903,43.060550689697266,-76.1318130493164,245,2025-12-01
1759908,11:06:00,447,21,3.4950,21337,1,20 James Street to Hub,268621,James St & Oak St,Sy 20,2025-12-01 16:06:00+00:00,2025-12-01 16:10:01+00:00,2025-12-01 16:10:01+00:00,1903,43.059006604281336,-76.13496364246716,241,2025-12-01
1759908,11:06:15,6678,22,3.5893,21337,1,20 James Street to Hub,268621,James St & Bryant and Stratton College,Sy 20,2025-12-01 16:06:15+00:00,2025-12-01 16:11:01+00:00,2025-12-01 16:11:01+00:00,1903,43.05889072702892,-76.13519196012128,286,2025-12-01
1759908,11:06:56,443,23,3.8428,21337,1,20 James Street to Hub,268621,James St & Highland St,Sy 20,2025-12-01 16:06:56+00:00,,2025-12-01 16:11:23.005208333+00:00,1903,,,267,2025-12-01
1759908,11:07:29,438,24,4.0431,21337,1,20 James Street to Hub,268621,James St & Lodi St,Sy 20,2025-12-01 16:07:29+00:00,,2025-12-01 16:11:40.392361111+00:00,1903,,,251,2025-12-01
1759908,11:08:08,10928,25,4.2805,21337,1,20 James Street to Hub,268621,James St & Catherine St,Sy 20,2025-12-01 16:08:08+00:00,2025-12-01 16:12:01+00:00,2025-12-01 16:12:01+00:00,1903,43.055259704589844,-76.14260864257812,233,2025-12-01
1759908,11:08:31,431,26,4.4225,21337,1,20 James Street to Hub,268621,James St & N McBride St,Sy 20,2025-12-01 16:08:31+00:00,,2025-12-01 16:12:34.190494740+00:00,1903,,,243,2025-12-01
1759908,11:08:54,425,27,4.5628,21337,1,20 James Street to Hub,268621,James St & N Townsend St,Sy 20,2025-12-01 16:08:54+00:00,,2025-12-01 16:13:06.983638488+00:00,1903,,,252,2025-12-01
1759908,11:09:32,426,28,4.7939,21337,1,20 James Street to Hub,268621,James St & N State St,Sy 20,2025-12-01 16:09:32+00:00,2025-12-01 16:14:01+00:00,2025-12-01 16:14:01+00:00,1903,43.05268096923828,-76.14859008789062,269,2025-12-01
1759908,11:10:36,180,29,5.1812,21337,1,20 James Street to Hub,268621,E Willow St & N Salina St,Sy 20,2025-12-01 16:10:36+00:00,,2025-12-01 16:14:34.687865392+00:00,1903,,,238,2025-12-01
1759908,11:11:00,174,30,5.3062,21337,1,20 James Street to Hub,268621,N Salina St & W Genesee St,Sy 20,2025-12-01 16:11:00+00:00,,2025-12-01 16:14:45.560530443+00:00,1903,,,225,2025-12-01
1759908,11:11:48,99,31,5.4952,21337,1,20 James Street to Hub,268621,S Salina St & Washington St,Sy 20,2025-12-01 16:11:48+00:00,2025-12-01 16:15:02+00:00,2025-12-01 16:15:02+00:00,1903,43.050174713134766,-76.15220642089844,194,2025-12-01
1759908,11:13:09,7987,32,5.8123,21337,1,20 James Street to Hub,268621,S Salina St & W Jefferson St,Sy 20,2025-12-01 16:13:09+00:00,,,,,,,2025-12-01
1759908,11:15:00,17645,33,6.2378,21337,1,20 James Street to Hub,268621,A6,Sy 20,2025-12-01 16:15:00+00:00,,,,,,,2025-12-01
1759909,11:37:00,9538,1,,21337,1,20 James Street to Hub,268623,Lepage Pl & Walter Dr,Sy 20,2025-12-01 16:37:00+00:00,,,,,,,2025-12-01
1759909,11:37:45,555,2,0.3255,21337,1,20 James Street to Hub,268623,Lamson St & James St,Sy 20,2025-12-01 16:37:45+00:00,2025-12-01 16:42:01+00:00,2025-12-01 16:42:01+00:00,2232,43.06961441040039,-76.10000610351562,256,2025-12-01
1759909,11:38:02,556,3,0.4497,21337,1,20 James Street to Hub,268623,James St & Lynwood Ave,Sy 20,2025-12-01 16:38:02+00:00,,2025-12-01 16:42:35.547586206+00:00,2232,,,273,2025-12-01
1759909,11:38:15,549,4,0.5479,21337,1,20 James Street to Hub,268623,James St & Homecroft Rd,Sy 20,2025-12-01 16:38:15+00:00,,2025-12-01 16:43:02.862988505+00:00,2232,,,287,2025-12-01
1759909,11:38:31,546,5,0.6682,21337,1,20 James Street to Hub,268623,James St & Rigi Ave,Sy 20,2025-12-01 16:38:31+00:00,,2025-12-01 16:43:36.325747126+00:00,2232,,,305,2025-12-01
1759909,11:38:44,10550,6,0.7605,21337,1,20 James Street to Hub,268623,James St & N Midler Ave,Sy 20,2025-12-01 16:38:44+00:00,2025-12-01 16:44:02+00:00,2025-12-01 16:44:02+00:00,2232,43.06892013549805,-76.10470985879704,318,2025-12-01
1759909,11:38:56,539,7,0.8497,21337,1,20 James Street to Hub,268623,James St & N Edwards Ave,Sy 20,2025-12-01 16:38:56+00:00,2025-12-01 16:45:01+00:00,2025-12-01 16:45:01+00:00,2232,43.06887093905745,-76.10577050570784,365,2025-12-01
1759909,11:39:08,534,8,0.9389,21337,1,20 James Street to Hub,268623,James St & N Collingwood Ave,Sy 20,2025-12-01 16:39:08+00:00,,2025-12-01 16:45:12.685589519+00:00,2232,,,364,2025-12-01
1759909,11:39:19,530,9,1.0201,21337,1,20 James Street to Hub,268623,James St & Ashdale Ave,Sy 20,2025-12-01 16:39:19+00:00,,2025-12-01 16:45:23.323144104+00:00,2232,,,364,2025-12-01
1759909,11:39:42,520,10,1.1855,21337,1,20 James Street to Hub,268623,James St & Lillian Ave,Sy 20,2025-12-01 16:39:42+00:00,,2025-12-01 16:45:44.991266375+00:00,2232,,,362,2025-12-01
1759909,11:39:59,516,11,1.3077,21337,1,20 James Street to Hub,268623,James St & Marlborough Rd,Sy 20,2025-12-01 16:39:59+00:00,2025-12-01 16:46:01+00:00,2025-12-01 16:46:01+00:00,2232,43.068660736083984,-76.11139488220215,362,2025-12-01
1759909,11:40:14,511,12,1.4200,21337,1,20 James Street to Hub,268623,James St & North Ave,Sy 20,2025-12-01 16:40:14+00:00,2025-12-01 16:48:02+00:00,2025-12-01 16:48:02+00:00,2232,43.06855571016352,-76.11349292511636,468,2025-12-01
1759909,11:40:22,501,13,1.4771,21337,1,20 James Street to Hub,268623,James St & Hickok Ave,Sy 20,2025-12-01 16:40:22+00:00,,2025-12-01 16:48:07.313722397+00:00,2232,,,465,2025-12-01
1759909,11:41:00,499,14,1.7026,21337,1,20 James Street to Hub,268623,James St & Mildred Ave,Sy 20,2025-12-01 16:41:00+00:00,,2025-12-01 16:48:28.298738170+00:00,2232,,,448,2025-12-01
1759909,11:41:35,484,15,1.9142,21337,1,20 James Street to Hub,268623,James St & Peck Ave,Sy 20,2025-12-01 16:41:35+00:00,,2025-12-01 16:48:47.990220820+00:00,2232,,,432,2025-12-01
1759909,11:41:58,483,16,2.0540,21337,1,20 James Street to Hub,268623,James St & Rugby Rd,Sy 20,2025-12-01 16:41:58+00:00,2025-12-01 16:49:01+00:00,2025-12-01 16:49:01+00:00,2232,43.066176533699036,-76.12034010887146,423,2025-12-01
1759909,11:42:54,470,17,2.3927,21337,1,20 James Street to Hub,268623,James St & Hampton Rd,Sy 20,2025-12-01 16:42:54+00:00,2025-12-01 16:50:01+00:00,2025-12-01 16:50:01+00:00,2232,43.064501106739044,-76.12374663352966,427,2025-12-01
1759909,11:43:43,476,18,2.6892,21337,1,20 James Street to Hub,268623,James St & Durston Ave,Sy 20,2025-12-01 16:43:43+00:00,,2025-12-01 16:50:25.082848246+00:00,2232,,,402,2025-12-01
1759909,11:44:10,455,19,2.8520,21337,1,20 James Street to Hub,268623,James St & Sedgwick Dr,Sy 20,2025-12-01 16:44:10+00:00,,2025-12-01 16:50:38.306078245+00:00,2232,,,388,2025-12-01
1759909,11:44:56,451,20,3.1314,21337,1,20 James Street to Hub,268623,James St & Dewitt St,Sy 20,2025-12-01 16:44:56+00:00,2025-12-01 16:51:01+00:00,2025-12-01 16:51:01+00:00,2232,43.06103515625,-76.13082538951527,365,2025-12-01
1759909,11:46:00,447,21,3.4950,21337,1,20 James Street to Hub,268623,James St & Oak St,Sy 20,2025-12-01 16:46:00+00:00,,2025-12-01 16:51:48.857847976+00:00,2232,,,348,2025-12-01
1759909,11:46:15,6678,22,3.5893,21337,1,20 James Street to Hub,268623,James St & Bryant and Stratton College,Sy 20,2025-12-01 16:46:15+00:00,,2025-12-01 16:52:01.269825600+00:00,2232,,,346,2025-12-01
1759909,11:46:56,443,23,3.8428,21337,1,20 James Street to Hub,268623,James St & Highland St,Sy 20,2025-12-01 16:46:56+00:00,,2025-12-01 16:52:34.636064494+00:00,2232,,,338,2025-12-01
1759909,11:47:29,438,24,4.0431,21337,1,20 James Street to Hub,268623,James St & Lodi St,Sy 20,2025-12-01 16:47:29+00:00,2025-12-01 16:53:01+00:00,2025-12-01 16:53:01+00:00,2232,43.05606757988364,-76.14095474501788,332,2025-12-01
1759909,11:48:08,10928,25,4.2805,21337,1,20 James Street to Hub,268623,James St & Catherine St,Sy 20,2025-12-01 16:48:08+00:00,,2025-12-01 16:53:38.543489720+00:00,2232,,,330,2025-12-01
1759909,11:48:31,431,26,4.4225,21337,1,20 James Street to Hub,268623,James St & N McBride St,Sy 20,2025-12-01 16:48:31+00:00,2025-12-01 16:54:01+00:00,2025-12-01 16:54:01+00:00,2232,43.054564071913894,-76.14401516671909,330,2025-12-01
1759909,11:48:54,425,27,4.5628,21337,1,20 James Street to Hub,268623,James St & N Townsend St,Sy 20,2025-12-01 16:48:54+00:00,,2025-12-01 16:54:23.665589660+00:00,2232,,,329,2025-12-01
1759909,11:49:32,426,28,4.7939,21337,1,20 James Street to Hub,268623,James St & N State St,Sy 20,2025-12-01 16:49:32+00:00,2025-12-01 16:55:01+00:00,2025-12-01 16:55:01+00:00,2232,43.05252192570613,-76.1481452355018,329,2025-12-01
1759909,11:50:36,180,29,5.1812,21337,1,20 James Street to Hub,268623,E Willow St & N Salina St,Sy 20,2025-12-01 16:50:36+00:00,,2025-12-01 16:55:46.360140542+00:00,2232,,,310,2025-12-01
1759909,11:51:00,174,30,5.3062,21337,1,20 James Street to Hub,268623,N Salina St & W Genesee St,Sy 20,2025-12-01 16:51:00+00:00,2025-12-01 16:56:01+00:00,2025-12-01 16:56:01+00:00,2232,43.05174061701848,-76.15215301513672,301,2025-12-01
1759909,11:51:46,99,31,5.4952,21337,1,20 James Street to Hub,268623,S Salina St & Washington St,Sy 20,2025-12-01 16:51:46+00:00,2025-12-01 16:57:01+00:00,2025-12-01 16:57:01+00:00,2232,43.04979313744439,-76.15231768290202,315,2025-12-01
1759909,11:53:03,7987,32,5.8123,21337,1,20 James Street to Hub,268623,S Salina St & W Jefferson St,Sy 20,2025-12-01 16:53:03+00:00,2025-12-01 16:58:01+00:00,2025-12-01 16:58:01+00:00,2232,43.04798774719238,-76.15225051879882,298,2025-12-01
1759909,11:55:00,17656,33,6.2925,21337,1,20 James Street to Hub,268623,B17,Sy 20,2025-12-01 16:55:00+00:00,,,,,,,2025-12-01
1759910,12:17:00,9538,1,,21337,1,20 James Street to Hub,268625,Lepage Pl & Walter Dr,Sy 20,2025-12-01 17:17:00+00:00,,,,,,,2025-12-01
1759910,12:17:45,555,2,0.3255,21337,1,20 James Street to Hub,268625,Lamson St & James St,Sy 20,2025-12-01 17:17:45+00:00,,,,,,,2025-12-01
1759910,12:18:02,556,3,0.4497,21337,1,20 James Street to Hub,268625,James St & Lynwood Ave,Sy 20,2025-12-01 17:18:02+00:00,2025-12-01 17:20:01+00:00,2025-12-01 17:20:01+00:00,2022,43.0691032409668,-76.10094451904297,119,2025-12-01
1759910,12:18:15,549,4,0.5479,21337,1,20 James Street to Hub,268625,James St & Homecroft Rd,Sy 20,2025-12-01 17:18:15+00:00,2025-12-01 17:21:02+00:00,2025-12-01 17:21:02+00:00,2022,43.06905559323869,-76.10204804618404,167,2025-12-01
1759910,12:18:31,546,5,0.6682,21337,1,20 James Street to Hub,268625,James St & Rigi Ave,Sy 20,2025-12-01 17:18:31+00:00,2025-12-01 17:22:01+00:00,2025-12-01 17:22:01+00:00,2022,43.06895999908447,-76.10386543273925,210,2025-12-01
1759910,12:18:44,10550,6,0.7605,21337,1,20 James Street to Hub,268625,James St & N Midler Ave,Sy 20,2025-12-01 17:18:44+00:00,2025-12-01 17:24:01+00:00,2025-12-01 17:24:01+00:00,2022,43.06890106201172,-76.10520426432292,317,2025-12-01
1759910,12:18:56,539,7,0.8497,21337,1,20 James Street to Hub,268625,James St & N Edwards Ave,Sy 20,2025-12-01 17:18:56+00:00,,2025-12-01 17:24:21.616332819+00:00,2022,,,325,2025-12-01
1759910,12:19:08,534,8,0.9389,21337,1,20 James Street to Hub,268625,James St & N Collingwood Ave,Sy 20,2025-12-01 17:19:08+00:00,,2025-12-01 17:24:42.232665639+00:00,2022,,,334,2025-12-01
1759910,12:19:19,530,9,1.0201,21337,1,20 James Street to Hub,268625,James St & Ashdale Ave,Sy 20,2025-12-01 17:19:19+00:00,2025-12-01 17:25:01+00:00,2025-12-01 17:25:01+00:00,2022,43.06879650816626,-76.10841899015466,342,2025-12-01
1759910,12:19:42,520,10,1.1855,21337,1,20 James Street to Hub,268625,James St & Lillian Ave,Sy 20,2025-12-01 17:19:42+00:00,,2025-12-01 17:25:35.506258692+00:00,2022,,,353,2025-12-01
1759910,12:19:59,516,11,1.3077,21337,1,20 James Street to Hub,268625,James St & Marlborough Rd,Sy 20,2025-12-01 17:19:59+00:00,2025-12-01 17:26:01+00:00,2025-12-01 17:26:01+00:00,2022,43.068660736083984,-76.11138916015625,362,2025-12-01
1759910,12:20:14,511,12,1.4200,21337,1,20 James Street to Hub,268625,James St & North Ave,Sy 20,2025-12-01 17:20:14+00:00,,2025-12-01 17:26:41.438606847+00:00,2022,,,387,2025-12-01
1759910,12:20:22,501,13,1.4771,21337,1,20 James Street to Hub,268625,James St & Hickok Ave,Sy 20,2025-12-01 17:20:22+00:00,2025-12-01 17:27:02+00:00,2025-12-01 17:27:02+00:00,2022,43.068529055668755,-76.1140308380127,400,2025-12-01
1759910,12:21:00,499,14,1.7026,21337,1,20 James Street to Hub,268625,James St & Mildred Ave,Sy 20,2025-12-01 17:21:00+00:00,,2025-12-01 17:27:48.514993933+00:00,2022,,,408,2025-12-01
1759910,12:21:35,484,15,1.9142,21337,1,20 James Street to Hub,268625,James St & Peck Ave,Sy 20,2025-12-01 17:21:35+00:00,,2025-12-01 17:28:32.162766510+00:00,2022,,,417,2025-12-01
1759910,12:21:58,483,16,2.0540,21337,1,20 James Street to Hub,268625,James St & Rugby Rd,Sy 20,2025-12-01 17:21:58+00:00,2025-12-01 17:29:01+00:00,2025-12-01 17:29:01+00:00,2022,43.066161836896626,-76.12036950247628,423,2025-12-01
1759910,12:22:54,470,17,2.3927,21337,1,20 James Street to Hub,268625,James St & Hampton Rd,Sy 20,2025-12-01 17:22:54+00:00,2025-12-01 17:31:02+00:00,2025-12-01 17:31:02+00:00,2022,43.06475556571529,-76.12322782120614,488,2025-12-01
1759910,12:23:43,476,18,2.6892,21337,1,20 James Street to Hub,268625,James St & Durston Ave,Sy 20,2025-12-01 17:23:43+00:00,,2025-12-01 17:31:40.087306771+00:00,2022,,,477,2025-12-01
1759910,12:24:10,455,19,2.8520,21337,1,20 James Street to Hub,268625,James St & Sedgwick Dr,Sy 20,2025-12-01 17:24:10+00:00,2025-12-01 17:32:01+00:00,2025-12-01 17:32:01+00:00,2022,43.062126778267526,-76.12858210383234,471,2025-12-01
1759910,12:24:56,451,20,3.1314,21337,1,20 James Street to Hub,268625,James St & Dewitt St,Sy 20,2025-12-01 17:24:56+00:00,,2025-12-01 17:32:27.071539657+00:00,2022,,,451,2025-12-01
1759910,12:26:00,447,21,3.4950,21337,1,20 James Street to Hub,268625,James St & Oak St,Sy 20,2025-12-01 17:26:00+00:00,2025-12-01 17:33:01+00:00,2025-12-01 17:33:01+00:00,2022,43.05924398248846,-76.13446877219461,421,2025-12-01
1759910,12:26:15,6678,22,3.5893,21337,1,20 James Street to Hub,268625,James St & Bryant and Stratton College,Sy 20,2025-12-01 17:26:15+00:00,,2025-12-01 17:33:17.539102932+00:00,2022,,,422,2025-12-01
1759910,12:26:56,443,23,3.8428,21337,1,20 James Street to Hub,268625,James St & Highland St,Sy 20,2025-12-01 17:26:56+00:00,2025-12-01 17:34:02+00:00,2025-12-01 17:34:02+00:00,2022,43.05748550415039,-76.13806549072265,426,2025-12-01
1759910,12:27:29,438,24,4.0431,21337,1,20 James Street to Hub,268625,James St & Lodi St,Sy 20,2025-12-01 17:27:29+00:00,2025-12-01 17:35:01+00:00,2025-12-01 17:35:01+00:00,2022,43.05649055753435,-76.14009353092739,452,2025-12-01
1759910,12:28:08,10928,25,4.2805,21337,1,20 James Street to Hub,268625,James St & Catherine St,Sy 20,2025-12-01 17:28:08+00:00,,2025-12-01 17:36:16.086979441+00:00,2022,,,488,2025-12-01
1759910,12:28:31,431,26,4.4225,21337,1,20 James Street to Hub,268625,James St & N McBride St,Sy 20,2025-12-01 17:28:31+00:00,2025-12-01 17:37:01+00:00,2025-12-01 17:37:01+00:00,2022,43.05457534790039,-76.14400024414063,510,2025-12-01
1759910,12:28:54,425,27,4.5628,21337,1,20 James Street to Hub,268625,James St & N Townsend St,Sy 20,2025-12-01 17:28:54+00:00,2025-12-01 17:38:02+00:00,2025-12-01 17:38:02+00:00,2022,43.05387169974191,-76.14543042864118,548,2025-12-01
1759910,12:29:32,426,28,4.7939,21337,1,20 James Street to Hub,268625,James St & N State St,Sy 20,2025-12-01 17:29:32+00:00,2025-12-01 17:39:01+00:00,2025-12-01 17:39:01+00:00,2022,43.05255126953125,-76.14848751491971,569,2025-12-01
1759910,12:30:36,180,29,5.1812,21337,1,20 James Street to Hub,268625,E Willow St & N Salina St,Sy 20,2025-12-01 17:30:36+00:00,,2025-12-01 17:39:46.360140542+00:00,2022,,,550,2025-12-01
1759910,12:31:00,174,30,5.3062,21337,1,20 James Street to Hub,268625,N Salina St & W Genesee St,Sy 20,2025-12-01 17:31:00+00:00,2025-12-01 17:40:01+00:00,2025-12-01 17:40:01+00:00,2022,43.05130729122438,-76.15216672593269,541,2025-12-01
1759910,12:31:48,99,31,5.4952,21337,1,20 James Street to Hub,268625,S Salina St & Washington St,Sy 20,2025-12-01 17:31:48+00:00,2025-12-01 17:41:01+00:00,2025-12-01 17:41:01+00:00,2022,43.04948479788644,-76.15221350533622,553,2025-12-01
1759910,12:33:09,7987,32,5.8123,21337,1,20 James Street to Hub,268625,S Salina St & W Jefferson St,Sy 20,2025-12-01 17:33:09+00:00,2025-12-01 17:42:01+00:00,2025-12-01 17:42:01+00:00,2022,43.04673524336381,-76.15225219726562,532,2025-12-01
1759910,12:35:00,17645,33,6.2378,21337,1,20 James Street to Hub,268625,A6,Sy 20,2025-12-01 17:35:00+00:00,,,,,,,2025-12-01
1759911,12:57:00,9538,1,,21337,1,20 James Street to Hub,268624,Lepage Pl & Walter Dr,Sy 20,2025-12-01 17:57:00+00:00,2025-12-01 18:01:01+00:00,2025-12-01 18:01:01+00:00,1806,43.07085037231445,-76.09941101074219,241,2025-12-01
1759911,12:57:45,555,2,0.3255,21337,1,20 James Street to Hub,268624,Lamson St & James St,Sy 20,2025-12-01 17:57:45+00:00,,2025-12-01 18:01:31+00:00,1806,,,226,2025-12-01
1759911,12:58:02,556,3,0.4497,21337,1,20 James Street to Hub,268624,James St & Lynwood Ave,Sy 20,2025-12-01 17:58:02+00:00,2025-12-01 18:02:01+00:00,2025-12-01 18:02:01+00:00,1806,43.06909942626953,-76.10108947753906,239,2025-12-01
1759911,12:58:15,549,4,0.5479,21337,1,20 James Street to Hub,268624,James St & Homecroft Rd,Sy 20,2025-12-01 17:58:15+00:00,,2025-12-01 18:02:27.965675057+00:00,1806,,,252,2025-12-01
1759911,12:58:31,546,5,0.6682,21337,1,20 James Street to Hub,268624,James St & Rigi Ave,Sy 20,2025-12-01 17:58:31+00:00,2025-12-01 18:03:01+00:00,2025-12-01 18:03:01+00:00,1806,43.069025,-76.103885,270,2025-12-01
1759911,12:58:44,10550,6,0.7605,21337,1,20 James Street to Hub,268624,James St & N Midler Ave,Sy 20,2025-12-01 17:58:44+00:00,,2025-12-01 18:03:31.512396694+00:00,1806,,,287,2025-12-01
1759911,12:58:56,539,7,0.8497,21337,1,20 James Street to Hub,268624,James St & N Edwards Ave,Sy 20,2025-12-01 17:58:56+00:00,2025-12-01 18:04:01+00:00,2025-12-01 18:04:01+00:00,1806,43.068904876708984,-76.10627746582031,305,2025-12-01
1759911,12:59:08,534,8,0.9389,21337,1,20 James Street to Hub,268624,James St & N Collingwood Ave,Sy 20,2025-12-01 17:59:08+00:00,,2025-12-01 18:04:12.685589519+00:00,1806,,,304,2025-12-01
1759911,12:59:19,530,9,1.0201,21337,1,20 James Street to Hub,268624,James St & Ashdale Ave,Sy 20,2025-12-01 17:59:19+00:00,,2025-12-01 18:04:23.323144104+00:00,1806,,,304,2025-12-01
1759911,12:59:42,520,10,1.1855,21337,1,20 James Street to Hub,268624,James St & Lillian Ave,Sy 20,2025-12-01 17:59:42+00:00,,2025-12-01 18:04:44.991266375+00:00,1806,,,302,2025-12-01
1759911,12:59:59,516,11,1.3077,21337,1,20 James Street to Hub,268624,James St & Marlborough Rd,Sy 20,2025-12-01 17:59:59+00:00,2025-12-01 18:05:01+00:00,2025-12-01 18:05:01+00:00,1806,43.06865333333333,-76.11193666666667,302,2025-12-01
1759911,13:00:14,511,12,1.4200,21337,1,20 James Street to Hub,268624,James St & North Ave,Sy 20,2025-12-01 18:00:14+00:00,,2025-12-01 18:05:40.775678866+00:00,1806,,,326,2025-12-01
1759911,13:00:22,501,13,1.4771,21337,1,20 James Street to Hub,268624,James St & Hickok Ave,Sy 20,2025-12-01 18:00:22+00:00,2025-12-01 18:06:01+00:00,2025-12-01 18:06:01+00:00,1806,43.06847381591797,-76.11500549316406,339,2025-12-01
1759911,13:01:00,499,14,1.7026,21337,1,20 James Street to Hub,268624,James St & Mildred Ave,Sy 20,2025-12-01 18:01:00+00:00,,2025-12-01 18:06:24.452938117+00:00,1806,,,324,2025-12-01
1759911,13:01:35,484,15,1.9142,21337,1,20 James Street to Hub,268624,James St & Peck Ave,Sy 20,2025-12-01 18:01:35+00:00,,2025-12-01 18:06:46.460218408+00:00,1806,,,311,2025-12-01
1759911,13:01:58,483,16,2.0540,21337,1,20 James Street to Hub,268624,James St & Rugby Rd,Sy 20,2025-12-01 18:01:58+00:00,2025-12-01 18:07:01+00:00,2025-12-01 18:07:01+00:00,1806,43.06597137451172,-76.1207504272461,303,2025-12-01
1759911,13:02:54,470,17,2.3927,21337,1,20 James Street to Hub,268624,James St & Hampton Rd,Sy 20,2025-12-01 18:02:54+00:00,2025-12-01 18:08:01+00:00,2025-12-01 18:08:01+00:00,1806,43.06414031982422,-76.12448120117188,307,2025-12-01
1759911,13:03:43,476,18,2.6892,21337,1,20 James Street to Hub,268624,James St & Durston Ave,Sy 20,2025-12-01 18:03:43+00:00,,2025-12-01 18:08:25.082848246+00:00,1806,,,282,2025-12-01
1759911,13:04:10,455,19,2.8520,21337,1,20 James Street to Hub,268624,James St & Sedgwick Dr,Sy 20,2025-12-01 18:04:10+00:00,,2025-12-01 18:08:38.306078245+00:00,1806,,,268,2025-12-01
1759911,13:04:56,451,20,3.1314,21337,1,20 James Street to Hub,268624,James St & Dewitt St,Sy 20,2025-12-01 18:04:56+00:00,2025-12-01 18:09:01+00:00,2025-12-01 18:09:01+00:00,1806,43.060550689697266,-76.1318130493164,245,2025-12-01
1759911,13:06:00,447,21,3.4950,21337,1,20 James Street to Hub,268624,James St & Oak St,Sy 20,2025-12-01 18:06:00+00:00,2025-12-01 18:10:02+00:00,2025-12-01 18:10:02+00:00,1806,43.059085,-76.13487666666667,242,2025-12-01
1759911,13:06:15,6678,22,3.5893,21337,1,20 James Street to Hub,268624,James St & Bryant and Stratton College,Sy 20,2025-12-01 18:06:15+00:00,,2025-12-01 18:10:22.473818646+00:00,1806,,,247,2025-12-01
1759911,13:06:56,443,23,3.8428,21337,1,20 James Street to Hub,268624,James St & Highland St,Sy 20,2025-12-01 18:06:56+00:00,,2025-12-01 18:11:17.512132822+00:00,1806,,,261,2025-12-01
1759911,13:07:29,438,24,4.0431,21337,1,20 James Street to Hub,268624,James St & Lodi St,Sy 20,2025-12-01 18:07:29+00:00,2025-12-01 18:12:01+00:00,2025-12-01 18:12:01+00:00,1806,43.05651092529297,-76.14005279541016,272,2025-12-01
1759911,13:08:08,10928,25,4.2805,21337,1,20 James Street to Hub,268624,James St & Catherine St,Sy 20,2025-12-01 18:08:08+00:00,2025-12-01 18:13:01+00:00,2025-12-01 18:13:01+00:00,1806,43.05487060546875,-76.14340209960938,293,2025-12-01
1759911,13:08:31,431,26,4.4225,21337,1,20 James Street to Hub,268624,James St & N McBride St,Sy 20,2025-12-01 18:08:31+00:00,2025-12-01 18:14:01+00:00,2025-12-01 18:14:01+00:00,1806,43.0540771484375,-76.14501190185547,330,2025-12-01
1759911,13:08:54,425,27,4.5628,21337,1,20 James Street to Hub,268624,James St & N Townsend St,Sy 20,2025-12-01 18:08:54+00:00,,2025-12-01 18:14:23.665589660+00:00,1806,,,329,2025-12-01
1759911,13:09:32,426,28,4.7939,21337,1,20 James Street to Hub,268624,James St & N State St,Sy 20,2025-12-01 18:09:32+00:00,2025-12-01 18:15:01+00:00,2025-12-01 18:15:01+00:00,1806,43.05244064331055,-76.14830017089844,329,2025-12-01
1759911,13:10:36,180,29,5.1812,21337,1,20 James Street to Hub,268624,E Willow St & N Salina St,Sy 20,2025-12-01 18:10:36+00:00,,2025-12-01 18:16:31.720281085+00:00,1806,,,355,2025-12-01
1759911,13:11:00,174,30,5.3062,21337,1,20 James Street to Hub,268624,N Salina St & W Genesee St,Sy 20,2025-12-01 18:11:00+00:00,2025-12-01 18:17:01+00:00,2025-12-01 18:17:01+00:00,1806,43.051585,-76.15227833333333,361,2025-12-01
1759911,13:11:48,99,31,5.4952,21337,1,20 James Street to Hub,268624,S Salina St & Washington St,Sy 20,2025-12-01 18:11:48+00:00,2025-12-01 18:18:01+00:00,2025-12-01 18:18:01+00:00,1806,43.0497,-76.152275,373,2025-12-01
1759911,13:13:09,7987,32,5.8123,21337,1,20 James Street to Hub,268624,S Salina St & W Jefferson St,Sy 20,2025-12-01 18:13:09+00:00,2025-12-01 18:19:01+00:00,2025-12-01 18:19:01+00:00,1806,43.0472412109375,-76.15223693847656,352,2025-12-01
1759911,13:15:00,17645,33,6.2378,21337,1,20 James Street to Hub,268624,A6,Sy 20,2025-12-01 18:15:00+00:00,,,,,,,2025-12-01
1759912,11:35:00,8117,1,,21337,1,121 James Street to Hub,268622,Sunnycrest Rd & Champlain Dr,Sy 20,2025-12-01 16:35:00+00:00,2025-12-01 16:36:01+00:00,2025-12-01 16:36:01+00:00,2475,43.06201934814453,-76.10201263427734,61,2025-12-01
1759912,11:35:30,6566,2,0.0963,21337,1,121 James Street to Hub,268622,Sunnycrest Rd & Nichols Ave,Sy 20,2025-12-01 16:35:30+00:00,2025-12-01 16:37:01+00:00,2025-12-01 16:37:01+00:00,2475,43.06199630425901,-76.10262672268614,91,2025-12-01
1759912,11:36:00,10237,3,0.1914,21337,1,121 James Street to Hub,268622,Sunnycrest Rd & S Midler Ave,Sy 20,2025-12-01 16:36:00+00:00,,2025-12-01 16:37:29.630205720+00:00,2475,,,89,2025-12-01
1759912,11:36:19,6555,4,0.2956,21337,1,121 James Street to Hub,268622,Sunnycrest Rd & S Edwards Ave,Sy 20,2025-12-01 16:36:19+00:00,2025-12-01 16:38:01+00:00,2025-12-01 16:38:01+00:00,2475,43.06184286820261,-76.10589117752879,102,2025-12-01
1759912,11:36:37,6547,5,0.3938,21337,1,121 James Street to Hub,268622,Sunnycrest Rd & S Collingwood Ave,Sy 20,2025-12-01 16:36:37+00:00,,2025-12-01 16:38:20.732083054+00:00,2475,,,103,2025-12-01
1759912,11:36:55,6539,6,0.4931,21337,1,121 James Street to Hub,268622,Sunnycrest Rd & Hillsdale Ave,Sy 20,2025-12-01 16:36:55+00:00,,2025-12-01 16:38:40.685197588+00:00,2475,,,105,2025-12-01
1759912,11:37:13,6531,7,0.5942,21337,1,121 James Street to Hub,268622,Sunnycrest Rd & Woodbine Ave,Sy 20,2025-12-01 16:37:13+00:00,2025-12-01 16:39:01+00:00,2025-12-01 16:39:01+00:00,2475,43.06169550042404,-76.10882949829102,108,2025-12-01
1759912,11:37:32,6524,8,0.6987,21337,1,121 James Street to Hub,268622,Sunnycrest Rd & Forest Hill Dr,Sy 20,2025-12-01 16:37:32+00:00,,2025-12-01 16:39:20.316666666+00:00,2475,,,108,2025-12-01
1759912,11:37:53,6495,9,0.8119,21337,1,121 James Street to Hub,268622,Sunnycrest Rd & Stafford Ave,Sy 20,2025-12-01 16:37:53+00:00,,2025-12-01 16:39:41.241515151+00:00,2475,,,108,2025-12-01
1759912,11:38:14,6491,10,0.9242,21337,1,121 James Street to Hub,268622,Sunnycrest Rd & Hickok Ave,Sy 20,2025-12-01 16:38:14+00:00,2025-12-01 16:40:02+00:00,2025-12-01 16:40:02+00:00,2475,43.06148100872429,-76.11284621880979,108,2025-12-01
1759912,11:38:53,8124,11,1.1350,21337,1,121 James Street to Hub,268622,Shotwell Park & 261 Shotwell Park,Sy 20,2025-12-01 16:38:53+00:00,,2025-12-01 16:40:29.767805313+00:00,2475,,,96,2025-12-01
1759912,11:39:37,6490,12,1.3721,21337,1,121 James Street to Hub,268622,Shotwell Park & Melrose Ave,Sy 20,2025-12-01 16:39:37+00:00,2025-12-01 16:41:01+00:00,2025-12-01 16:41:01+00:00,2475,43.06468653124432,-76.11514779024346,84,2025-12-01
1759912,11:40:39,8125,13,1.7071,21337,1,121 James Street to Hub,268622,Shotwell Park & 139 Shotwell Park,Sy 20,2025-12-01 16:40:39+00:00,,2025-12-01 16:41:48.948473282+00:00,2475,,,69,2025-12-01
1759912,11:41:00,500,14,1.7913,21337,1,121 James Street to Hub,268622,Shotwell Park & James St,Sy 20,2025-12-01 16:41:00+00:00,2025-12-01 16:42:01+00:00,2025-12-01 16:42:01+00:00,2475,43.06834351389032,-76.1156170493678,61,2025-12-01
1759912,11:43:30,6482,15,2.2498,21337,1,121 James Street to Hub,268622,Grant Blvd & Village Dr,Sy 20,2025-12-01 16:43:30+00:00,,2025-12-01 16:42:33.999345705+00:00,2475,,,-56,2025-12-01
1759912,11:47:00,3675,16,2.8874,21337,1,121 James Street to Hub,268622,Shop City,Sy 20,2025-12-01 16:47:00+00:00,,2025-12-01 16:43:19.888948370+00:00,2475,,,-220,2025-12-01
1759912,11:47:26,18135,17,3.0524,21337,1,121 James Street to Hub,268622,Shop City Rite Aid,Sy 20,2025-12-01 16:47:26+00:00,,2025-12-01 16:43:31.764394480+00:00,2475,,,-234,2025-12-01
1759912,11:48:34,6465,18,3.4725,21337,1,121 James Street to Hub,268622,Grant Ter & Grant Blvd,Sy 20,2025-12-01 16:48:34+00:00,2025-12-01 16:44:02+00:00,2025-12-01 16:44:02+00:00,2475,43.0718074798584,-76.12150726318359,-272,2025-12-01
1759912,11:48:50,13243,19,3.5726,21337,1,121 James Street to Hub,268622,Grant Blvd & Teall Ave,Sy 20,2025-12-01 16:48:50+00:00,,2025-12-01 16:47:02.862009486+00:00,2475,,,-107,2025-12-01
1759912,11:49:11,6448,20,3.7044,21337,1,121 James Street to Hub,268622,Teall Ave & Fordham Rd,Sy 20,2025-12-01 16:49:11+00:00,2025-12-01 16:51:01+00:00,2025-12-01 16:51:01+00:00,2475,43.0713285966353,-76.12309126420455,110,2025-12-01
1759912,11:49:45,6430,21,3.9177,21337,1,121 James Street to Hub,268622,Teall Ave & Gray Ave,Sy 20,2025-12-01 16:49:45+00:00,,2025-12-01 16:51:19.434825729+00:00,2475,,,94,2025-12-01
1759912,11:50:12,6223,22,4.0889,21337,1,121 James Street to Hub,268622,Teall Ave & Rugby Rd,Sy 20,2025-12-01 16:50:12+00:00,,2025-12-01 16:51:34.231085293+00:00,2475,,,82,2025-12-01
1759912,11:51:04,477,23,4.4102,21337,1,121 James Street to Hub,268622,Teall Ave & James St,Sy 20,2025-12-01 16:51:04+00:00,2025-12-01 16:52:02+00:00,2025-12-01 16:52:02+00:00,2475,43.06499120924208,-76.12269888983832,58,2025-12-01
1759912,11:51:32,6215,24,4.5834,21337,1,121 James Street to Hub,268622,Teall Ave & Eldorado St,Sy 20,2025-12-01 16:51:32+00:00,,2025-12-01 16:52:20.254376563+00:00,2475,,,48,2025-12-01
1759912,11:51:47,6211,25,4.6805,21337,1,121 James Street to Hub,268622,Teall Ave & Shuart Ave,Sy 20,2025-12-01 16:51:47+00:00,,2025-12-01 16:52:30.488210075+00:00,2475,,,43,2025-12-01
1759912,11:51:59,6205,26,4.7547,21337,1,121 James Street to Hub,268622,Teall Ave & Mariposa St,Sy 20,2025-12-01 16:51:59+00:00,,2025-12-01 16:52:38.308503036+00:00,2475,,,39,2025-12-01
1759912,11:52:17,6201,27,4.8679,21337,1,121 James Street to Hub,268622,Teall Ave & Boyden St,Sy 20,2025-12-01 16:52:17+00:00,,2025-12-01 16:52:50.239192568+00:00,2475,,,33,2025-12-01
1759912,11:52:33,6195,28,4.9700,21337,1,121 James Street to Hub,268622,Teall Ave & Schuler St,Sy 20,2025-12-01 16:52:33+00:00,2025-12-01 16:53:01+00:00,2025-12-01 16:53:01+00:00,2475,43.060068130493164,-76.12234070721794,28,2025-12-01
1759912,11:53:36,2478,29,5.3586,21337,1,121 James Street to Hub,268622,Robinson St & Winton St,Sy 20,2025-12-01 16:53:36+00:00,2025-12-01 16:54:01+00:00,2025-12-01 16:54:01+00:00,2475,43.05816680908203,-76.1237417602539,25,2025-12-01
1759912,11:53:52,2475,30,5.4598,21337,1,121 James Street to Hub,268622,Winton St & Herbst Ave,Sy 20,2025-12-01 16:53:52+00:00,,2025-12-01 16:54:31.148957298+00:00,2475,,,39,2025-12-01
1759912,11:54:08,2471,31,5.5600,21337,1,121 James Street to Hub,268622,Herbst Ave & Vine St,Sy 20,2025-12-01 16:54:08+00:00,2025-12-01 16:55:01+00:00,2025-12-01 16:55:01+00:00,2475,43.058975608981385,-76.12582226188816,53,2025-12-01
1759912,11:54:38,6070,32,5.7475,21337,1,121 James Street to Hub,268622,Pattison St & Boyden St,Sy 20,2025-12-01 16:54:38+00:00,,2025-12-01 16:55:30.220779220+00:00,2475,,,52,2025-12-01
1759912,11:54:54,2455,33,5.8476,21337,1,121 James Street to Hub,268622,Pattison St & Shuart Ave,Sy 20,2025-12-01 16:54:54+00:00,,2025-12-01 16:55:45.820779220+00:00,2475,,,51,2025-12-01
1759912,11:55:09,2431,34,5.9450,21337,1,121 James Street to Hub,268622,Shuart Ave & Sedgwick St,Sy 20,2025-12-01 16:55:09+00:00,2025-12-01 16:56:01+00:00,2025-12-01 16:56:01+00:00,2475,43.06002899169922,-76.128759765625,52,2025-12-01
1759912,11:55:52,451,35,6.2104,21337,1,121 James Street to Hub,268622,James St & Dewitt St,Sy 20,2025-12-01 16:55:52+00:00,2025-12-01 16:57:01+00:00,2025-12-01 16:57:01+00:00,2475,43.06071917215983,-76.13146082560222,69,2025-12-01
1759912,11:57:00,447,36,6.5741,21337,1,121 James Street to Hub,268622,James St & Oak St,Sy 20,2025-12-01 16:57:00+00:00,2025-12-01 16:58:01+00:00,2025-12-01 16:58:01+00:00,2475,43.059153701319836,-76.1346487565474,61,2025-12-01
1759912,11:57:28,6678,37,6.6684,21337,1,121 James Street to Hub,268622,James St & Bryant and Stratton College,Sy 20,2025-12-01 16:57:28+00:00,2025-12-01 16:59:00+00:00,2025-12-01 16:59:00+00:00,2475,43.058760506766184,-76.13545663016183,92,2025-12-01
1759912,11:58:43,443,38,6.9219,21337,1,121 James Street to Hub,268622,James St & Highland St,Sy 20,2025-12-01 16:58:43+00:00,,2025-12-01 16:59:34.641833810+00:00,2475,,,51,2025-12-01
1759912,11:59:42,438,39,7.1221,21337,1,121 James Street to Hub,268622,James St & Lodi St,Sy 20,2025-12-01 16:59:42+00:00,2025-12-01 17:00:02+00:00,2025-12-01 17:00:02+00:00,2475,43.05639676694517,-76.14028351395218,20,2025-12-01
1759912,12:00:52,10928,40,7.3596,21337,1,121 James Street to Hub,268622,James St & Catherine St,Sy 20,2025-12-01 17:00:52+00:00,,2025-12-01 17:00:28.957483647+00:00,2475,,,-23,2025-12-01
1759912,12:01:34,431,41,7.5016,21337,1,121 James Street to Hub,268622,James St & N McBride St,Sy 20,2025-12-01 17:01:34+00:00,,2025-12-01 17:00:45.075221238+00:00,2475,,,-48,2025-12-01
1759912,12:02:15,425,42,7.6419,21337,1,121 James Street to Hub,268622,James St & N Townsend St,Sy 20,2025-12-01 17:02:15+00:00,2025-12-01 17:01:01+00:00,2025-12-01 17:01:01+00:00,2475,43.05358759562174,-76.14601287841796,-74,2025-12-01
1759912,12:03:23,426,43,7.8730,21337,1,121 James Street to Hub,268622,James St & N State St,Sy 20,2025-12-01 17:03:23+00:00,2025-12-01 17:02:01+00:00,2025-12-01 17:02:01+00:00,2475,43.052714347839355,-76.15007972717285,-82,2025-12-01
1759912,12:05:18,180,44,8.2603,21337,1,121 James Street to Hub,268622,E Willow St & N Salina St,Sy 20,2025-12-01 17:05:18+00:00,2025-12-01 17:03:01+00:00,2025-12-01 17:03:01+00:00,2475,43.05234662691752,-76.15213092168172,-137,2025-12-01
1759912,12:06:00,174,45,8.3853,21337,1,121 James Street to Hub,268622,N Salina St & W Genesee St,Sy 20,2025-12-01 17:06:00+00:00,2025-12-01 17:04:01+00:00,2025-12-01 17:04:01+00:00,2475,43.051282855047695,-76.15216816335484,-119,2025-12-01
1759912,12:07:21,99,46,8.5743,21337,1,121 James Street to Hub,268622,S Salina St & Washington St,Sy 20,2025-12-01 17:07:21+00:00,2025-12-01 17:05:01+00:00,2025-12-01 17:05:01+00:00,2475,43.04950932094029,-76.15221187046596,-140,2025-12-01
1759912,12:09:37,7987,47,8.8913,21337,1,121 James Street to Hub,268622,S Salina St & W Jefferson St,Sy 20,2025-12-01 17:09:37+00:00,2025-12-01 17:06:01+00:00,2025-12-01 17:06:01+00:00,2475,43.04673582932045,-76.15225219726562,-216,2025-12-01
1759912,12:15:00,17651,48,9.6374,21337,1,121 James Street to Hub,268622,B12,Sy 20,2025-12-01 17:15:00+00:00,2025-12-01 17:07:01+00:00,2025-12-01 17:07:01+00:00,2475,43.044066450330945,-76.15211198594835,-479,2025-12-01
1759913,12:55:00,8117,1,,21337,1,121 James Street to Hub,268622,Sunnycrest Rd & Champlain Dr,Sy 20,2025-12-01 17:55:00+00:00,2025-12-01 17:56:01+00:00,2025-12-01 17:56:01+00:00,2475,43.06208801269531,-76.10191345214844,61,2025-12-01
1759913,12:55:30,6566,2,0.0963,21337,1,121 James Street to Hub,268622,Sunnycrest Rd & Nichols Ave,Sy 20,2025-12-01 17:55:30+00:00,2025-12-01 17:57:01+00:00,2025-12-01 17:57:01+00:00,2475,43.06194097855512,-76.10372543334961,91,2025-12-01
1759913,12:56:00,10237,3,0.1914,21337,1,121 James Street to Hub,268622,Sunnycrest Rd & S Midler Ave,Sy 20,2025-12-01 17:56:00+00:00,,2025-12-01 17:57:15.380040322+00:00,2475,,,75,2025-12-01
1759913,12:56:19,6555,4,0.2956,21337,1,121 James Street to Hub,268622,Sunnycrest Rd & S Edwards Ave,Sy 20,2025-12-01 17:56:19+00:00,,2025-12-01 17:57:31.136088709+00:00,2475,,,72,2025-12-01
1759913,12:56:37,6547,5,0.3938,21337,1,121 James Street to Hub,268622,Sunnycrest Rd & S Collingwood Ave,Sy 20,2025-12-01 17:56:37+00:00,,2025-12-01 17:57:45.984879032+00:00,2475,,,68,2025-12-01
1759913,12:56:55,6539,6,0.4931,21337,1,121 James Street to Hub,268622,Sunnycrest Rd & Hillsdale Ave,Sy 20,2025-12-01 17:56:55+00:00,2025-12-01 17:58:01+00:00,2025-12-01 17:58:01+00:00,2475,43.06175304103542,-76.107576731089,66,2025-12-01
1759913,12:57:13,6531,7,0.5942,21337,1,121 James Street to Hub,268622,Sunnycrest Rd & Woodbine Ave,Sy 20,2025-12-01 17:57:13+00:00,,2025-12-01 17:58:20.027603513+00:00,2475,,,67,2025-12-01
1759913,12:57:32,6524,8,0.6987,21337,1,121 James Street to Hub,268622,Sunnycrest Rd & Forest Hill Dr,Sy 20,2025-12-01 17:57:32+00:00,,2025-12-01 17:58:39.695106649+00:00,2475,,,67,2025-12-01
1759913,12:57:53,6495,9,0.8119,21337,1,121 James Street to Hub,268622,Sunnycrest Rd & Stafford Ave,Sy 20,2025-12-01 17:57:53+00:00,2025-12-01 17:59:01+00:00,2025-12-01 17:59:01+00:00,2475,43.06155796051026,-76.11147689819336,68,2025-12-01
1759913,12:58:14,6491,10,0.9242,21337,1,121 James Street to Hub,268622,Sunnycrest Rd & Hickok Ave,Sy 20,2025-12-01 17:58:14+00:00,,2025-12-01 17:59:21.854224698+00:00,2475,,,67,2025-12-01
1759913,12:58:53,8124,11,1.1350,21337,1,121 James Street to Hub,268622,Shotwell Park & 261 Shotwell Park,Sy 20,2025-12-01 17:58:53+00:00,2025-12-01 18:00:01+00:00,2025-12-01 18:00:01+00:00,2475,43.06261134969777,-76.1149603745033,68,2025-12-01
1759913,12:59:37,6490,12,1.3721,21337,1,121 James Street to Hub,268622,Shotwell Park & Melrose Ave,Sy 20,2025-12-01 17:59:37+00:00,,2025-12-01 18:00:25.866282118+00:00,2475,,,48,2025-12-01
1759913,13:00:39,8125,13,1.7071,21337,1,121 James Street to Hub,268622,Shotwell Park & 139 Shotwell Park,Sy 20,2025-12-01 18:00:39+00:00,2025-12-01 18:01:01+00:00,2025-12-01 18:01:01+00:00,2475,43.067846124822445,-76.11560665477406,22,2025-12-01
1759913,13:01:00,500,14,1.7913,21337,1,121 James Street to Hub,268622,Shotwell Park & James St,Sy 20,2025-12-01 18:01:00+00:00,2025-12-01 18:02:01+00:00,2025-12-01 18:02:01+00:00,2475,43.068389892578125,-76.11525830355558,61,2025-12-01
1759913,13:03:30,6482,15,2.2498,21337,1,121 James Street to Hub,268622,Grant Blvd & Village Dr,Sy 20,2025-12-01 18:03:30+00:00,2025-12-01 18:03:01+00:00,2025-12-01 18:03:01+00:00,2475,43.07025533914566,-76.1187778711319,-29,2025-12-01
1759913,13:07:00,3675,16,2.8874,21337,1,121 James Street to Hub,268622,Shop City,Sy 20,2025-12-01 18:07:00+00:00,2025-12-01 18:04:01+00:00,2025-12-01 18:04:01+00:00,2475,43.07302474975586,-76.11951446533203,-179,2025-12-01
1759913,13:07:26,18135,17,3.0524,21337,1,121 James Street to Hub,268622,Shop City Rite Aid,Sy 20,2025-12-01 18:07:26+00:00,2025-12-01 18:08:01+00:00,2025-12-01 18:08:01+00:00,2475,43.073608943394255,-76.12086159842355,35,2025-12-01
1759913,13:08:34,6465,18,3.4725,21337,1,121 James Street to Hub,268622,Grant Ter & Grant Blvd,Sy 20,2025-12-01 18:08:34+00:00,2025-12-01 18:10:02+00:00,2025-12-01 18:10:02+00:00,2475,43.071662846733545,-76.12189999748679,88,2025-12-01
1759913,13:08:50,13243,19,3.5726,21337,1,121 James Street to Hub,268622,Grant Blvd & Teall Ave,Sy 20,2025-12-01 18:08:50+00:00,,2025-12-01 18:10:53.366537300+00:00,2475,,,123,2025-12-01
1759913,13:09:11,6448,20,3.7044,21337,1,121 James Street to Hub,268622,Teall Ave & Fordham Rd,Sy 20,2025-12-01 18:09:11+00:00,2025-12-01 18:12:01+00:00,2025-12-01 18:12:01+00:00,2475,43.071325909007676,-76.12309109080921,170,2025-12-01
1759913,13:09:45,6430,21,3.9177,21337,1,121 James Street to Hub,268622,Teall Ave & Gray Ave,Sy 20,2025-12-01 18:09:45+00:00,,2025-12-01 18:12:34.284785435+00:00,2475,,,169,2025-12-01
1759913,13:10:12,6223,22,4.0889,21337,1,121 James Street to Hub,268622,Teall Ave & Rugby Rd,Sy 20,2025-12-01 18:10:12+00:00,2025-12-01 18:13:01+00:00,2025-12-01 18:13:01+00:00,2475,43.066837310791016,-76.122802734375,169,2025-12-01
1759913,13:11:04,477,23,4.4102,21337,1,121 James Street to Hub,268622,Teall Ave & James St,Sy 20,2025-12-01 18:11:04+00:00,,2025-12-01 18:13:29.954641033+00:00,2475,,,145,2025-12-01
1759913,13:11:32,6215,24,4.5834,21337,1,121 James Street to Hub,268622,Teall Ave & Eldorado St,Sy 20,2025-12-01 18:11:32+00:00,,2025-12-01 18:13:45.562931811+00:00,2475,,,133,2025-12-01
1759913,13:11:47,6211,25,4.6805,21337,1,121 James Street to Hub,268622,Teall Ave & Shuart Ave,Sy 20,2025-12-01 18:11:47+00:00,,2025-12-01 18:13:54.313307299+00:00,2475,,,127,2025-12-01
1759913,13:11:59,6205,26,4.7547,21337,1,121 James Street to Hub,268622,Teall Ave & Mariposa St,Sy 20,2025-12-01 18:11:59+00:00,2025-12-01 18:14:01+00:00,2025-12-01 18:14:01+00:00,2475,43.06198341259058,-76.12248406893966,122,2025-12-01
1759913,13:12:17,6201,27,4.8679,21337,1,121 James Street to Hub,268622,Teall Ave & Boyden St,Sy 20,2025-12-01 18:12:17+00:00,,2025-12-01 18:14:32.546679052+00:00,2475,,,135,2025-12-01
1759913,13:12:33,6195,28,4.9700,21337,1,121 James Street to Hub,268622,Teall Ave & Schuler St,Sy 20,2025-12-01 18:12:33+00:00,2025-12-01 18:15:01+00:00,2025-12-01 18:15:01+00:00,2475,43.0600206711713,-76.12233577055089,148,2025-12-01
1759913,13:13:36,2478,29,5.3586,21337,1,121 James Street to Hub,268622,Robinson St & Winton St,Sy 20,2025-12-01 18:13:36+00:00,2025-12-01 18:16:01+00:00,2025-12-01 18:16:01+00:00,2475,43.05820228114273,-76.12443311286695,145,2025-12-01
1759913,13:13:52,2475,30,5.4598,21337,1,121 James Street to Hub,268622,Winton St & Herbst Ave,Sy 20,2025-12-01 18:13:52+00:00,,2025-12-01 18:16:16.613268192+00:00,2475,,,144,2025-12-01
1759913,13:14:08,2471,31,5.5600,21337,1,121 James Street to Hub,268622,Herbst Ave & Vine St,Sy 20,2025-12-01 18:14:08+00:00,,2025-12-01 18:16:32.072255078+00:00,2475,,,144,2025-12-01
1759913,13:14:38,6070,32,5.7475,21337,1,121 James Street to Hub,268622,Pattison St & Boyden St,Sy 20,2025-12-01 18:14:38+00:00,2025-12-01 18:17:01+00:00,2025-12-01 18:17:01+00:00,2475,43.05902499244327,-76.1272448585147,143,2025-12-01
1759913,13:14:54,2455,33,5.8476,21337,1,121 James Street to Hub,268622,Pattison St & Shuart Ave,Sy 20,2025-12-01 18:14:54+00:00,,2025-12-01 18:17:31.410126582+00:00,2475,,,157,2025-12-01
1759913,13:15:09,2431,34,5.9450,21337,1,121 James Street to Hub,268622,Shuart Ave & Sedgwick St,Sy 20,2025-12-01 18:15:09+00:00,2025-12-01 18:18:01+00:00,2025-12-01 18:18:01+00:00,2475,43.060036328374125,-76.12874431999363,172,2025-12-01
1759913,13:15:52,451,35,6.2104,21337,1,121 James Street to Hub,268622,James St & Dewitt St,Sy 20,2025-12-01 18:15:52+00:00,2025-12-01 18:19:01+00:00,2025-12-01 18:19:01+00:00,2475,43.06085294358274,-76.13026054869307,189,2025-12-01
1759913,13:17:00,447,36,6.5741,21337,1,121 James Street to Hub,268622,James St & Oak St,Sy 20,2025-12-01 18:17:00+00:00,2025-12-01 18:20:01+00:00,2025-12-01 18:20:01+00:00,2475,43.05924276872115,-76.13447108413234,181,2025-12-01
1759913,13:17:28,6678,37,6.6684,21337,1,121 James Street to Hub,268622,James St & Bryant and Stratton College,Sy 20,2025-12-01 18:17:28+00:00,,2025-12-01 18:20:11.496897810+00:00,2475,,,163,2025-12-01
1759913,13:18:43,443,38,6.9219,21337,1,121 James Street to Hub,268622,James St & Highland St,Sy 20,2025-12-01 18:18:43+00:00,,2025-12-01 18:20:39.714963503+00:00,2475,,,116,2025-12-01
1759913,13:19:42,438,39,7.1221,21337,1,121 James Street to Hub,268622,James St & Lodi St,Sy 20,2025-12-01 18:19:42+00:00,2025-12-01 18:21:02+00:00,2025-12-01 18:21:02+00:00,2475,43.056493691035676,-76.14008726392474,80,2025-12-01
1759913,13:20:52,10928,40,7.3596,21337,1,121 James Street to Hub,268622,James St & Catherine St,Sy 20,2025-12-01 18:20:52+00:00,2025-12-01 18:22:01+00:00,2025-12-01 18:22:01+00:00,2475,43.05525446873085,-76.1426201614679,69,2025-12-01
1759913,13:21:34,431,41,7.5016,21337,1,121 James Street to Hub,268622,James St & N McBride St,Sy 20,2025-12-01 18:21:34+00:00,2025-12-01 18:23:01+00:00,2025-12-01 18:23:01+00:00,2475,43.05456048089105,-76.14402234876478,87,2025-12-01
1759913,13:22:15,425,42,7.6419,21337,1,121 James Street to Hub,268622,James St & N Townsend St,Sy 20,2025-12-01 18:22:15+00:00,,2025-12-01 18:23:23.665589660+00:00,2475,,,68,2025-12-01
1759913,13:23:23,426,43,7.8730,21337,1,121 James Street to Hub,268622,James St & N State St,Sy 20,2025-12-01 18:23:23+00:00,2025-12-01 18:24:01+00:00,2025-12-01 18:24:01+00:00,2475,43.052733545717984,-76.14774256167205,38,2025-12-01
1759913,13:25:18,180,44,8.2603,21337,1,121 James Street to Hub,268622,E Willow St & N Salina St,Sy 20,2025-12-01 18:25:18+00:00,2025-12-01 18:25:01+00:00,2025-12-01 18:25:01+00:00,2475,43.05236053466797,-76.15140832639209,-17,2025-12-01
1759913,13:26:00,174,45,8.3853,21337,1,121 James Street to Hub,268622,N Salina St & W Genesee St,Sy 20,2025-12-01 18:26:00+00:00,,2025-12-01 18:25:49.168789808+00:00,2475,,,-10,2025-12-01
1759913,13:27:21,99,46,8.5743,21337,1,121 James Street to Hub,268622,S Salina St & Washington St,Sy 20,2025-12-01 18:27:21+00:00,2025-12-01 18:27:02+00:00,2025-12-01 18:27:02+00:00,2475,43.05038295072668,-76.15219909069585,-19,2025-12-01
1759913,13:29:37,7987,47,8.8913,21337,1,121 James Street to Hub,268622,S Salina St & W Jefferson St,Sy 20,2025-12-01 18:29:37+00:00,2025-12-01 18:29:01+00:00,2025-12-01 18:29:01+00:00,2475,43.04741044477983,-76.15223693847656,-36,2025-12-01
1759913,13:35:00,17651,48,9.6374,21337,1,121 James Street to Hub,268622,B12,Sy 20,2025-12-01 18:35:00+00:00,2025-12-01 18:31:01+00:00,2025-12-01 18:31:01+00:00,2475,43.044664192199704,-76.15226745605469,-239,2025-12-01
1759914,10:15:00,8117,1,,21337,1,121 James Street to Hub,268622,Sunnycrest Rd & Champlain Dr,Sy 20,2025-12-01 15:15:00+00:00,2025-12-01 15:16:01+00:00,2025-12-01 15:16:01+00:00,2475,43.06201934814453,-76.10201263427734,61,2025-12-01
1759914,10:15:30,6566,2,0.0963,21337,1,121 James Street to Hub,268622,Sunnycrest Rd & Nichols Ave,Sy 20,2025-12-01 15:15:30+00:00,2025-12-01 15:17:01+00:00,2025-12-01 15:17:01+00:00,2475,43.06195831298828,-76.10332556331859,91,2025-12-01
1759914,10:16:00,10237,3,0.1914,21337,1,121 James Street to Hub,268622,Sunnycrest Rd & S Midler Ave,Sy 20,2025-12-01 15:16:00+00:00,,2025-12-01 15:17:15.140372983+00:00,2475,,,75,2025-12-01
1759914,10:16:19,6555,4,0.2956,21337,1,121 James Street to Hub,268622,Sunnycrest Rd & S Edwards Ave,Sy 20,2025-12-01 15:16:19+00:00,,2025-12-01 15:17:30.633820564+00:00,2475,,,71,2025-12-01
1759914,10:16:37,6547,5,0.3938,21337,1,121 James Street to Hub,268622,Sunnycrest Rd & S Collingwood Ave,Sy 20,2025-12-01 15:16:37+00:00,,2025-12-01 15:17:45.235131048+00:00,2475,,,68,2025-12-01
1759914,10:16:55,6539,6,0.4931,21337,1,121 James Street to Hub,268622,Sunnycrest Rd & Hillsdale Ave,Sy 20,2025-12-01 15:16:55+00:00,2025-12-01 15:18:00+00:00,2025-12-01 15:18:00+00:00,2475,43.061752628635716,-76.10758415428367,65,2025-12-01
1759914,10:17:13,6531,7,0.5942,21337,1,121 James Street to Hub,268622,Sunnycrest Rd & Woodbine Ave,Sy 20,2025-12-01 15:17:13+00:00,,2025-12-01 15:18:19.661856963+00:00,2475,,,66,2025-12-01
1759914,10:17:32,6524,8,0.6987,21337,1,121 James Street to Hub,268622,Sunnycrest Rd & Forest Hill Dr,Sy 20,2025-12-01 15:17:32+00:00,,2025-12-01 15:18:39.984943538+00:00,2475,,,67,2025-12-01
1759914,10:17:53,6495,9,0.8119,21337,1,121 James Street to Hub,268622,Sunnycrest Rd & Stafford Ave,Sy 20,2025-12-01 15:17:53+00:00,2025-12-01 15:19:02+00:00,2025-12-01 15:19:02+00:00,2475,43.06151846683387,-76.11212539672852,69,2025-12-01
1759914,10:18:14,6491,10,0.9242,21337,1,121 James Street to Hub,268622,Sunnycrest Rd & Hickok Ave,Sy 20,2025-12-01 15:18:14+00:00,,2025-12-01 15:19:22.854224698+00:00,2475,,,68,2025-12-01
1759914,10:18:53,8124,11,1.1350,21337,1,121 James Street to Hub,268622,Shotwell Park & 261 Shotwell Park,Sy 20,2025-12-01 15:18:53+00:00,2025-12-01 15:20:02+00:00,2025-12-01 15:20:02+00:00,2475,43.06261687443174,-76.11495984833816,69,2025-12-01
1759914,10:19:37,6490,12,1.3721,21337,1,121 James Street to Hub,268622,Shotwell Park & Melrose Ave,Sy 20,2025-12-01 15:19:37+00:00,,2025-12-01 15:20:26.451844083+00:00,2475,,,49,2025-12-01
1759914,10:20:39,8125,13,1.7071,21337,1,121 James Street to Hub,268622,Shotwell Park & 139 Shotwell Park,Sy 20,2025-12-01 15:20:39+00:00,2025-12-01 15:21:01+00:00,2025-12-01 15:21:01+00:00,2475,43.06783780184659,-76.11560613458806,22,2025-12-01
1759914,10:21:00,500,14,1.7913,21337,1,121 James Street to Hub,268622,Shotwell Park & James St,Sy 20,2025-12-01 15:21:00+00:00,2025-12-01 15:22:01+00:00,2025-12-01 15:22:01+00:00,2475,43.06840133666992,-76.11515835353306,61,2025-12-01
1759914,10:23:30,6482,15,2.2498,21337,1,121 James Street to Hub,268622,Grant Blvd & Village Dr,Sy 20,2025-12-01 15:23:30+00:00,,2025-12-01 15:22:17.636033785+00:00,2475,,,-72,2025-12-01
1759914,10:27:00,3675,16,2.8874,21337,1,121 James Street to Hub,268622,Shop City,Sy 20,2025-12-01 15:27:00+00:00,,2025-12-01 15:22:40.770461575+00:00,2475,,,-259,2025-12-01
1759914,10:27:26,18135,17,3.0524,21337,1,121 James Street to Hub,268622,Shop City Rite Aid,Sy 20,2025-12-01 15:27:26+00:00,,2025-12-01 15:22:46.757256721+00:00,2475,,,-279,2025-12-01
1759914,10:28:34,6465,18,3.4725,21337,1,121 James Street to Hub,268622,Grant Ter & Grant Blvd,Sy 20,2025-12-01 15:28:34+00:00,2025-12-01 15:23:02+00:00,2025-12-01 15:23:02+00:00,2475,43.071557235717776,-76.12167510986328,-332,2025-12-01
1759914,10:28:50,13243,19,3.5726,21337,1,121 James Street to Hub,268622,Grant Blvd & Teall Ave,Sy 20,2025-12-01 15:28:50+00:00,2025-12-01 15:32:01+00:00,2025-12-01 15:32:01+00:00,2475,43.07185363769531,-76.12225341796875,191,2025-12-01
1759914,10:29:11,6448,20,3.7044,21337,1,121 James Street to Hub,268622,Teall Ave & Fordham Rd,Sy 20,2025-12-01 15:29:11+00:00,,2025-12-01 15:32:16.316676350+00:00,2475,,,185,2025-12-01
1759914,10:29:45,6430,21,3.9177,21337,1,121 James Street to Hub,268622,Teall Ave & Gray Ave,Sy 20,2025-12-01 15:29:45+00:00,,2025-12-01 15:32:41.104590354+00:00,2475,,,176,2025-12-01
1759914,10:30:12,6223,22,4.0889,21337,1,121 James Street to Hub,268622,Teall Ave & Rugby Rd,Sy 20,2025-12-01 15:30:12+00:00,2025-12-01 15:33:01+00:00,2025-12-01 15:33:01+00:00,2475,43.067918053988755,-76.12286982043037,169,2025-12-01
1759914,10:31:04,477,23,4.4102,21337,1,121 James Street to Hub,268622,Teall Ave & James St,Sy 20,2025-12-01 15:31:04+00:00,2025-12-01 15:34:01+00:00,2025-12-01 15:34:01+00:00,2475,43.065534418279476,-76.12272470647639,177,2025-12-01
1759914,10:31:32,6215,24,4.5834,21337,1,121 James Street to Hub,268622,Teall Ave & Eldorado St,Sy 20,2025-12-01 15:31:32+00:00,,2025-12-01 15:34:23.704828490+00:00,2475,,,171,2025-12-01
1759914,10:31:47,6211,25,4.6805,21337,1,121 James Street to Hub,268622,Teall Ave & Shuart Ave,Sy 20,2025-12-01 15:31:47+00:00,,2025-12-01 15:34:36.433690190+00:00,2475,,,169,2025-12-01
1759914,10:31:59,6205,26,4.7547,21337,1,121 James Street to Hub,268622,Teall Ave & Mariposa St,Sy 20,2025-12-01 15:31:59+00:00,,2025-12-01 15:34:46.160585536+00:00,2475,,,167,2025-12-01
1759914,10:32:17,6201,27,4.8679,21337,1,121 James Street to Hub,268622,Teall Ave & Boyden St,Sy 20,2025-12-01 15:32:17+00:00,2025-12-01 15:35:01+00:00,2025-12-01 15:35:01+00:00,2475,43.0615215577941,-76.12244735938916,164,2025-12-01
1759914,10:32:33,6195,28,4.9700,21337,1,121 James Street to Hub,268622,Teall Ave & Schuler St,Sy 20,2025-12-01 15:32:33+00:00,,2025-12-01 15:35:13.484206235+00:00,2475,,,160,2025-12-01
1759914,10:33:36,2478,29,5.3586,21337,1,121 James Street to Hub,268622,Robinson St & Winton St,Sy 20,2025-12-01 15:33:36+00:00,2025-12-01 15:36:01+00:00,2025-12-01 15:36:01+00:00,2475,43.05816650390625,-76.1237564086914,145,2025-12-01
1759914,10:33:52,2475,30,5.4598,21337,1,121 James Street to Hub,268622,Winton St & Herbst Ave,Sy 20,2025-12-01 15:33:52+00:00,,2025-12-01 15:36:31.148957298+00:00,2475,,,159,2025-12-01
1759914,10:34:08,2471,31,5.5600,21337,1,121 James Street to Hub,268622,Herbst Ave & Vine St,Sy 20,2025-12-01 15:34:08+00:00,2025-12-01 15:37:01+00:00,2025-12-01 15:37:01+00:00,2475,43.05897607608717,-76.12581105134925,173,2025-12-01
1759914,10:34:38,6070,32,5.7475,21337,1,121 James Street to Hub,268622,Pattison St & Boyden St,Sy 20,2025-12-01 15:34:38+00:00,,2025-12-01 15:37:30.220779220+00:00,2475,,,172,2025-12-01
1759914,10:34:54,2455,33,5.8476,21337,1,121 James Street to Hub,268622,Pattison St & Shuart Ave,Sy 20,2025-12-01 15:34:54+00:00,,2025-12-01 15:37:45.820779220+00:00,2475,,,171,2025-12-01
1759914,10:35:09,2431,34,5.9450,21337,1,121 James Street to Hub,268622,Shuart Ave & Sedgwick St,Sy 20,2025-12-01 15:35:09+00:00,2025-12-01 15:38:01+00:00,2025-12-01 15:38:01+00:00,2475,43.059790973005626,-76.12934388785527,172,2025-12-01
1759914,10:35:52,451,35,6.2104,21337,1,121 James Street to Hub,268622,James St & Dewitt St,Sy 20,2025-12-01 15:35:52+00:00,2025-12-01 15:39:01+00:00,2025-12-01 15:39:01+00:00,2475,43.06099887604409,-76.13038407995346,189,2025-12-01
1759914,10:37:00,447,36,6.5741,21337,1,121 James Street to Hub,268622,James St & Oak St,Sy 20,2025-12-01 15:37:00+00:00,,2025-12-01 15:40:36.292576419+00:00,2475,,,216,2025-12-01
1759914,10:37:28,6678,37,6.6684,21337,1,121 James Street to Hub,268622,James St & Bryant and Stratton College,Sy 20,2025-12-01 15:37:28+00:00,2025-12-01 15:41:01+00:00,2025-12-01 15:41:01+00:00,2475,43.05847520094652,-76.13604032076321,213,2025-12-01
1759914,10:38:43,443,38,6.9219,21337,1,121 James Street to Hub,268622,James St & Highland St,Sy 20,2025-12-01 15:38:43+00:00,,2025-12-01 15:41:19.254920787+00:00,2475,,,156,2025-12-01
1759914,10:39:42,438,39,7.1221,21337,1,121 James Street to Hub,268622,James St & Lodi St,Sy 20,2025-12-01 15:39:42+00:00,,2025-12-01 15:41:33.671627460+00:00,2475,,,111,2025-12-01
1759914,10:40:52,10928,40,7.3596,21337,1,121 James Street to Hub,268622,James St & Catherine St,Sy 20,2025-12-01 15:40:52+00:00,,2025-12-01 15:41:50.774363898+00:00,2475,,,58,2025-12-01
1759914,10:41:34,431,41,7.5016,21337,1,121 James Street to Hub,268622,James St & N McBride St,Sy 20,2025-12-01 15:41:34+00:00,2025-12-01 15:42:01+00:00,2025-12-01 15:42:01+00:00,2475,43.05455429489548,-76.14403472075591,27,2025-12-01
1759914,10:42:15,425,42,7.6419,21337,1,121 James Street to Hub,268622,James St & N Townsend St,Sy 20,2025-12-01 15:42:15+00:00,,2025-12-01 15:42:23.665589660+00:00,2475,,,8,2025-12-01
1759914,10:43:23,426,43,7.8730,21337,1,121 James Street to Hub,268622,James St & N State St,Sy 20,2025-12-01 15:43:23+00:00,2025-12-01 15:43:01+00:00,2025-12-01 15:43:01+00:00,2475,43.05246844821506,-76.14841139051649,-22,2025-12-01
1759914,10:45:18,180,44,8.2603,21337,1,121 James Street to Hub,268622,E Willow St & N Salina St,Sy 20,2025-12-01 15:45:18+00:00,,2025-12-01 15:43:46.360140542+00:00,2475,,,-91,2025-12-01
1759914,10:46:00,174,45,8.3853,21337,1,121 James Street to Hub,268622,N Salina St & W Genesee St,Sy 20,2025-12-01 15:46:00+00:00,2025-12-01 15:44:01+00:00,2025-12-01 15:44:01+00:00,2475,43.05132044916568,-76.15216595193614,-119,2025-12-01
1759914,10:47:21,99,46,8.5743,21337,1,121 James Street to Hub,268622,S Salina St & Washington St,Sy 20,2025-12-01 15:47:21+00:00,2025-12-01 15:45:01+00:00,2025-12-01 15:45:01+00:00,2475,43.04926681518555,-76.15222040812175,-140,2025-12-01
1759914,10:49:37,7987,47,8.8913,21337,1,121 James Street to Hub,268622,S Salina St & W Jefferson St,Sy 20,2025-12-01 15:49:37+00:00,2025-12-01 15:46:02+00:00,2025-12-01 15:46:02+00:00,2475,43.04733553799716,-76.15223693847656,-215,2025-12-01
1759914,10:55:00,17651,48,9.6374,21337,1,121 James Street to Hub,268622,B12,Sy 20,2025-12-01 15:55:00+00:00,2025-12-01 15:48:01+00:00,2025-12-01 15:48:01+00:00,2475,43.044810368464546,-76.15226745605469,-419,2025-12-01
1759915, 7:15:00,3645,1,,21337,1,21 James Street to Hub,268623,Conklin St & Glencove Rd,Sy 20,2025-12-01 12:15:00+00:00,2025-12-01 12:17:01+00:00,2025-12-01 12:17:01+00:00,2232,43.0649299621582,-76.08900451660156,121,2025-12-01
1759915, 7:15:25,8111,2,0.1101,21337,1,21 James Street to Hub,268623,Glencove Rd & Boston St,Sy 20,2025-12-01 12:15:25+00:00,,2025-12-01 12:17:31+00:00,2232,,,126,2025-12-01
1759915, 7:15:47,8112,3,0.2093,21337,1,21 James Street to Hub,268623,Glencove Rd & Burns Ave,Sy 20,2025-12-01 12:15:47+00:00,2025-12-01 12:18:01+00:00,2025-12-01 12:18:01+00:00,2232,43.064779822506125,-76.09168960799032,134,2025-12-01
1759915, 7:16:08,8113,4,0.3055,21337,1,21 James Street to Hub,268623,Glencove Rd & Clover Ridge Dr,Sy 20,2025-12-01 12:16:08+00:00,,2025-12-01 12:18:19.162366268+00:00,2232,,,131,2025-12-01
1759915, 7:16:30,8114,5,0.4059,21337,1,21 James Street to Hub,268623,Glencove Rd & Ridgewood Dr,Sy 20,2025-12-01 12:16:30+00:00,,2025-12-01 12:18:38.117684078+00:00,2232,,,128,2025-12-01
1759915, 7:16:57,8115,6,0.5271,21337,1,21 James Street to Hub,268623,S Glencove Rd & Aberdeen Ter,Sy 20,2025-12-01 12:16:57+00:00,2025-12-01 12:19:01+00:00,2025-12-01 12:19:01+00:00,2232,43.06420070103237,-76.09536328996931,124,2025-12-01
1759915, 7:17:26,8118,7,0.6577,21337,1,21 James Street to Hub,268623,S Glencove Rd & Culver Dr,Sy 20,2025-12-01 12:17:26+00:00,,2025-12-01 12:19:28.864987757+00:00,2232,,,122,2025-12-01
1759915, 7:18:01,8120,8,0.8130,21337,1,21 James Street to Hub,268623,S Glencove Rd & Plymouth Dr,Sy 20,2025-12-01 12:18:01+00:00,2025-12-01 12:20:02+00:00,2025-12-01 12:20:02+00:00,2232,43.06399566248844,-76.09874685187089,121,2025-12-01
1759915, 7:18:49,2544,9,1.0248,21337,1,21 James Street to Hub,268623,Plymouth Dr & Sunnycrest Rd,Sy 20,2025-12-01 12:18:49+00:00,2025-12-01 12:21:01+00:00,2025-12-01 12:21:01+00:00,2232,43.0621701408835,-76.09883409387925,132,2025-12-01
1759915, 7:19:10,8119,10,1.1211,21337,1,21 James Street to Hub,268623,Sunnycrest Rd & Cresline Dr,Sy 20,2025-12-01 12:19:10+00:00,,2025-12-01 12:21:20.467654986+00:00,2232,,,130,2025-12-01
1759915, 7:19:30,8116,11,1.2133,21337,1,21 James Street to Hub,268623,Sunnycrest Rd & Mosley Dr,Sy 20,2025-12-01 12:19:30+00:00,,2025-12-01 12:21:39.106469002+00:00,2232,,,129,2025-12-01
1759915, 7:20:00,8117,12,1.3216,21337,1,21 James Street to Hub,268623,Sunnycrest Rd & Champlain Dr,Sy 20,2025-12-01 12:20:00+00:00,2025-12-01 12:22:01+00:00,2025-12-01 12:22:01+00:00,2232,43.06201171875,-76.10222498575847,121,2025-12-01
1759915, 7:20:31,6566,13,1.4259,21337,1,21 James Street to Hub,268623,Sunnycrest Rd & Nichols Ave,Sy 20,2025-12-01 12:20:31+00:00,,2025-12-01 12:22:32.384152457+00:00,2232,,,121,2025-12-01
1759915, 7:21:00,10237,14,1.5210,21337,1,21 James Street to Hub,268623,Sunnycrest Rd & S Midler Ave,Sy 20,2025-12-01 12:21:00+00:00,2025-12-01 12:23:01+00:00,2025-12-01 12:23:01+00:00,2232,43.0619059192891,-76.10455945073342,121,2025-12-01
1759915, 7:21:23,6555,15,1.6252,21337,1,21 James Street to Hub,268623,Sunnycrest Rd & S Edwards Ave,Sy 20,2025-12-01 12:21:23+00:00,,2025-12-01 12:23:22.067948293+00:00,2232,,,119,2025-12-01
1759915, 7:21:45,6547,16,1.7234,21337,1,21 James Street to Hub,268623,Sunnycrest Rd & S Collingwood Ave,Sy 20,2025-12-01 12:21:45+00:00,,2025-12-01 12:23:41.922770964+00:00,2232,,,116,2025-12-01
1759915, 7:22:07,6539,17,1.8227,21337,1,21 James Street to Hub,268623,Sunnycrest Rd & Hillsdale Ave,Sy 20,2025-12-01 12:22:07+00:00,2025-12-01 12:24:02+00:00,2025-12-01 12:24:02+00:00,2232,43.06172401026676,-76.10829764918277,115,2025-12-01
1759915, 7:22:29,6531,18,1.9238,21337,1,21 James Street to Hub,268623,Sunnycrest Rd & Woodbine Ave,Sy 20,2025-12-01 12:22:29+00:00,,2025-12-01 12:24:20.710476787+00:00,2232,,,111,2025-12-01
1759915, 7:22:52,6524,19,2.0283,21337,1,21 James Street to Hub,268623,Sunnycrest Rd & Forest Hill Dr,Sy 20,2025-12-01 12:22:52+00:00,,2025-12-01 12:24:40.050188205+00:00,2232,,,108,2025-12-01
1759915, 7:23:17,6495,20,2.1415,21337,1,21 James Street to Hub,268623,Sunnycrest Rd & Stafford Ave,Sy 20,2025-12-01 12:23:17+00:00,2025-12-01 12:25:01+00:00,2025-12-01 12:25:01+00:00,2232,43.06151869802764,-76.11212158203125,104,2025-12-01
1759915, 7:23:42,6491,21,2.2539,21337,1,21 James Street to Hub,268623,Sunnycrest Rd & Hickok Ave,Sy 20,2025-12-01 12:23:42+00:00,,2025-12-01 12:25:21.866336633+00:00,2232,,,99,2025-12-01
1759915, 7:24:29,8124,22,2.4647,21337,1,21 James Street to Hub,268623,Shotwell Park & 261 Shotwell Park,Sy 20,2025-12-01 12:24:29+00:00,2025-12-01 12:26:01+00:00,2025-12-01 12:26:01+00:00,2232,43.062618255615234,-76.11495971679688,92,2025-12-01
1759915, 7:25:22,6490,23,2.7017,21337,1,21 James Street to Hub,268623,Shotwell Park & Melrose Ave,Sy 20,2025-12-01 12:25:22+00:00,,2025-12-01 12:26:26.274475524+00:00,2232,,,64,2025-12-01
1759915, 7:26:37,8125,24,3.0367,21337,1,21 James Street to Hub,268623,Shotwell Park & 139 Shotwell Park,Sy 20,2025-12-01 12:26:37+00:00,2025-12-01 12:27:02+00:00,2025-12-01 12:27:02+00:00,2232,43.066514015197754,-76.11529000600179,25,2025-12-01
1759915, 7:27:00,500,25,3.1209,21337,1,21 James Street to Hub,268623,Shotwell Park & James St,Sy 20,2025-12-01 12:27:00+00:00,2025-12-01 12:28:01+00:00,2025-12-01 12:28:01+00:00,2232,43.06837547302246,-76.11581436157226,61,2025-12-01
1759915, 7:28:07,484,26,3.4421,21337,1,21 James Street to Hub,268623,James St & Peck Ave,Sy 20,2025-12-01 12:28:07+00:00,2025-12-01 12:31:01+00:00,2025-12-01 12:31:01+00:00,2232,43.0668327331543,-76.1189971923828,174,2025-12-01
1759915, 7:28:36,483,27,3.5819,21337,1,21 James Street to Hub,268623,James St & Rugby Rd,Sy 20,2025-12-01 12:28:36+00:00,,2025-12-01 12:31:16.379824724+00:00,2232,,,160,2025-12-01
1759915, 7:29:59,6215,28,3.9784,21337,1,21 James Street to Hub,268623,Teall Ave & Eldorado St,Sy 20,2025-12-01 12:29:59+00:00,2025-12-01 12:32:00+00:00,2025-12-01 12:32:00+00:00,2232,43.06492784288194,-76.12268914116754,121,2025-12-01
1759915, 7:30:19,6211,29,4.0755,21337,1,21 James Street to Hub,268623,Teall Ave & Shuart Ave,Sy 20,2025-12-01 12:30:19+00:00,,2025-12-01 12:33:08.587857559+00:00,2232,,,169,2025-12-01
1759915, 7:30:34,6205,30,4.1497,21337,1,21 James Street to Hub,268623,Teall Ave & Mariposa St,Sy 20,2025-12-01 12:30:34+00:00,2025-12-01 12:34:01+00:00,2025-12-01 12:34:01+00:00,2232,43.06198545815288,-76.1224841795106,207,2025-12-01
1759915, 7:30:57,6201,31,4.2628,21337,1,21 James Street to Hub,268623,Teall Ave & Boyden St,Sy 20,2025-12-01 12:30:57+00:00,,2025-12-01 12:34:32.518810961+00:00,2232,,,215,2025-12-01
1759915, 7:31:18,6195,32,4.3650,21337,1,21 James Street to Hub,268623,Teall Ave & Schuler St,Sy 20,2025-12-01 12:31:18+00:00,2025-12-01 12:35:01+00:00,2025-12-01 12:35:01+00:00,2232,43.05945062637329,-76.1222939491272,223,2025-12-01
1759915, 7:32:39,2478,33,4.7536,21337,1,21 James Street to Hub,268623,Robinson St & Winton St,Sy 20,2025-12-01 12:32:39+00:00,2025-12-01 12:36:01+00:00,2025-12-01 12:36:01+00:00,2232,43.05827447642451,-76.12220697817595,202,2025-12-01
1759915, 7:33:00,2475,34,4.8548,21337,1,21 James Street to Hub,268623,Winton St & Herbst Ave,Sy 20,2025-12-01 12:33:00+00:00,,2025-12-01 12:36:32.234567901+00:00,2232,,,212,2025-12-01
1759915, 7:33:21,2471,35,4.9549,21337,1,21 James Street to Hub,268623,Herbst Ave & Vine St,Sy 20,2025-12-01 12:33:21+00:00,,2025-12-01 12:37:03.129629629+00:00,2232,,,222,2025-12-01
1759915, 7:34:00,6070,36,5.1424,21337,1,21 James Street to Hub,268623,Pattison St & Boyden St,Sy 20,2025-12-01 12:34:00+00:00,2025-12-01 12:38:01+00:00,2025-12-01 12:38:01+00:00,2232,43.05894088745117,-76.12706756591797,241,2025-12-01
1759915, 7:34:21,2455,37,5.2426,21337,1,21 James Street to Hub,268623,Pattison St & Shuart Ave,Sy 20,2025-12-01 12:34:21+00:00,,2025-12-01 12:38:31.425101214+00:00,2232,,,250,2025-12-01
1759915, 7:34:41,2431,38,5.3400,21337,1,21 James Street to Hub,268623,Shuart Ave & Sedgwick St,Sy 20,2025-12-01 12:34:41+00:00,2025-12-01 12:39:01+00:00,2025-12-01 12:39:01+00:00,2232,43.06003189086914,-76.12875366210938,260,2025-12-01
1759915, 7:35:36,451,39,5.6054,21337,1,21 James Street to Hub,268623,James St & Dewitt St,Sy 20,2025-12-01 12:35:36+00:00,2025-12-01 12:41:01+00:00,2025-12-01 12:41:01+00:00,2232,43.06072213914659,-76.13145489162869,325,2025-12-01
1759915, 7:37:00,447,40,5.9691,21337,1,21 James Street to Hub,268623,James St & Oak St,Sy 20,2025-12-01 12:37:00+00:00,,2025-12-01 12:41:48.646288209+00:00,2232,,,288,2025-12-01
1759915, 7:37:28,6678,41,6.0634,21337,1,21 James Street to Hub,268623,James St & Bryant and Stratton College,Sy 20,2025-12-01 12:37:28+00:00,2025-12-01 12:42:01+00:00,2025-12-01 12:42:01+00:00,2232,43.05846771827111,-76.13605528611403,273,2025-12-01
1759915, 7:38:43,443,42,6.3169,21337,1,21 James Street to Hub,268623,James St & Highland St,Sy 20,2025-12-01 12:38:43+00:00,2025-12-01 12:43:01+00:00,2025-12-01 12:43:01+00:00,2232,43.057151794433594,-76.1387300491333,258,2025-12-01
1759915, 7:39:42,438,43,6.5171,21337,1,21 James Street to Hub,268623,James St & Lodi St,Sy 20,2025-12-01 12:39:42+00:00,,2025-12-01 12:43:28.449725776+00:00,2232,,,226,2025-12-01
1759915, 7:40:52,10928,44,6.7545,21337,1,21 James Street to Hub,268623,James St & Catherine St,Sy 20,2025-12-01 12:40:52+00:00,2025-12-01 12:44:01+00:00,2025-12-01 12:44:01+00:00,2232,43.054974666861604,-76.14318173430686,189,2025-12-01
1759915, 7:41:34,431,45,6.8965,21337,1,21 James Street to Hub,268623,James St & N McBride St,Sy 20,2025-12-01 12:41:34+00:00,,2025-12-01 12:44:31.169971671+00:00,2232,,,177,2025-12-01
1759915, 7:42:15,425,46,7.0369,21337,1,21 James Street to Hub,268623,James St & N Townsend St,Sy 20,2025-12-01 12:42:15+00:00,2025-12-01 12:45:01+00:00,2025-12-01 12:45:01+00:00,2232,43.05386397952125,-76.1454458690825,166,2025-12-01
1759915, 7:43:23,426,47,7.2679,21337,1,21 James Street to Hub,268623,James St & N State St,Sy 20,2025-12-01 12:43:23+00:00,2025-12-01 12:46:01+00:00,2025-12-01 12:46:01+00:00,2232,43.05246980455187,-76.14841681586371,158,2025-12-01
1759915, 7:45:18,180,48,7.6552,21337,1,21 James Street to Hub,268623,E Willow St & N Salina St,Sy 20,2025-12-01 12:45:18+00:00,,2025-12-01 12:47:31.720281085+00:00,2232,,,133,2025-12-01
1759915, 7:46:00,174,49,7.7802,21337,1,21 James Street to Hub,268623,N Salina St & W Genesee St,Sy 20,2025-12-01 12:46:00+00:00,2025-12-01 12:48:01+00:00,2025-12-01 12:48:01+00:00,2232,43.05177688598633,-76.15215301513672,121,2025-12-01
1759915, 7:47:49,99,50,7.9693,21337,1,21 James Street to Hub,268623,S Salina St & Washington St,Sy 20,2025-12-01 12:47:49+00:00,2025-12-01 12:49:01+00:00,2025-12-01 12:49:01+00:00,2232,43.04861577351888,-76.15222930908203,72,2025-12-01
1759915, 7:50:52,7987,51,8.2863,21337,1,21 James Street to Hub,268623,S Salina St & W Jefferson St,Sy 20,2025-12-01 12:50:52+00:00,2025-12-01 12:50:01+00:00,2025-12-01 12:50:01+00:00,2232,43.04673246903853,-76.15225219726562,-51,2025-12-01
1759915, 7:55:00,17645,52,8.7118,21337,1,21 James Street to Hub,268623,A6,Sy 20,2025-12-01 12:55:00+00:00,2025-12-01 12:53:02+00:00,2025-12-01 12:53:02+00:00,2232,43.04331833333333,-76.15157666666667,-118,2025-12-01
1759916, 7:35:00,3645,1,,21337,1,21 James Street to Hub,268622,Conklin St & Glencove Rd,Sy 20,2025-12-01 12:35:00+00:00,,,,,,,2025-12-01
1759916, 7:35:25,8111,2,0.1101,21337,1,21 James Street to Hub,268622,Glencove Rd & Boston St,Sy 20,2025-12-01 12:35:25+00:00,,,,,,,2025-12-01
1759916, 7:35:47,8112,3,0.2093,21337,1,21 James Street to Hub,268622,Glencove Rd & Burns Ave,Sy 20,2025-12-01 12:35:47+00:00,,,,,,,2025-12-01
1759916, 7:36:08,8113,4,0.3055,21337,1,21 James Street to Hub,268622,Glencove Rd & Clover Ridge Dr,Sy 20,2025-12-01 12:36:08+00:00,,,,,,,2025-12-01
1759916, 7:36:30,8114,5,0.4059,21337,1,21 James Street to Hub,268622,Glencove Rd & Ridgewood Dr,Sy 20,2025-12-01 12:36:30+00:00,2025-12-01 12:40:02+00:00,2025-12-01 12:40:02+00:00,2475,43.06463623046875,-76.09458923339844,212,2025-12-01
1759916, 7:36:57,8115,6,0.5271,21337,1,21 James Street to Hub,268622,S Glencove Rd & Aberdeen Ter,Sy 20,2025-12-01 12:36:57+00:00,,2025-12-01 12:40:19.565217391+00:00,2475,,,202,2025-12-01
1759916, 7:37:26,8118,7,0.6577,21337,1,21 James Street to Hub,268622,S Glencove Rd & Culver Dr,Sy 20,2025-12-01 12:37:26+00:00,,2025-12-01 12:40:38.492753623+00:00,2475,,,192,2025-12-01
1759916, 7:38:01,8120,8,0.8130,21337,1,21 James Street to Hub,268622,S Glencove Rd & Plymouth Dr,Sy 20,2025-12-01 12:38:01+00:00,2025-12-01 12:41:01+00:00,2025-12-01 12:41:01+00:00,2475,43.063961029052734,-76.09871673583984,180,2025-12-01
1759916, 7:38:49,2544,9,1.0248,21337,1,21 James Street to Hub,268622,Plymouth Dr & Sunnycrest Rd,Sy 20,2025-12-01 12:38:49+00:00,,2025-12-01 12:41:42.246348588+00:00,2475,,,173,2025-12-01
1759916, 7:39:10,8119,10,1.1211,21337,1,21 James Street to Hub,268622,Sunnycrest Rd & Cresline Dr,Sy 20,2025-12-01 12:39:10+00:00,2025-12-01 12:42:01+00:00,2025-12-01 12:42:01+00:00,2475,43.06218338012695,-76.09944152832031,171,2025-12-01
1759916, 7:39:30,8116,11,1.2133,21337,1,21 James Street to Hub,268622,Sunnycrest Rd & Mosley Dr,Sy 20,2025-12-01 12:39:30+00:00,,2025-12-01 12:42:28.591022443+00:00,2475,,,178,2025-12-01
1759916, 7:40:00,8117,12,1.3216,21337,1,21 James Street to Hub,268622,Sunnycrest Rd & Champlain Dr,Sy 20,2025-12-01 12:40:00+00:00,2025-12-01 12:43:01+00:00,2025-12-01 12:43:01+00:00,2475,43.06205642223358,-76.10133969783783,181,2025-12-01
1759916, 7:40:31,6566,13,1.4259,21337,1,21 James Street to Hub,268622,Sunnycrest Rd & Nichols Ave,Sy 20,2025-12-01 12:40:31+00:00,,2025-12-01 12:43:16.574912891+00:00,2475,,,165,2025-12-01
1759916, 7:41:00,10237,14,1.5210,21337,1,21 James Street to Hub,268622,Sunnycrest Rd & S Midler Ave,Sy 20,2025-12-01 12:41:00+00:00,,2025-12-01 12:43:30.776007964+00:00,2475,,,150,2025-12-01
1759916, 7:41:23,6555,15,1.6252,21337,1,21 James Street to Hub,268622,Sunnycrest Rd & S Edwards Ave,Sy 20,2025-12-01 12:41:23+00:00,,2025-12-01 12:43:46.335988053+00:00,2475,,,143,2025-12-01
1759916, 7:41:45,6547,16,1.7234,21337,1,21 James Street to Hub,268622,Sunnycrest Rd & S Collingwood Ave,Sy 20,2025-12-01 12:41:45+00:00,2025-12-01 12:44:01+00:00,2025-12-01 12:44:01+00:00,2475,43.061818173057155,-76.1063461303711,136,2025-12-01
1759916, 7:42:07,6539,17,1.8227,21337,1,21 James Street to Hub,268622,Sunnycrest Rd & Hillsdale Ave,Sy 20,2025-12-01 12:42:07+00:00,,2025-12-01 12:44:20.540833060+00:00,2475,,,133,2025-12-01
1759916, 7:42:29,6531,18,1.9238,21337,1,21 James Street to Hub,268622,Sunnycrest Rd & Woodbine Ave,Sy 20,2025-12-01 12:42:29+00:00,,2025-12-01 12:44:40.435880616+00:00,2475,,,131,2025-12-01
1759916, 7:42:52,6524,19,2.0283,21337,1,21 James Street to Hub,268622,Sunnycrest Rd & Forest Hill Dr,Sy 20,2025-12-01 12:42:52+00:00,2025-12-01 12:45:01+00:00,2025-12-01 12:45:01+00:00,2475,43.0616279134945,-76.1100684963927,129,2025-12-01
1759916, 7:43:17,6495,20,2.1415,21337,1,21 James Street to Hub,268622,Sunnycrest Rd & Stafford Ave,Sy 20,2025-12-01 12:43:17+00:00,,2025-12-01 12:45:16.563703024+00:00,2475,,,119,2025-12-01
1759916, 7:43:42,6491,21,2.2539,21337,1,21 James Street to Hub,268622,Sunnycrest Rd & Hickok Ave,Sy 20,2025-12-01 12:43:42+00:00,,2025-12-01 12:45:32.017415215+00:00,2475,,,110,2025-12-01
1759916, 7:44:29,8124,22,2.4647,21337,1,21 James Street to Hub,268622,Shotwell Park & 261 Shotwell Park,Sy 20,2025-12-01 12:44:29+00:00,2025-12-01 12:46:01+00:00,2025-12-01 12:46:01+00:00,2475,43.06204651341294,-76.11491972027403,92,2025-12-01
1759916, 7:45:22,6490,23,2.7017,21337,1,21 James Street to Hub,268622,Shotwell Park & Melrose Ave,Sy 20,2025-12-01 12:45:22+00:00,,2025-12-01 12:46:25.860139860+00:00,2475,,,63,2025-12-01
1759916, 7:46:37,8125,24,3.0367,21337,1,21 James Street to Hub,268622,Shotwell Park & 139 Shotwell Park,Sy 20,2025-12-01 12:46:37+00:00,2025-12-01 12:47:01+00:00,2025-12-01 12:47:01+00:00,2475,43.067179465780455,-76.11535955935108,24,2025-12-01
1759916, 7:47:00,500,25,3.1209,21337,1,21 James Street to Hub,268622,Shotwell Park & James St,Sy 20,2025-12-01 12:47:00+00:00,2025-12-01 12:48:01+00:00,2025-12-01 12:48:01+00:00,2475,43.067688542027625,-76.11724951959425,61,2025-12-01
1759916, 7:48:07,484,26,3.4421,21337,1,21 James Street to Hub,268622,James St & Peck Ave,Sy 20,2025-12-01 12:48:07+00:00,,2025-12-01 12:48:23.474635568+00:00,2475,,,16,2025-12-01
1759916, 7:48:36,483,27,3.5819,21337,1,21 James Street to Hub,268622,James St & Rugby Rd,Sy 20,2025-12-01 12:48:36+00:00,,2025-12-01 12:48:33.256559766+00:00,2475,,,-2,2025-12-01
1759916, 7:49:59,6215,28,3.9784,21337,1,21 James Street to Hub,268622,Teall Ave & Eldorado St,Sy 20,2025-12-01 12:49:59+00:00,2025-12-01 12:49:01+00:00,2025-12-01 12:49:01+00:00,2475,43.06466360653148,-76.12267572739545,-58,2025-12-01
1759916, 7:50:19,6211,29,4.0755,21337,1,21 James Street to Hub,268622,Teall Ave & Shuart Ave,Sy 20,2025-12-01 12:50:19+00:00,,2025-12-01 12:49:21.485232067+00:00,2475,,,-57,2025-12-01
1759916, 7:50:34,6205,30,4.1497,21337,1,21 James Street to Hub,268622,Teall Ave & Mariposa St,Sy 20,2025-12-01 12:50:34+00:00,,2025-12-01 12:49:37.139240506+00:00,2475,,,-56,2025-12-01
1759916, 7:50:57,6201,31,4.2628,21337,1,21 James Street to Hub,268622,Teall Ave & Boyden St,Sy 20,2025-12-01 12:50:57+00:00,2025-12-01 12:50:01+00:00,2025-12-01 12:50:01+00:00,2475,43.06153537916101,-76.1224484650985,-56,2025-12-01
1759916, 7:51:18,6195,32,4.3650,21337,1,21 James Street to Hub,268622,Teall Ave & Schuler St,Sy 20,2025-12-01 12:51:18+00:00,,2025-12-01 12:50:13.493887530+00:00,2475,,,-64,2025-12-01
1759916, 7:52:39,2478,33,4.7536,21337,1,21 James Street to Hub,268622,Robinson St & Winton St,Sy 20,2025-12-01 12:52:39+00:00,2025-12-01 12:51:01+00:00,2025-12-01 12:51:01+00:00,2475,43.058192211648695,-76.1229304438052,-98,2025-12-01
1759916, 7:53:00,2475,34,4.8548,21337,1,21 James Street to Hub,268622,Winton St & Herbst Ave,Sy 20,2025-12-01 12:53:00+00:00,,2025-12-01 12:51:32.494855967+00:00,2475,,,-87,2025-12-01
1759916, 7:53:21,2471,35,4.9549,21337,1,21 James Street to Hub,268622,Herbst Ave & Vine St,Sy 20,2025-12-01 12:53:21+00:00,,2025-12-01 12:52:03.647376543+00:00,2475,,,-77,2025-12-01
1759916, 7:54:00,6070,36,5.1424,21337,1,21 James Street to Hub,268622,Pattison St & Boyden St,Sy 20,2025-12-01 12:54:00+00:00,2025-12-01 12:53:02+00:00,2025-12-01 12:53:02+00:00,2475,43.059051231101705,-76.12726875587747,-58,2025-12-01
1759916, 7:54:21,2455,37,5.2426,21337,1,21 James Street to Hub,268622,Pattison St & Shuart Ave,Sy 20,2025-12-01 12:54:21+00:00,,2025-12-01 12:53:31.918016194+00:00,2475,,,-49,2025-12-01
1759916, 7:54:41,2431,38,5.3400,21337,1,21 James Street to Hub,268622,Shuart Ave & Sedgwick St,Sy 20,2025-12-01 12:54:41+00:00,2025-12-01 12:54:01+00:00,2025-12-01 12:54:01+00:00,2475,43.06003044128418,-76.12875671386719,-40,2025-12-01
1759916, 7:55:36,451,39,5.6054,21337,1,21 James Street to Hub,268622,James St & Dewitt St,Sy 20,2025-12-01 12:55:36+00:00,2025-12-01 12:55:01+00:00,2025-12-01 12:55:01+00:00,2475,43.06086471232962,-76.13027028834566,-35,2025-12-01
1759916, 7:57:00,447,40,5.9691,21337,1,21 James Street to Hub,268622,James St & Oak St,Sy 20,2025-12-01 12:57:00+00:00,2025-12-01 12:56:01+00:00,2025-12-01 12:56:01+00:00,2475,43.05935890197754,-76.13424987792969,-59,2025-12-01
1759916, 7:57:28,6678,41,6.0634,21337,1,21 James Street to Hub,268622,James St & Bryant and Stratton College,Sy 20,2025-12-01 12:57:28+00:00,,2025-12-01 12:56:21.649635036+00:00,2475,,,-66,2025-12-01
1759916, 7:58:43,443,42,6.3169,21337,1,21 James Street to Hub,268622,James St & Highland St,Sy 20,2025-12-01 12:58:43+00:00,,2025-12-01 12:57:17.160583941+00:00,2475,,,-85,2025-12-01
1759916, 7:59:42,438,43,6.5171,21337,1,21 James Street to Hub,268622,James St & Lodi St,Sy 20,2025-12-01 12:59:42+00:00,2025-12-01 12:58:01+00:00,2025-12-01 12:58:01+00:00,2475,43.056492124285015,-76.14009039742606,-101,2025-12-01
1759916, 8:00:52,10928,44,6.7545,21337,1,21 James Street to Hub,268622,James St & Catherine St,Sy 20,2025-12-01 13:00:52+00:00,2025-12-01 12:59:00+00:00,2025-12-01 12:59:00+00:00,2475,43.055255964690566,-76.14261687035655,-112,2025-12-01
1759916, 8:01:34,431,45,6.8965,21337,1,21 James Street to Hub,268622,James St & N McBride St,Sy 20,2025-12-01 13:01:34+00:00,,2025-12-01 12:59:31.175637393+00:00,2475,,,-122,2025-12-01
1759916, 8:02:15,425,46,7.0369,21337,1,21 James Street to Hub,268622,James St & N Townsend St,Sy 20,2025-12-01 13:02:15+00:00,2025-12-01 13:00:02+00:00,2025-12-01 13:00:02+00:00,2475,43.05389341760854,-76.14538699290792,-133,2025-12-01
1759916, 8:03:23,426,47,7.2679,21337,1,21 James Street to Hub,268622,James St & N State St,Sy 20,2025-12-01 13:03:23+00:00,2025-12-01 13:01:01+00:00,2025-12-01 13:01:01+00:00,2475,43.05273951654849,-76.14773106229478,-142,2025-12-01
1759916, 8:05:18,180,48,7.6552,21337,1,21 James Street to Hub,268622,E Willow St & N Salina St,Sy 20,2025-12-01 13:05:18+00:00,,2025-12-01 13:03:17.080421627+00:00,2475,,,-120,2025-12-01
1759916, 8:06:00,174,49,7.7802,21337,1,21 James Street to Hub,268622,N Salina St & W Genesee St,Sy 20,2025-12-01 13:06:00+00:00,2025-12-01 13:04:01+00:00,2025-12-01 13:04:01+00:00,2475,43.05178531847502,-76.15215301513672,-119,2025-12-01
1759916, 8:07:21,99,50,7.9693,21337,1,21 James Street to Hub,268622,S Salina St & Washington St,Sy 20,2025-12-01 13:07:21+00:00,2025-12-01 13:05:01+00:00,2025-12-01 13:05:01+00:00,2475,43.04893548148019,-76.1522216796875,-140,2025-12-01
1759916, 8:09:37,7987,51,8.2863,21337,1,21 James Street to Hub,268622,S Salina St & W Jefferson St,Sy 20,2025-12-01 13:09:37+00:00,2025-12-01 13:07:01+00:00,2025-12-01 13:07:01+00:00,2475,43.04610951741537,-76.15225728352864,-156,2025-12-01
1759916, 8:15:00,17651,52,9.0324,21337,1,21 James Street to Hub,268622,B12,Sy 20,2025-12-01 13:15:00+00:00,2025-12-01 13:11:01+00:00,2025-12-01 13:11:01+00:00,2475,43.043685,-76.15153166666667,-239,2025-12-01
1759917, 8:55:00,3645,1,,21337,1,21 James Street to Hub,268622,Conklin St & Glencove Rd,Sy 20,2025-12-01 13:55:00+00:00,2025-12-01 14:00:01+00:00,2025-12-01 14:00:01+00:00,2475,43.06488037109375,-76.08920288085938,301,2025-12-01
1759917, 8:55:25,8111,2,0.1101,21337,1,21 James Street to Hub,268622,Glencove Rd & Boston St,Sy 20,2025-12-01 13:55:25+00:00,,2025-12-01 14:00:16.250000+00:00,2475,,,291,2025-12-01
1759917, 8:55:47,8112,3,0.2093,21337,1,21 James Street to Hub,268622,Glencove Rd & Burns Ave,Sy 20,2025-12-01 13:55:47+00:00,,2025-12-01 14:00:31.500000+00:00,2475,,,284,2025-12-01
1759917, 8:56:08,8113,4,0.3055,21337,1,21 James Street to Hub,268622,Glencove Rd & Clover Ridge Dr,Sy 20,2025-12-01 13:56:08+00:00,,2025-12-01 14:00:46.750000+00:00,2475,,,278,2025-12-01
1759917, 8:56:30,8114,5,0.4059,21337,1,21 James Street to Hub,268622,Glencove Rd & Ridgewood Dr,Sy 20,2025-12-01 13:56:30+00:00,2025-12-01 14:01:02+00:00,2025-12-01 14:01:02+00:00,2475,43.06468963623047,-76.0933837890625,272,2025-12-01
1759917, 8:56:57,8115,6,0.5271,21337,1,21 James Street to Hub,268622,S Glencove Rd & Aberdeen Ter,Sy 20,2025-12-01 13:56:57+00:00,,2025-12-01 14:01:19.267501842+00:00,2475,,,262,2025-12-01
1759917, 8:57:26,8118,7,0.6577,21337,1,21 James Street to Hub,268622,S Glencove Rd & Culver Dr,Sy 20,2025-12-01 13:57:26+00:00,,2025-12-01 14:01:37.874232375+00:00,2475,,,251,2025-12-01
1759917, 8:58:01,8120,8,0.8130,21337,1,21 James Street to Hub,268622,S Glencove Rd & Plymouth Dr,Sy 20,2025-12-01 13:58:01+00:00,2025-12-01 14:02:00+00:00,2025-12-01 14:02:00+00:00,2475,43.064090728759766,-76.09786224365234,239,2025-12-01
1759917, 8:58:49,2544,9,1.0248,21337,1,21 James Street to Hub,268622,Plymouth Dr & Sunnycrest Rd,Sy 20,2025-12-01 13:58:49+00:00,,2025-12-01 14:02:32.275293529+00:00,2475,,,223,2025-12-01
1759917, 8:59:10,8119,10,1.1211,21337,1,21 James Street to Hub,268622,Sunnycrest Rd & Cresline Dr,Sy 20,2025-12-01 13:59:10+00:00,,2025-12-01 14:02:46.950037471+00:00,2475,,,216,2025-12-01
1759917, 8:59:30,8116,11,1.2133,21337,1,21 James Street to Hub,268622,Sunnycrest Rd & Mosley Dr,Sy 20,2025-12-01 13:59:30+00:00,2025-12-01 14:03:01+00:00,2025-12-01 14:03:01+00:00,2475,43.062110900878906,-76.10001373291016,211,2025-12-01
1759917, 9:00:00,8117,12,1.3216,21337,1,21 James Street to Hub,268622,Sunnycrest Rd & Champlain Dr,Sy 20,2025-12-01 14:00:00+00:00,,2025-12-01 14:03:22.469938251+00:00,2475,,,202,2025-12-01
1759917, 9:00:31,6566,13,1.4259,21337,1,21 James Street to Hub,268622,Sunnycrest Rd & Nichols Ave,Sy 20,2025-12-01 14:00:31+00:00,,2025-12-01 14:03:43.146896327+00:00,2475,,,192,2025-12-01
1759917, 9:01:00,10237,14,1.5210,21337,1,21 James Street to Hub,268622,Sunnycrest Rd & S Midler Ave,Sy 20,2025-12-01 14:01:00+00:00,2025-12-01 14:04:02+00:00,2025-12-01 14:04:02+00:00,2475,43.06193542480469,-76.10385131835938,182,2025-12-01
1759917, 9:01:23,6555,15,1.6252,21337,1,21 James Street to Hub,268622,Sunnycrest Rd & S Edwards Ave,Sy 20,2025-12-01 14:01:23+00:00,,2025-12-01 14:04:22.722572091+00:00,2475,,,179,2025-12-01
1759917, 9:01:45,6547,16,1.7234,21337,1,21 James Street to Hub,268622,Sunnycrest Rd & S Collingwood Ave,Sy 20,2025-12-01 14:01:45+00:00,,2025-12-01 14:04:42.251905866+00:00,2475,,,177,2025-12-01
1759917, 9:02:07,6539,17,1.8227,21337,1,21 James Street to Hub,268622,Sunnycrest Rd & Hillsdale Ave,Sy 20,2025-12-01 14:02:07+00:00,2025-12-01 14:05:02+00:00,2025-12-01 14:05:02+00:00,2475,43.06178283691406,-76.10808563232422,175,2025-12-01
1759917, 9:02:29,6531,18,1.9238,21337,1,21 James Street to Hub,268622,Sunnycrest Rd & Woodbine Ave,Sy 20,2025-12-01 14:02:29+00:00,,2025-12-01 14:05:20.710476787+00:00,2475,,,171,2025-12-01
1759917, 9:02:52,6524,19,2.0283,21337,1,21 James Street to Hub,268622,Sunnycrest Rd & Forest Hill Dr,Sy 20,2025-12-01 14:02:52+00:00,,2025-12-01 14:05:40.050188205+00:00,2475,,,168,2025-12-01
1759917, 9:03:17,6495,20,2.1415,21337,1,21 James Street to Hub,268622,Sunnycrest Rd & Stafford Ave,Sy 20,2025-12-01 14:03:17+00:00,2025-12-01 14:06:01+00:00,2025-12-01 14:06:01+00:00,2475,43.061553955078125,-76.11155700683594,164,2025-12-01
1759917, 9:03:42,6491,21,2.2539,21337,1,21 James Street to Hub,268622,Sunnycrest Rd & Hickok Ave,Sy 20,2025-12-01 14:03:42+00:00,,2025-12-01 14:06:13.038557657+00:00,2475,,,151,2025-12-01
1759917, 9:04:29,8124,22,2.4647,21337,1,21 James Street to Hub,268622,Shotwell Park & 261 Shotwell Park,Sy 20,2025-12-01 14:04:29+00:00,,2025-12-01 14:06:35.616208496+00:00,2475,,,126,2025-12-01
1759917, 9:05:22,6490,23,2.7017,21337,1,21 James Street to Hub,268622,Shotwell Park & Melrose Ave,Sy 20,2025-12-01 14:05:22+00:00,2025-12-01 14:07:01+00:00,2025-12-01 14:07:01+00:00,2475,43.064178466796875,-76.11509704589844,99,2025-12-01
1759917, 9:06:37,8125,24,3.0367,21337,1,21 James Street to Hub,268622,Shotwell Park & 139 Shotwell Park,Sy 20,2025-12-01 14:06:37+00:00,,2025-12-01 14:07:48.948473282+00:00,2475,,,71,2025-12-01
1759917, 9:07:00,500,25,3.1209,21337,1,21 James Street to Hub,268622,Shotwell Park & James St,Sy 20,2025-12-01 14:07:00+00:00,2025-12-01 14:08:01+00:00,2025-12-01 14:08:01+00:00,2475,43.06787109375,-76.11560821533203,61,2025-12-01
1759917, 9:08:07,484,26,3.4421,21337,1,21 James Street to Hub,268622,James St & Peck Ave,Sy 20,2025-12-01 14:08:07+00:00,,2025-12-01 14:08:45.949271137+00:00,2475,,,38,2025-12-01
1759917, 9:08:36,483,27,3.5819,21337,1,21 James Street to Hub,268622,James St & Rugby Rd,Sy 20,2025-12-01 14:08:36+00:00,,2025-12-01 14:09:05.513119533+00:00,2475,,,29,2025-12-01
1759917, 9:09:59,6215,28,3.9784,21337,1,21 James Street to Hub,268622,Teall Ave & Eldorado St,Sy 20,2025-12-01 14:09:59+00:00,2025-12-01 14:10:01+00:00,2025-12-01 14:10:01+00:00,2475,43.06507873535156,-76.12257385253906,2,2025-12-01
1759917, 9:10:19,6211,29,4.0755,21337,1,21 James Street to Hub,268622,Teall Ave & Shuart Ave,Sy 20,2025-12-01 14:10:19+00:00,,2025-12-01 14:10:31.139679255+00:00,2475,,,12,2025-12-01
1759917, 9:10:34,6205,30,4.1497,21337,1,21 James Street to Hub,268622,Teall Ave & Mariposa St,Sy 20,2025-12-01 14:10:34+00:00,,2025-12-01 14:10:54.171236420+00:00,2475,,,20,2025-12-01
1759917, 9:10:57,6201,31,4.2628,21337,1,21 James Street to Hub,268622,Teall Ave & Boyden St,Sy 20,2025-12-01 14:10:57+00:00,,2025-12-01 14:11:29.277289187+00:00,2475,,,32,2025-12-01
1759917, 9:11:18,6195,32,4.3650,21337,1,21 James Street to Hub,268622,Teall Ave & Schuler St,Sy 20,2025-12-01 14:11:18+00:00,2025-12-01 14:12:01+00:00,2025-12-01 14:12:01+00:00,2475,43.059669494628906,-76.12230682373047,43,2025-12-01
1759917, 9:12:39,2478,33,4.7536,21337,1,21 James Street to Hub,268622,Robinson St & Winton St,Sy 20,2025-12-01 14:12:39+00:00,,2025-12-01 14:12:48.603103307+00:00,2475,,,9,2025-12-01
1759917, 9:13:00,2475,34,4.8548,21337,1,21 James Street to Hub,268622,Winton St & Herbst Ave,Sy 20,2025-12-01 14:13:00+00:00,2025-12-01 14:13:01+00:00,2025-12-01 14:13:01+00:00,2475,43.058584386652164,-76.12445605884899,1,2025-12-01
1759917, 9:13:21,2471,35,4.9549,21337,1,21 James Street to Hub,268622,Herbst Ave & Vine St,Sy 20,2025-12-01 14:13:21+00:00,,2025-12-01 14:13:21.883171070+00:00,2475,,,0,2025-12-01
1759917, 9:14:00,6070,36,5.1424,21337,1,21 James Street to Hub,268622,Pattison St & Boyden St,Sy 20,2025-12-01 14:14:00+00:00,2025-12-01 14:14:01+00:00,2025-12-01 14:14:01+00:00,2475,43.05957530095027,-76.12771449944911,1,2025-12-01
1759917, 9:14:21,2455,37,5.2426,21337,1,21 James Street to Hub,268622,Pattison St & Shuart Ave,Sy 20,2025-12-01 14:14:21+00:00,,2025-12-01 14:14:31.932186234+00:00,2475,,,10,2025-12-01
1759917, 9:14:41,2431,38,5.3400,21337,1,21 James Street to Hub,268622,Shuart Ave & Sedgwick St,Sy 20,2025-12-01 14:14:41+00:00,2025-12-01 14:15:02+00:00,2025-12-01 14:15:02+00:00,2475,43.059790973005626,-76.12934388785527,21,2025-12-01
1759917, 9:15:36,451,39,5.6054,21337,1,21 James Street to Hub,268622,James St & Dewitt St,Sy 20,2025-12-01 14:15:36+00:00,2025-12-01 14:16:01+00:00,2025-12-01 14:16:01+00:00,2475,43.06072213914659,-76.13145489162869,25,2025-12-01
1759917, 9:17:00,447,40,5.9691,21337,1,21 James Street to Hub,268622,James St & Oak St,Sy 20,2025-12-01 14:17:00+00:00,2025-12-01 14:17:01+00:00,2025-12-01 14:17:01+00:00,2475,43.059019955721766,-76.13497508655895,1,2025-12-01
1759917, 9:17:28,6678,41,6.0634,21337,1,21 James Street to Hub,268622,James St & Bryant and Stratton College,Sy 20,2025-12-01 14:17:28+00:00,,2025-12-01 14:17:11.324817518+00:00,2475,,,-16,2025-12-01
1759917, 9:18:43,443,42,6.3169,21337,1,21 James Street to Hub,268622,James St & Highland St,Sy 20,2025-12-01 14:18:43+00:00,,2025-12-01 14:17:39.080291970+00:00,2475,,,-63,2025-12-01
1759917, 9:19:42,438,43,6.5171,21337,1,21 James Street to Hub,268622,James St & Lodi St,Sy 20,2025-12-01 14:19:42+00:00,2025-12-01 14:18:01+00:00,2025-12-01 14:18:01+00:00,2475,43.05648899078369,-76.14009666442871,-101,2025-12-01
1759917, 9:20:52,10928,44,6.7545,21337,1,21 James Street to Hub,268622,James St & Catherine St,Sy 20,2025-12-01 14:20:52+00:00,2025-12-01 14:19:01+00:00,2025-12-01 14:19:01+00:00,2475,43.05491091753986,-76.14331673287056,-111,2025-12-01
1759917, 9:21:34,431,45,6.8965,21337,1,21 James Street to Hub,268622,James St & N McBride St,Sy 20,2025-12-01 14:21:34+00:00,,2025-12-01 14:19:17.595247370+00:00,2475,,,-136,2025-12-01
1759917, 9:22:15,425,46,7.0369,21337,1,21 James Street to Hub,268622,James St & N Townsend St,Sy 20,2025-12-01 14:22:15+00:00,,2025-12-01 14:19:34.003506038+00:00,2475,,,-160,2025-12-01
1759917, 9:23:23,426,47,7.2679,21337,1,21 James Street to Hub,268622,James St & N State St,Sy 20,2025-12-01 14:23:23+00:00,2025-12-01 14:20:01+00:00,2025-12-01 14:20:01+00:00,2475,43.05247116088867,-76.14842224121094,-202,2025-12-01
1759917, 9:25:18,180,48,7.6552,21337,1,21 James Street to Hub,268622,E Willow St & N Salina St,Sy 20,2025-12-01 14:25:18+00:00,,2025-12-01 14:20:46.360140542+00:00,2475,,,-271,2025-12-01
1759917, 9:26:00,174,49,7.7802,21337,1,21 James Street to Hub,268622,N Salina St & W Genesee St,Sy 20,2025-12-01 14:26:00+00:00,2025-12-01 14:21:01+00:00,2025-12-01 14:21:01+00:00,2475,43.05178812930458,-76.15215301513672,-299,2025-12-01
1759917, 9:27:21,99,50,7.9693,21337,1,21 James Street to Hub,268622,S Salina St & Washington St,Sy 20,2025-12-01 14:27:21+00:00,2025-12-01 14:25:01+00:00,2025-12-01 14:25:01+00:00,2475,43.049351283482146,-76.15221477690197,-140,2025-12-01
1759917, 9:29:37,7987,51,8.2863,21337,1,21 James Street to Hub,268622,S Salina St & W Jefferson St,Sy 20,2025-12-01 14:29:37+00:00,2025-12-01 14:26:01+00:00,2025-12-01 14:26:01+00:00,2475,43.047327215021305,-76.15223693847656,-216,2025-12-01
1759917, 9:35:00,17651,52,9.0324,21337,1,21 James Street to Hub,268622,B12,Sy 20,2025-12-01 14:35:00+00:00,2025-12-01 14:32:01+00:00,2025-12-01 14:32:01+00:00,2475,43.043705,-76.15152666666667,-179,2025-12-01
1759918, 7:48:00,18236,1,,21337,1,220 James St - To Hub,268620,William Barry Blvd & Taft Rd,Sy 20,2025-12-01 12:48:00+00:00,2025-12-01 12:52:02+00:00,2025-12-01 12:52:02+00:00,1802,43.123687744140625,-76.10477447509766,242,2025-12-01
1759918, 7:48:32,18250,2,0.2785,21337,1,220 James St - To Hub,268620,William Barry Blvd & Stewart Dr,Sy 20,2025-12-01 12:48:32+00:00,2025-12-01 12:53:02+00:00,2025-12-01 12:53:02+00:00,1802,43.12186050415039,-76.1043930053711,270,2025-12-01
1759918, 7:49:07,18256,3,0.5831,21337,1,220 James St - To Hub,268620,Stewart Dr & Sage Pl,Sy 20,2025-12-01 12:49:07+00:00,,2025-12-01 12:53:35.078225658+00:00,1802,,,268,2025-12-01
1759918, 7:49:34,18257,4,0.8218,21337,1,220 James St - To Hub,268620,Stewart Dr & Thompson Rd,Sy 20,2025-12-01 12:49:34+00:00,2025-12-01 12:54:01+00:00,2025-12-01 12:54:01+00:00,1802,43.121490478515625,-76.0976791381836,267,2025-12-01
1759918, 7:50:01,18276,5,1.0595,21337,1,220 James St - To Hub,268620,Stewart Dr & Ethan Allen St,Sy 20,2025-12-01 12:50:01+00:00,,2025-12-01 12:54:16.974462365+00:00,1802,,,255,2025-12-01
1759918, 7:50:22,18258,6,1.2430,21337,1,220 James St - To Hub,268620,Stewart Dr & Caswell St W,Sy 20,2025-12-01 12:50:22+00:00,,2025-12-01 12:54:29.306451612+00:00,1802,,,247,2025-12-01
1759918, 7:50:53,18259,7,1.5168,21337,1,220 James St - To Hub,268620,Performance Dr & Hancock Dr,Sy 20,2025-12-01 12:50:53+00:00,,2025-12-01 12:54:47.706989247+00:00,1802,,,234,2025-12-01
1759918, 7:51:15,18260,8,1.7146,21337,1,220 James St - To Hub,268620,Performace Dr & E Taft Rd,Sy 20,2025-12-01 12:51:15+00:00,2025-12-01 12:55:01+00:00,2025-12-01 12:55:01+00:00,1802,43.12405014038086,-76.09052276611328,226,2025-12-01
1759918, 7:52:06,18261,9,2.1624,21337,1,220 James St - To Hub,268620,E Taft Rd & Hancock Dr,Sy 20,2025-12-01 12:52:06+00:00,2025-12-01 12:56:01+00:00,2025-12-01 12:56:01+00:00,1802,43.126434326171875,-76.08723449707031,235,2025-12-01
1759918, 7:53:07,18262,10,2.6905,21337,1,220 James St - To Hub,268620,E Taft Rd & Northern Blvd,Sy 20,2025-12-01 12:53:07+00:00,2025-12-01 12:57:01+00:00,2025-12-01 12:57:01+00:00,1802,43.1279182434082,-76.08025360107422,234,2025-12-01
1759918, 7:54:15,18263,11,3.2822,21337,1,220 James St - To Hub,268620,Schuyler Rd & E Taft Rd,Sy 20,2025-12-01 12:54:15+00:00,2025-12-01 12:58:01+00:00,2025-12-01 12:58:01+00:00,1802,43.12784957885742,-76.07501220703125,226,2025-12-01
1759918, 7:55:02,18264,12,3.6929,21337,1,220 James St - To Hub,268620,Schuyler Rd & Terminal Rd,Sy 20,2025-12-01 12:55:02+00:00,2025-12-01 12:59:00+00:00,2025-12-01 12:59:00+00:00,1802,43.12316131591797,-76.07319641113281,238,2025-12-01
1759918, 7:58:01,18265,13,5.2454,21337,1,220 James St - To Hub,268620,Schuyler Rd & Badgley Rd,Sy 20,2025-12-01 12:58:01+00:00,,2025-12-01 13:00:32.206596966+00:00,1802,,,151,2025-12-01
1759918, 7:58:57,18266,14,5.7302,21337,1,220 James St - To Hub,268620,Schuyler Rd & Canada Dr,Sy 20,2025-12-01 12:58:57+00:00,2025-12-01 13:01:01+00:00,2025-12-01 13:01:01+00:00,1802,43.1060791015625,-76.07270812988281,124,2025-12-01
1759918, 7:59:47,18267,15,6.1700,21337,1,220 James St - To Hub,268620,Schuyler Rd & Collamer Rd,Sy 20,2025-12-01 12:59:47+00:00,2025-12-01 13:02:01+00:00,2025-12-01 13:02:01+00:00,1802,43.101409912109375,-76.07345581054688,134,2025-12-01
1759918, 8:01:34,18268,16,7.0970,21337,1,220 James St - To Hub,268620,Kinne St & Old Collamer Rd,Sy 20,2025-12-01 13:01:34+00:00,2025-12-01 13:03:01+00:00,2025-12-01 13:03:01+00:00,1802,43.09968185424805,-76.07929229736328,87,2025-12-01
1759918, 8:03:00,7445,17,7.7664,21337,1,220 James St - To Hub,268620,E Molloy Rd & Corporate Dr,Sy 20,2025-12-01 13:03:00+00:00,2025-12-01 13:05:01+00:00,2025-12-01 13:05:01+00:00,1802,43.09967876125027,-76.08876181937553,121,2025-12-01
1759918, 8:04:09,18269,18,8.4638,21337,1,220 James St - To Hub,268620,E Molloy Rd & Thompson Rd,Sy 20,2025-12-01 13:04:09+00:00,,2025-12-01 13:05:34.320592451+00:00,1802,,,85,2025-12-01
1759918, 8:05:04,8199,19,9.0222,21337,1,220 James St - To Hub,268620,E Molloy Rd & Air Natl Guard Base,Sy 20,2025-12-01 13:05:04+00:00,2025-12-01 13:06:01+00:00,2025-12-01 13:06:01+00:00,1802,43.09912395477295,-76.10146713256836,57,2025-12-01
1759918, 8:05:46,7431,20,9.4474,21337,1,220 James St - To Hub,268620,E Molloy Rd & Moore Rd,Sy 20,2025-12-01 13:05:46+00:00,2025-12-01 13:07:01+00:00,2025-12-01 13:07:01+00:00,1802,43.098739260718936,-76.10833728124224,75,2025-12-01
1759918, 8:11:16,2593,21,12.7560,21337,1,220 James St - To Hub,268620,Court St & Swansea Ave,Sy 20,2025-12-01 13:11:16+00:00,2025-12-01 13:11:01+00:00,2025-12-01 13:11:01+00:00,1802,43.081695,-76.119175,-15,2025-12-01
1759918, 8:12:00,2576,22,13.1768,21337,1,220 James St - To Hub,268620,New Court Ave & Marisa Hts,Sy 20,2025-12-01 13:12:00+00:00,,2025-12-01 13:12:20.209411764+00:00,1802,,,20,2025-12-01
1759918, 8:12:34,6149,23,13.3935,21337,1,220 James St - To Hub,268620,New Court Ave & Eastbourne Dr,Sy 20,2025-12-01 13:12:34+00:00,2025-12-01 13:13:01+00:00,2025-12-01 13:13:01+00:00,1802,43.07994079589844,-76.11051940917969,27,2025-12-01
1759918, 8:13:40,6155,24,13.8071,21337,1,220 James St - To Hub,268620,New Court Ave & Ashdale Ave,Sy 20,2025-12-01 13:13:40+00:00,,2025-12-01 13:13:33.639747468+00:00,1802,,,-6,2025-12-01
1759918, 8:14:35,8133,25,14.1538,21337,1,220 James St - To Hub,268620,N Midler Ave & 337 N Midler Ave,Sy 20,2025-12-01 13:14:35+00:00,2025-12-01 13:14:01+00:00,2025-12-01 13:14:01+00:00,1802,43.07460403442383,-76.10568237304688,-34,2025-12-01
1759918, 8:14:58,8134,26,14.2980,21337,1,220 James St - To Hub,268620,N Midler Ave & Coughlin Ave,Sy 20,2025-12-01 13:14:58+00:00,,2025-12-01 13:14:12.404382211+00:00,1802,,,-45,2025-12-01
1759918, 8:15:28,8135,27,14.4881,21337,1,220 James St - To Hub,268620,N Midler Ave & 255 N Midler Ave,Sy 20,2025-12-01 13:15:28+00:00,,2025-12-01 13:14:27.438869441+00:00,1802,,,-60,2025-12-01
1759918, 8:16:38,539,28,14.9251,21337,1,220 James St - To Hub,268620,James St & N Edwards Ave,Sy 20,2025-12-01 13:16:38+00:00,2025-12-01 13:15:02+00:00,2025-12-01 13:15:02+00:00,1802,43.06983184814453,-76.10543823242188,-96,2025-12-01
1759918, 8:16:52,534,29,15.0143,21337,1,220 James St - To Hub,268620,James St & N Collingwood Ave,Sy 20,2025-12-01 13:16:52+00:00,,2025-12-01 13:15:29.997194459+00:00,1802,,,-82,2025-12-01
1759918, 8:17:05,530,30,15.0955,21337,1,220 James St - To Hub,268620,James St & Ashdale Ave,Sy 20,2025-12-01 13:17:05+00:00,,2025-12-01 13:15:55.483429773+00:00,1802,,,-69,2025-12-01
1759918, 8:17:31,520,31,15.2609,21337,1,220 James St - To Hub,268620,James St & Lillian Ave,Sy 20,2025-12-01 13:17:31+00:00,,2025-12-01 13:16:47.397510082+00:00,1802,,,-43,2025-12-01
1759918, 8:17:50,516,32,15.3831,21337,1,220 James St - To Hub,268620,James St & Marlborough Rd,Sy 20,2025-12-01 13:17:50+00:00,,2025-12-01 13:17:25.752411011+00:00,1802,,,-24,2025-12-01
1759918, 8:18:08,511,33,15.4954,21337,1,220 James St - To Hub,268620,James St & North Ave,Sy 20,2025-12-01 13:18:08+00:00,2025-12-01 13:18:01+00:00,2025-12-01 13:18:01+00:00,1802,43.06855424921563,-76.11351532631733,-7,2025-12-01
1759918, 8:18:17,501,34,15.5525,21337,1,220 James St - To Hub,268620,James St & Hickok Ave,Sy 20,2025-12-01 13:18:17+00:00,2025-12-01 13:19:01+00:00,2025-12-01 13:19:01+00:00,1802,43.068526194645806,-76.11405563354492,44,2025-12-01
1759918, 8:19:00,499,35,15.7780,21337,1,220 James St - To Hub,268620,James St & Mildred Ave,Sy 20,2025-12-01 13:19:00+00:00,,2025-12-01 13:20:02.908030199+00:00,1802,,,62,2025-12-01
1759918, 8:19:28,484,36,15.9896,21337,1,220 James St - To Hub,268620,James St & Peck Ave,Sy 20,2025-12-01 13:19:28+00:00,2025-12-01 13:21:01+00:00,2025-12-01 13:21:01+00:00,1802,43.06733915540907,-76.11795383029514,93,2025-12-01
1759918, 8:19:46,483,37,16.1294,21337,1,220 James St - To Hub,268620,James St & Rugby Rd,Sy 20,2025-12-01 13:19:46+00:00,,2025-12-01 13:21:18.529780564+00:00,1802,,,92,2025-12-01
1759918, 8:20:31,470,38,16.4681,21337,1,220 James St - To Hub,268620,James St & Hampton Rd,Sy 20,2025-12-01 13:20:31+00:00,2025-12-01 13:22:01+00:00,2025-12-01 13:22:01+00:00,1802,43.06445553428248,-76.12383551346629,90,2025-12-01
1759918, 8:21:10,476,39,16.7646,21337,1,220 James St - To Hub,268620,James St & Durston Ave,Sy 20,2025-12-01 13:21:10+00:00,,2025-12-01 13:22:39.732854343+00:00,1802,,,89,2025-12-01
1759918, 8:21:31,455,40,16.9274,21337,1,220 James St - To Hub,268620,James St & Sedgwick Dr,Sy 20,2025-12-01 13:21:31+00:00,2025-12-01 13:23:01+00:00,2025-12-01 13:23:01+00:00,1802,43.06212121087152,-76.1285926200248,90,2025-12-01
1759918, 8:22:08,451,41,17.2068,21337,1,220 James St - To Hub,268620,James St & Dewitt St,Sy 20,2025-12-01 13:22:08+00:00,2025-12-01 13:24:01+00:00,2025-12-01 13:24:01+00:00,1802,43.06025575336657,-76.13241055137233,113,2025-12-01
1759918, 8:23:00,447,42,17.5704,21337,1,220 James St - To Hub,268620,James St & Oak St,Sy 20,2025-12-01 13:23:00+00:00,,2025-12-01 13:24:48.643590303+00:00,1802,,,108,2025-12-01
1759918, 8:23:18,6678,43,17.6647,21337,1,220 James St - To Hub,268620,James St & Bryant and Stratton College,Sy 20,2025-12-01 13:23:18+00:00,2025-12-01 13:25:01+00:00,2025-12-01 13:25:01+00:00,1802,43.058420181274414,-76.13615036010742,103,2025-12-01
1759918, 8:24:08,443,44,17.9182,21337,1,220 James St - To Hub,268620,James St & Highland St,Sy 20,2025-12-01 13:24:08+00:00,,2025-12-01 13:25:34.516967827+00:00,1802,,,86,2025-12-01
1759918, 8:24:47,438,45,18.1185,21337,1,220 James St - To Hub,268620,James St & Lodi St,Sy 20,2025-12-01 13:24:47+00:00,2025-12-01 13:26:01+00:00,2025-12-01 13:26:01+00:00,1802,43.05620101402546,-76.14069234913794,74,2025-12-01
1759918, 8:25:34,10928,46,18.3559,21337,1,220 James St - To Hub,268620,James St & Catherine St,Sy 20,2025-12-01 13:25:34+00:00,2025-12-01 13:27:01+00:00,2025-12-01 13:27:01+00:00,1802,43.05525820863013,-76.1426119336895,87,2025-12-01
1759918, 8:26:02,431,47,18.4979,21337,1,220 James St - To Hub,268620,James St & N McBride St,Sy 20,2025-12-01 13:26:02+00:00,2025-12-01 13:28:01+00:00,2025-12-01 13:28:01+00:00,1802,43.05450944642763,-76.1441275106894,119,2025-12-01
1759918, 8:26:29,425,48,18.6382,21337,1,220 James St - To Hub,268620,James St & N Townsend St,Sy 20,2025-12-01 13:26:29+00:00,,2025-12-01 13:28:23.287829833+00:00,1802,,,114,2025-12-01
1759918, 8:27:14,426,49,18.8693,21337,1,220 James St - To Hub,268620,James St & N State St,Sy 20,2025-12-01 13:27:14+00:00,2025-12-01 13:29:00+00:00,2025-12-01 13:29:00+00:00,1802,43.05247802734375,-76.14842783610025,106,2025-12-01
1759918, 8:28:30,180,50,19.2566,21337,1,220 James St - To Hub,268620,E Willow St & N Salina St,Sy 20,2025-12-01 13:28:30+00:00,,2025-12-01 13:30:07.375730785+00:00,1802,,,97,2025-12-01
1759918, 8:29:00,174,51,19.3816,21337,1,220 James St - To Hub,268620,N Salina St & W Genesee St,Sy 20,2025-12-01 13:29:00+00:00,,2025-12-01 13:30:29.121060886+00:00,1802,,,89,2025-12-01
1759918, 8:30:06,99,52,19.5706,21337,1,220 James St - To Hub,268620,S Salina St & Washington St,Sy 20,2025-12-01 13:30:06+00:00,2025-12-01 13:31:02+00:00,2025-12-01 13:31:02+00:00,1802,43.05010986328125,-76.15220642089844,56,2025-12-01
1759918, 8:31:58,7987,53,19.8877,21337,1,220 James St - To Hub,268620,S Salina St & W Jefferson St,Sy 20,2025-12-01 13:31:58+00:00,2025-12-01 13:33:01+00:00,2025-12-01 13:33:01+00:00,1802,43.046755165889344,-76.15225219726562,63,2025-12-01
1759918, 8:36:00,17640,54,20.5686,21337,1,220 James St - To Hub,268620,A1,Sy 20,2025-12-01 13:36:00+00:00,2025-12-01 13:35:02+00:00,2025-12-01 13:35:02+00:00,1802,43.04356842041015,-76.15190048217774,-58,2025-12-01
1759919, 5:02:00,7888,1,,21337,1,123 James Street to Hub,268622,Walmart - East Syracuse,Sy 20,2025-12-01 10:02:00+00:00,2025-12-01 10:06:01+00:00,2025-12-01 10:06:01+00:00,2475,43.063074029010274,-76.06262240202531,241,2025-12-01
1759919, 5:04:19,14862,2,1.0475,21337,1,123 James Street to Hub,268622,Bridge St & E 2nd St,Sy 20,2025-12-01 10:04:19+00:00,,2025-12-01 10:06:31+00:00,2475,,,132,2025-12-01
1759919, 5:05:10,2526,3,1.4366,21337,1,123 James Street to Hub,268622,E Manlius St & N Center St,Sy 20,2025-12-01 10:05:10+00:00,,2025-12-01 10:07:01+00:00,2475,,,111,2025-12-01
1759919, 5:05:34,7278,4,1.6169,21337,1,123 James Street to Hub,268622,W Manlius St & Silver St,Sy 20,2025-12-01 10:05:34+00:00,,2025-12-01 10:07:31+00:00,2475,,,117,2025-12-01
1759919, 5:05:46,7262,5,1.7125,21337,1,123 James Street to Hub,268622,W Manlius St & North St,Sy 20,2025-12-01 10:05:46+00:00,2025-12-01 10:08:01+00:00,2025-12-01 10:08:01+00:00,2475,43.06412767682757,-76.07377798897879,135,2025-12-01
1759919, 5:06:12,7236,6,1.9082,21337,1,123 James Street to Hub,268622,W Manlius St & Kinne St,Sy 20,2025-12-01 10:06:12+00:00,2025-12-01 10:09:01+00:00,2025-12-01 10:09:01+00:00,2475,43.06471982915351,-76.07671453597698,169,2025-12-01
1759919, 5:06:40,1311,7,2.1235,21337,1,123 James Street to Hub,268622,Kinne St & W Yates St,Sy 20,2025-12-01 10:06:40+00:00,,2025-12-01 10:09:18.542096686+00:00,2475,,,158,2025-12-01
1759919, 5:06:50,3867,8,2.1986,21337,1,123 James Street to Hub,268622,Kinne St & W Heman St,Sy 20,2025-12-01 10:06:50+00:00,,2025-12-01 10:09:24.661053775+00:00,2475,,,154,2025-12-01
1759919, 5:07:01,7615,9,2.2877,21337,1,123 James Street to Hub,268622,Kinne St & Irving St,Sy 20,2025-12-01 10:07:01+00:00,,2025-12-01 10:09:31.920695274+00:00,2475,,,150,2025-12-01
1759919, 5:07:33,2465,10,2.5322,21337,1,123 James Street to Hub,268622,Kinne St & James St,Sy 20,2025-12-01 10:07:33+00:00,,2025-12-01 10:09:51.841933731+00:00,2475,,,138,2025-12-01
1759919, 5:07:48,2460,11,2.6446,21337,1,123 James Street to Hub,268622,James St & East Ave,Sy 20,2025-12-01 10:07:48+00:00,2025-12-01 10:10:01+00:00,2025-12-01 10:10:01+00:00,2475,43.07018268291767,-76.07774071326622,133,2025-12-01
1759919, 5:08:02,2451,12,2.7568,21337,1,123 James Street to Hub,268622,James St & Highland Ave,Sy 20,2025-12-01 10:08:02+00:00,,2025-12-01 10:10:17.838419209+00:00,2475,,,135,2025-12-01
1759919, 5:08:15,2450,13,2.8581,21337,1,123 James Street to Hub,268622,James St & Roby Ave,Sy 20,2025-12-01 10:08:15+00:00,,2025-12-01 10:10:33.041020510+00:00,2475,,,138,2025-12-01
1759919, 5:08:27,2446,14,2.9512,21337,1,123 James Street to Hub,268622,James St & Colfax Ave,Sy 20,2025-12-01 10:08:27+00:00,,2025-12-01 10:10:47.013006503+00:00,2475,,,140,2025-12-01
1759919, 5:08:39,2438,15,3.0444,21337,1,123 James Street to Hub,268622,James St & Schoeder St,Sy 20,2025-12-01 10:08:39+00:00,2025-12-01 10:11:01+00:00,2025-12-01 10:11:01+00:00,2475,43.069925964855756,-76.08333037329501,142,2025-12-01
1759919, 5:09:27,462,16,3.4042,21337,1,123 James Street to Hub,268622,James St & Wegmans Plaza,Sy 20,2025-12-01 10:09:27+00:00,,2025-12-01 10:11:41.028816341+00:00,2475,,,134,2025-12-01
1759919, 5:10:00,7891,17,3.5927,21337,1,123 James Street to Hub,268622,James St & Thompson Rd,Sy 20,2025-12-01 10:10:00+00:00,2025-12-01 10:12:02+00:00,2025-12-01 10:12:02+00:00,2475,43.06960882142533,-76.09099401429643,122,2025-12-01
1759919, 5:11:03,581,18,3.8804,21337,1,123 James Street to Hub,268622,James St & Clover Ridge Dr,Sy 20,2025-12-01 10:11:03+00:00,,2025-12-01 10:12:26.725855790+00:00,2475,,,83,2025-12-01
1759919, 5:11:57,569,19,4.1278,21337,1,123 James Street to Hub,268622,James St & E Milford Dr,Sy 20,2025-12-01 10:11:57+00:00,,2025-12-01 10:12:47.988201019+00:00,2475,,,50,2025-12-01
1759919, 5:12:30,568,20,4.2792,21337,1,123 James Street to Hub,268622,James St & Walter Dr,Sy 20,2025-12-01 10:12:30+00:00,2025-12-01 10:13:01+00:00,2025-12-01 10:13:01+00:00,2475,43.06928634643555,-76.09785842895508,31,2025-12-01
1759919, 5:12:56,560,21,4.3975,21337,1,123 James Street to Hub,268622,James St & Lamson St,Sy 20,2025-12-01 10:12:56+00:00,,2025-12-01 10:13:13.969121140+00:00,2475,,,17,2025-12-01
1759919, 5:13:22,556,22,4.5157,21337,1,123 James Street to Hub,268622,James St & Lynwood Ave,Sy 20,2025-12-01 10:13:22+00:00,,2025-12-01 10:13:26.927279371+00:00,2475,,,4,2025-12-01
1759919, 5:13:43,549,23,4.6139,21337,1,123 James Street to Hub,268622,James St & Homecroft Rd,Sy 20,2025-12-01 10:13:43+00:00,,2025-12-01 10:13:37.692855837+00:00,2475,,,-5,2025-12-01
1759919, 5:14:09,546,24,4.7342,21337,1,123 James Street to Hub,268622,James St & Rigi Ave,Sy 20,2025-12-01 10:14:09+00:00,,2025-12-01 10:13:50.881235154+00:00,2475,,,-18,2025-12-01
1759919, 5:14:29,10550,25,4.8265,21337,1,123 James Street to Hub,268622,James St & N Midler Ave,Sy 20,2025-12-01 10:14:29+00:00,2025-12-01 10:14:01+00:00,2025-12-01 10:14:01+00:00,2475,43.06892013549805,-76.10470051668128,-28,2025-12-01
1759919, 5:14:48,539,26,4.9157,21337,1,123 James Street to Hub,268622,James St & N Edwards Ave,Sy 20,2025-12-01 10:14:48+00:00,,2025-12-01 10:14:21.616332819+00:00,2475,,,-26,2025-12-01
1759919, 5:15:07,534,27,5.0049,21337,1,123 James Street to Hub,268622,James St & N Collingwood Ave,Sy 20,2025-12-01 10:15:07+00:00,,2025-12-01 10:14:42.232665639+00:00,2475,,,-24,2025-12-01
1759919, 5:15:24,530,28,5.0861,21337,1,123 James Street to Hub,268622,James St & Ashdale Ave,Sy 20,2025-12-01 10:15:24+00:00,2025-12-01 10:15:01+00:00,2025-12-01 10:15:01+00:00,2475,43.06878389630999,-76.10856410435268,-23,2025-12-01
1759919, 5:16:00,520,29,5.2515,21337,1,123 James Street to Hub,268622,James St & Lillian Ave,Sy 20,2025-12-01 10:16:00+00:00,,2025-12-01 10:15:35.506258692+00:00,2475,,,-24,2025-12-01
1759919, 5:16:26,516,30,5.3737,21337,1,123 James Street to Hub,268622,James St & Marlborough Rd,Sy 20,2025-12-01 10:16:26+00:00,2025-12-01 10:16:01+00:00,2025-12-01 10:16:01+00:00,2475,43.06863021850586,-76.11192631721497,-25,2025-12-01
1759919, 5:16:50,511,31,5.4860,21337,1,123 James Street to Hub,268622,James St & North Ave,Sy 20,2025-12-01 10:16:50+00:00,,2025-12-01 10:16:40.752212389+00:00,2475,,,-9,2025-12-01
1759919, 5:17:02,501,32,5.5432,21337,1,123 James Street to Hub,268622,James St & Hickok Ave,Sy 20,2025-12-01 10:17:02+00:00,2025-12-01 10:17:01+00:00,2025-12-01 10:17:01+00:00,2475,43.06853103637695,-76.11401282416449,-1,2025-12-01
1759919, 5:18:00,499,33,5.7686,21337,1,123 James Street to Hub,268622,James St & Mildred Ave,Sy 20,2025-12-01 10:18:00+00:00,,2025-12-01 10:18:02.894736842+00:00,2475,,,2,2025-12-01
1759919, 5:18:42,484,34,5.9802,21337,1,123 James Street to Hub,268622,James St & Peck Ave,Sy 20,2025-12-01 10:18:42+00:00,2025-12-01 10:19:01+00:00,2025-12-01 10:19:01+00:00,2475,43.06687222105084,-76.11891821658972,19,2025-12-01
1759919, 5:19:10,483,35,6.1200,21337,1,123 James Street to Hub,268622,James St & Rugby Rd,Sy 20,2025-12-01 10:19:10+00:00,,2025-12-01 10:19:18.529780564+00:00,2475,,,8,2025-12-01
1759919, 5:20:18,470,36,6.4587,21337,1,123 James Street to Hub,268622,James St & Hampton Rd,Sy 20,2025-12-01 10:20:18+00:00,2025-12-01 10:20:01+00:00,2025-12-01 10:20:01+00:00,2475,43.064502596855164,-76.12374353408813,-17,2025-12-01
1759919, 5:21:17,476,37,6.7552,21337,1,123 James Street to Hub,268622,James St & Durston Ave,Sy 20,2025-12-01 10:21:17+00:00,,2025-12-01 10:20:39.732854343+00:00,2475,,,-37,2025-12-01
1759919, 5:21:49,455,38,6.9180,21337,1,123 James Street to Hub,268622,James St & Sedgwick Dr,Sy 20,2025-12-01 10:21:49+00:00,2025-12-01 10:21:01+00:00,2025-12-01 10:21:01+00:00,2475,43.062036803274445,-76.12876025113192,-48,2025-12-01
1759919, 5:22:45,451,39,7.1974,21337,1,123 James Street to Hub,268622,James St & Dewitt St,Sy 20,2025-12-01 10:22:45+00:00,,2025-12-01 10:21:27.506065318+00:00,2475,,,-77,2025-12-01
1759919, 5:24:00,447,40,7.5610,21337,1,123 James Street to Hub,268622,James St & Oak St,Sy 20,2025-12-01 10:24:00+00:00,2025-12-01 10:22:02+00:00,2025-12-01 10:22:02+00:00,2475,43.059244028727214,-76.13448537190756,-118,2025-12-01
1759919, 5:24:18,6678,41,7.6553,21337,1,123 James Street to Hub,268622,James St & Bryant and Stratton College,Sy 20,2025-12-01 10:24:18+00:00,,2025-12-01 10:22:32.796752417+00:00,2475,,,-105,2025-12-01
1759919, 5:25:08,443,42,7.9088,21337,1,123 James Street to Hub,268622,James St & Highland St,Sy 20,2025-12-01 10:25:08+00:00,,2025-12-01 10:23:55.585477102+00:00,2475,,,-72,2025-12-01
1759919, 5:25:47,438,43,8.1091,21337,1,123 James Street to Hub,268622,James St & Lodi St,Sy 20,2025-12-01 10:25:47+00:00,2025-12-01 10:25:01+00:00,2025-12-01 10:25:01+00:00,2475,43.05649910598505,-76.14008218733991,-46,2025-12-01
1759919, 5:26:34,10928,44,8.3465,21337,1,123 James Street to Hub,268622,James St & Catherine St,Sy 20,2025-12-01 10:26:34+00:00,,2025-12-01 10:25:38.943526904+00:00,2475,,,-55,2025-12-01
1759919, 5:27:02,431,45,8.4885,21337,1,123 James Street to Hub,268622,James St & N McBride St,Sy 20,2025-12-01 10:27:02+00:00,,2025-12-01 10:26:01.639318060+00:00,2475,,,-60,2025-12-01
1759919, 5:27:29,425,46,8.6289,21337,1,123 James Street to Hub,268622,James St & N Townsend St,Sy 20,2025-12-01 10:27:29+00:00,,2025-12-01 10:26:24.079381992+00:00,2475,,,-64,2025-12-01
1759919, 5:28:14,426,47,8.8599,21337,1,123 James Street to Hub,268622,James St & N State St,Sy 20,2025-12-01 10:28:14+00:00,2025-12-01 10:27:01+00:00,2025-12-01 10:27:01+00:00,2475,43.052458953857425,-76.14837341308593,-73,2025-12-01
1759919, 5:29:30,180,48,9.2472,21337,1,123 James Street to Hub,268622,E Willow St & N Salina St,Sy 20,2025-12-01 10:29:30+00:00,,2025-12-01 10:28:31.720281085+00:00,2475,,,-58,2025-12-01
1759919, 5:30:00,174,49,9.3722,21337,1,123 James Street to Hub,268622,N Salina St & W Genesee St,Sy 20,2025-12-01 10:30:00+00:00,2025-12-01 10:29:01+00:00,2025-12-01 10:29:01+00:00,2475,43.05174337533804,-76.15215301513672,-59,2025-12-01
1759919, 5:30:57,99,50,9.5612,21337,1,123 James Street to Hub,268622,S Salina St & Washington St,Sy 20,2025-12-01 10:30:57+00:00,,2025-12-01 10:29:23.406639004+00:00,2475,,,-93,2025-12-01
1759919, 5:32:33,7987,51,9.8783,21337,1,123 James Street to Hub,268622,S Salina St & W Jefferson St,Sy 20,2025-12-01 10:32:33+00:00,2025-12-01 10:30:01+00:00,2025-12-01 10:30:01+00:00,2475,43.047292709350586,-76.15226745605469,-152,2025-12-01
1759919, 5:35:00,17656,52,10.3585,21337,1,123 James Street to Hub,268622,B17,Sy 20,2025-12-01 10:35:00+00:00,2025-12-01 10:32:01+00:00,2025-12-01 10:32:01+00:00,2475,43.043395,-76.15115,-179,2025-12-01
1759920, 7:43:00,7888,1,,21337,1,123 James Street to Hub,268634,Walmart - East Syracuse,Sy 20,2025-12-01 12:43:00+00:00,2025-12-01 12:52:02+00:00,2025-12-01 12:52:02+00:00,2436,43.06325912475586,-76.06185913085938,542,2025-12-01
1759920, 7:46:29,14862,2,1.0475,21337,1,123 James Street to Hub,268634,Bridge St & E 2nd St,Sy 20,2025-12-01 12:46:29+00:00,2025-12-01 12:53:02+00:00,2025-12-01 12:53:02+00:00,2436,43.062339782714844,-76.06764221191406,393,2025-12-01
1759920, 7:47:46,2526,3,1.4366,21337,1,123 James Street to Hub,268634,E Manlius St & N Center St,Sy 20,2025-12-01 12:47:46+00:00,2025-12-01 12:54:01+00:00,2025-12-01 12:54:01+00:00,2436,43.06399694589468,-76.07103846623347,375,2025-12-01
1759920, 7:48:22,7278,4,1.6169,21337,1,123 James Street to Hub,268634,W Manlius St & Silver St,Sy 20,2025-12-01 12:48:22+00:00,,2025-12-01 12:54:23.938931297+00:00,2436,,,361,2025-12-01
1759920, 7:48:41,7262,5,1.7125,21337,1,123 James Street to Hub,268634,W Manlius St & North St,Sy 20,2025-12-01 12:48:41+00:00,,2025-12-01 12:54:36.101781170+00:00,2436,,,355,2025-12-01
1759920, 7:49:20,7236,6,1.9082,21337,1,123 James Street to Hub,268634,W Manlius St & Kinne St,Sy 20,2025-12-01 12:49:20+00:00,2025-12-01 12:55:01+00:00,2025-12-01 12:55:01+00:00,2436,43.064708790880566,-76.07671713321767,341,2025-12-01
1759920, 7:50:03,1311,7,2.1235,21337,1,123 James Street to Hub,268634,Kinne St & W Yates St,Sy 20,2025-12-01 12:50:03+00:00,,2025-12-01 12:55:21.701923076+00:00,2436,,,318,2025-12-01
1759920, 7:50:18,3867,8,2.1986,21337,1,123 James Street to Hub,268634,Kinne St & W Heman St,Sy 20,2025-12-01 12:50:18+00:00,,2025-12-01 12:55:28.923076923+00:00,2436,,,310,2025-12-01
1759920, 7:50:35,7615,9,2.2877,21337,1,123 James Street to Hub,268634,Kinne St & Irving St,Sy 20,2025-12-01 12:50:35+00:00,,2025-12-01 12:55:37.490384615+00:00,2436,,,302,2025-12-01
1759920, 7:51:23,2465,10,2.5322,21337,1,123 James Street to Hub,268634,Kinne St & James St,Sy 20,2025-12-01 12:51:23+00:00,2025-12-01 12:56:01+00:00,2025-12-01 12:56:01+00:00,2436,43.0697394340269,-76.07697173087827,278,2025-12-01
1759920, 7:51:45,2460,11,2.6446,21337,1,123 James Street to Hub,268634,James St & East Ave,Sy 20,2025-12-01 12:51:45+00:00,,2025-12-01 12:56:31.026714158+00:00,2436,,,286,2025-12-01
1759920, 7:52:07,2451,12,2.7568,21337,1,123 James Street to Hub,268634,James St & Highland Ave,Sy 20,2025-12-01 12:52:07+00:00,2025-12-01 12:57:01+00:00,2025-12-01 12:57:01+00:00,2436,43.07009661639178,-76.07971615261502,294,2025-12-01
1759920, 7:52:27,2450,13,2.8581,21337,1,123 James Street to Hub,268634,James St & Roby Ave,Sy 20,2025-12-01 12:52:27+00:00,,2025-12-01 12:57:22.133518776+00:00,2436,,,295,2025-12-01
1759920, 7:52:45,2446,14,2.9512,21337,1,123 James Street to Hub,268634,James St & Colfax Ave,Sy 20,2025-12-01 12:52:45+00:00,,2025-12-01 12:57:41.556328233+00:00,2436,,,296,2025-12-01
1759920, 7:53:03,2438,15,3.0444,21337,1,123 James Street to Hub,268634,James St & Schoeder St,Sy 20,2025-12-01 12:53:03+00:00,2025-12-01 12:58:01+00:00,2025-12-01 12:58:01+00:00,2436,43.06992558963963,-76.08333787761751,298,2025-12-01
1759920, 7:54:15,462,16,3.4042,21337,1,123 James Street to Hub,268634,James St & Wegmans Plaza,Sy 20,2025-12-01 12:54:15+00:00,,2025-12-01 12:58:39.716396133+00:00,2436,,,264,2025-12-01
1759920, 7:55:00,7891,17,3.5927,21337,1,123 James Street to Hub,268634,James St & Thompson Rd,Sy 20,2025-12-01 12:55:00+00:00,2025-12-01 12:59:00+00:00,2025-12-01 12:59:00+00:00,2436,43.06958569220777,-76.09153934694686,240,2025-12-01
1759920, 7:56:03,581,18,3.8804,21337,1,123 James Street to Hub,268634,James St & Clover Ridge Dr,Sy 20,2025-12-01 12:56:03+00:00,,2025-12-01 12:59:33.334703793+00:00,2436,,,210,2025-12-01
1759920, 7:56:57,569,19,4.1278,21337,1,123 James Street to Hub,268634,James St & E Milford Dr,Sy 20,2025-12-01 12:56:57+00:00,2025-12-01 13:00:02+00:00,2025-12-01 13:00:02+00:00,2436,43.06932695450321,-76.09673309326172,185,2025-12-01
1759920, 7:57:30,568,20,4.2792,21337,1,123 James Street to Hub,268634,James St & Walter Dr,Sy 20,2025-12-01 12:57:30+00:00,,2025-12-01 13:00:39.063567167+00:00,2436,,,189,2025-12-01
1759920, 7:57:56,560,21,4.3975,21337,1,123 James Street to Hub,268634,James St & Lamson St,Sy 20,2025-12-01 12:57:56+00:00,,2025-12-01 13:01:08.024069121+00:00,2436,,,192,2025-12-01
1759920, 7:58:22,556,22,4.5157,21337,1,123 James Street to Hub,268634,James St & Lynwood Ave,Sy 20,2025-12-01 12:58:22+00:00,,2025-12-01 13:01:36.960090516+00:00,2436,,,194,2025-12-01
1759920, 7:58:43,549,23,4.6139,21337,1,123 James Street to Hub,268634,James St & Homecroft Rd,Sy 20,2025-12-01 12:58:43+00:00,2025-12-01 13:02:01+00:00,2025-12-01 13:02:01+00:00,2436,43.06902261507713,-76.10274014230502,198,2025-12-01
1759920, 7:59:09,546,24,4.7342,21337,1,123 James Street to Hub,268634,James St & Rigi Ave,Sy 20,2025-12-01 12:59:09+00:00,,2025-12-01 13:02:34.951081843+00:00,2436,,,205,2025-12-01
1759920, 7:59:29,10550,25,4.8265,21337,1,123 James Street to Hub,268634,James St & N Midler Ave,Sy 20,2025-12-01 12:59:29+00:00,2025-12-01 13:03:01+00:00,2025-12-01 13:03:01+00:00,2436,43.068893366846545,-76.10531418899009,212,2025-12-01
1759920, 7:59:48,539,26,4.9157,21337,1,123 James Street to Hub,268634,James St & N Edwards Ave,Sy 20,2025-12-01 12:59:48+00:00,2025-12-01 13:04:01+00:00,2025-12-01 13:04:01+00:00,2436,43.06887172830516,-76.10574840677195,253,2025-12-01
1759920, 8:00:07,534,27,5.0049,21337,1,123 James Street to Hub,268634,James St & N Collingwood Ave,Sy 20,2025-12-01 13:00:07+00:00,,2025-12-01 13:04:32.408450704+00:00,2436,,,265,2025-12-01
1759920, 8:00:24,530,28,5.0861,21337,1,123 James Street to Hub,268634,James St & Ashdale Ave,Sy 20,2025-12-01 13:00:24+00:00,2025-12-01 13:05:01+00:00,2025-12-01 13:05:01+00:00,2436,43.068782494992625,-76.10858652543048,277,2025-12-01
1759920, 8:01:00,520,29,5.2515,21337,1,123 James Street to Hub,268634,James St & Lillian Ave,Sy 20,2025-12-01 13:01:00+00:00,,2025-12-01 13:05:25.816204051+00:00,2436,,,265,2025-12-01
1759920, 8:01:26,516,30,5.3737,21337,1,123 James Street to Hub,268634,James St & Marlborough Rd,Sy 20,2025-12-01 13:01:26+00:00,,2025-12-01 13:05:44.150787696+00:00,2436,,,258,2025-12-01
1759920, 8:01:50,511,31,5.4860,21337,1,123 James Street to Hub,268634,James St & North Ave,Sy 20,2025-12-01 13:01:50+00:00,2025-12-01 13:06:01+00:00,2025-12-01 13:06:01+00:00,2436,43.068591918945316,-76.11268280029297,251,2025-12-01
1759920, 8:02:02,501,32,5.5432,21337,1,123 James Street to Hub,268634,James St & Hickok Ave,Sy 20,2025-12-01 13:02:02+00:00,2025-12-01 13:07:01+00:00,2025-12-01 13:07:01+00:00,2436,43.068474451700844,-76.11499404907227,299,2025-12-01
1759920, 8:03:00,499,33,5.7686,21337,1,123 James Street to Hub,268634,James St & Mildred Ave,Sy 20,2025-12-01 13:03:00+00:00,,2025-12-01 13:07:31.947368421+00:00,2436,,,271,2025-12-01
1759920, 8:03:42,484,34,5.9802,21337,1,123 James Street to Hub,268634,James St & Peck Ave,Sy 20,2025-12-01 13:03:42+00:00,2025-12-01 13:08:01+00:00,2025-12-01 13:08:01+00:00,2436,43.06687146967108,-76.11891971934925,259,2025-12-01
1759920, 8:04:10,483,35,6.1200,21337,1,123 James Street to Hub,268634,James St & Rugby Rd,Sy 20,2025-12-01 13:04:10+00:00,,2025-12-01 13:08:18.529780564+00:00,2436,,,248,2025-12-01
1759920, 8:05:18,470,36,6.4587,21337,1,123 James Street to Hub,268634,James St & Hampton Rd,Sy 20,2025-12-01 13:05:18+00:00,2025-12-01 13:09:01+00:00,2025-12-01 13:09:01+00:00,2436,43.06509923223239,-76.12254071591505,223,2025-12-01
1759920, 8:06:17,476,37,6.7552,21337,1,123 James Street to Hub,268634,James St & Durston Ave,Sy 20,2025-12-01 13:06:17+00:00,2025-12-01 13:11:01+00:00,2025-12-01 13:11:01+00:00,2436,43.062997036292906,-76.1268126690974,284,2025-12-01
1759920, 8:06:49,455,38,6.9180,21337,1,123 James Street to Hub,268634,James St & Sedgwick Dr,Sy 20,2025-12-01 13:06:49+00:00,,2025-12-01 13:11:13.122114668+00:00,2436,,,264,2025-12-01
1759920, 8:07:45,451,39,7.1974,21337,1,123 James Street to Hub,268634,James St & Dewitt St,Sy 20,2025-12-01 13:07:45+00:00,,2025-12-01 13:11:33.926284437+00:00,2436,,,228,2025-12-01
1759920, 8:09:00,447,40,7.5610,21337,1,123 James Street to Hub,268634,James St & Oak St,Sy 20,2025-12-01 13:09:00+00:00,2025-12-01 13:12:01+00:00,2025-12-01 13:12:01+00:00,2436,43.05924682617187,-76.13447875976563,181,2025-12-01
1759920, 8:09:18,6678,41,7.6553,21337,1,123 James Street to Hub,268634,James St & Bryant and Stratton College,Sy 20,2025-12-01 13:09:18+00:00,,2025-12-01 13:12:17.267970097+00:00,2436,,,179,2025-12-01
1759920, 8:10:08,443,42,7.9088,21337,1,123 James Street to Hub,268634,James St & Highland St,Sy 20,2025-12-01 13:10:08+00:00,2025-12-01 13:13:01+00:00,2025-12-01 13:13:01+00:00,2436,43.05701946821369,-76.13900519199059,173,2025-12-01
1759920, 8:10:47,438,43,8.1091,21337,1,123 James Street to Hub,268634,James St & Lodi St,Sy 20,2025-12-01 13:10:47+00:00,,2025-12-01 13:13:28.457162440+00:00,2436,,,161,2025-12-01
1759920, 8:11:34,10928,44,8.3465,21337,1,123 James Street to Hub,268634,James St & Catherine St,Sy 20,2025-12-01 13:11:34+00:00,2025-12-01 13:14:01+00:00,2025-12-01 13:14:01+00:00,2436,43.0549852238145,-76.14315937840661,147,2025-12-01
1759920, 8:12:02,431,45,8.4885,21337,1,123 James Street to Hub,268634,James St & N McBride St,Sy 20,2025-12-01 13:12:02+00:00,2025-12-01 13:15:02+00:00,2025-12-01 13:15:02+00:00,2436,43.05429537791126,-76.14456781351342,180,2025-12-01
1759920, 8:12:29,425,46,8.6289,21337,1,123 James Street to Hub,268634,James St & N Townsend St,Sy 20,2025-12-01 13:12:29+00:00,2025-12-01 13:16:01+00:00,2025-12-01 13:16:01+00:00,2436,43.05353196461996,-76.1461196899414,212,2025-12-01
1759920, 8:13:14,426,47,8.8599,21337,1,123 James Street to Hub,268634,James St & N State St,Sy 20,2025-12-01 13:13:14+00:00,2025-12-01 13:17:02+00:00,2025-12-01 13:17:02+00:00,2436,43.05244737512925,-76.14828805362477,228,2025-12-01
1759920, 8:14:30,180,48,9.2472,21337,1,123 James Street to Hub,268634,E Willow St & N Salina St,Sy 20,2025-12-01 13:14:30+00:00,,2025-12-01 13:18:31.964278742+00:00,2436,,,241,2025-12-01
1759920, 8:15:00,174,49,9.3722,21337,1,123 James Street to Hub,268634,N Salina St & W Genesee St,Sy 20,2025-12-01 13:15:00+00:00,2025-12-01 13:19:01+00:00,2025-12-01 13:19:01+00:00,2436,43.05173785869892,-76.15215301513672,241,2025-12-01
1759920, 8:15:57,99,50,9.5612,21337,1,123 James Street to Hub,268634,S Salina St & Washington St,Sy 20,2025-12-01 13:15:57+00:00,2025-12-01 13:20:02+00:00,2025-12-01 13:20:02+00:00,2436,43.049800618489584,-76.15220642089844,245,2025-12-01
1759920, 8:17:33,7987,51,9.8783,21337,1,123 James Street to Hub,268634,S Salina St & W Jefferson St,Sy 20,2025-12-01 13:17:33+00:00,2025-12-01 13:21:01+00:00,2025-12-01 13:21:01+00:00,2436,43.04781303405762,-76.1522526550293,208,2025-12-01
1759920, 8:20:00,17656,52,10.3585,21337,1,123 James Street to Hub,268634,B17,Sy 20,2025-12-01 13:20:00+00:00,,,,,,,2025-12-01
1759921,13:55:00,7888,1,,21337,1,123 James Street to Hub,268621,Walmart - East Syracuse,Sy 20,2025-12-01 18:55:00+00:00,2025-12-01 19:00:01+00:00,2025-12-01 19:00:01+00:00,1903,43.06259536743164,-76.05950164794922,301,2025-12-01
1759921,13:58:29,14862,2,1.0475,21337,1,123 James Street to Hub,268621,Bridge St & E 2nd St,Sy 20,2025-12-01 18:58:29+00:00,2025-12-01 19:01:02+00:00,2025-12-01 19:01:02+00:00,1903,43.0623893737793,-76.06436157226562,153,2025-12-01
1759921,13:59:46,2526,3,1.4366,21337,1,123 James Street to Hub,268621,E Manlius St & N Center St,Sy 20,2025-12-01 18:59:46+00:00,,2025-12-01 19:01:55.796793307+00:00,1903,,,129,2025-12-01
1759921,14:00:22,7278,4,1.6169,21337,1,123 James Street to Hub,268621,W Manlius St & Silver St,Sy 20,2025-12-01 19:00:22+00:00,,2025-12-01 19:02:20.724991286+00:00,1903,,,118,2025-12-01
1759921,14:00:41,7262,5,1.7125,21337,1,123 James Street to Hub,268621,W Manlius St & North St,Sy 20,2025-12-01 19:00:41+00:00,,2025-12-01 19:02:33.942604856+00:00,1903,,,112,2025-12-01
1759921,14:01:20,7236,6,1.9082,21337,1,123 James Street to Hub,268621,W Manlius St & Kinne St,Sy 20,2025-12-01 19:01:20+00:00,2025-12-01 19:03:01+00:00,2025-12-01 19:03:01+00:00,1903,43.064510345458984,-76.07615661621094,101,2025-12-01
1759921,14:02:03,1311,7,2.1235,21337,1,123 James Street to Hub,268621,Kinne St & W Yates St,Sy 20,2025-12-01 19:02:03+00:00,,2025-12-01 19:03:35.039525691+00:00,1903,,,92,2025-12-01
1759921,14:02:18,3867,8,2.1986,21337,1,123 James Street to Hub,268621,Kinne St & W Heman St,Sy 20,2025-12-01 19:02:18+00:00,,2025-12-01 19:03:46.913043478+00:00,1903,,,88,2025-12-01
1759921,14:02:35,7615,9,2.2877,21337,1,123 James Street to Hub,268621,Kinne St & Irving St,Sy 20,2025-12-01 19:02:35+00:00,2025-12-01 19:04:01+00:00,2025-12-01 19:04:01+00:00,1903,43.067630767822266,-76.07681274414062,86,2025-12-01
1759921,14:03:23,2465,10,2.5322,21337,1,123 James Street to Hub,268621,Kinne St & James St,Sy 20,2025-12-01 19:03:23+00:00,2025-12-01 19:05:01+00:00,2025-12-01 19:05:01+00:00,1903,43.07017135620117,-76.07695007324219,98,2025-12-01
1759921,14:03:45,2460,11,2.6446,21337,1,123 James Street to Hub,268621,James St & East Ave,Sy 20,2025-12-01 19:03:45+00:00,,2025-12-01 19:05:22.038355323+00:00,1903,,,97,2025-12-01
1759921,14:04:07,2451,12,2.7568,21337,1,123 James Street to Hub,268621,James St & Highland Ave,Sy 20,2025-12-01 19:04:07+00:00,,2025-12-01 19:05:43.039275851+00:00,1903,,,96,2025-12-01
1759921,14:04:27,2450,13,2.8581,21337,1,123 James Street to Hub,268621,James St & Roby Ave,Sy 20,2025-12-01 19:04:27+00:00,2025-12-01 19:06:02+00:00,2025-12-01 19:06:02+00:00,1903,43.070011138916016,-76.08148956298828,95,2025-12-01
1759921,14:04:45,2446,14,2.9512,21337,1,123 James Street to Hub,268621,James St & Colfax Ave,Sy 20,2025-12-01 19:04:45+00:00,,2025-12-01 19:06:12.058414209+00:00,1903,,,87,2025-12-01
1759921,14:05:03,2438,15,3.0444,21337,1,123 James Street to Hub,268621,James St & Schoeder St,Sy 20,2025-12-01 19:05:03+00:00,,2025-12-01 19:06:22.127632301+00:00,1903,,,79,2025-12-01
1759921,14:06:15,462,16,3.4042,21337,1,123 James Street to Hub,268621,James St & Wegmans Plaza,Sy 20,2025-12-01 19:06:15+00:00,2025-12-01 19:07:01+00:00,2025-12-01 19:07:01+00:00,1903,43.06978988647461,-76.08715057373047,46,2025-12-01
1759921,14:07:00,7891,17,3.5927,21337,1,123 James Street to Hub,268621,James St & Thompson Rd,Sy 20,2025-12-01 19:07:00+00:00,2025-12-01 19:08:01+00:00,2025-12-01 19:08:01+00:00,1903,43.06972885131836,-76.08998107910156,61,2025-12-01
1759921,14:08:03,581,18,3.8804,21337,1,123 James Street to Hub,268621,James St & Clover Ridge Dr,Sy 20,2025-12-01 19:08:03+00:00,2025-12-01 19:09:01+00:00,2025-12-01 19:09:01+00:00,1903,43.069464365641274,-76.09342702229817,58,2025-12-01
1759921,14:08:57,569,19,4.1278,21337,1,123 James Street to Hub,268621,James St & E Milford Dr,Sy 20,2025-12-01 19:08:57+00:00,,2025-12-01 19:09:21.237218813+00:00,1903,,,24,2025-12-01
1759921,14:09:30,568,20,4.2792,21337,1,123 James Street to Hub,268621,James St & Walter Dr,Sy 20,2025-12-01 19:09:30+00:00,,2025-12-01 19:09:33.621676891+00:00,1903,,,3,2025-12-01
1759921,14:09:56,560,21,4.3975,21337,1,123 James Street to Hub,268621,James St & Lamson St,Sy 20,2025-12-01 19:09:56+00:00,,2025-12-01 19:09:43.298568507+00:00,1903,,,-12,2025-12-01
1759921,14:10:22,556,22,4.5157,21337,1,123 James Street to Hub,268621,James St & Lynwood Ave,Sy 20,2025-12-01 19:10:22+00:00,,2025-12-01 19:09:52.967280163+00:00,1903,,,-29,2025-12-01
1759921,14:10:43,549,23,4.6139,21337,1,123 James Street to Hub,268621,James St & Homecroft Rd,Sy 20,2025-12-01 19:10:43+00:00,2025-12-01 19:10:01+00:00,2025-12-01 19:10:01+00:00,1903,43.06905746459961,-76.10200500488281,-42,2025-12-01
1759921,14:11:09,546,24,4.7342,21337,1,123 James Street to Hub,268621,James St & Rigi Ave,Sy 20,2025-12-01 19:11:09+00:00,2025-12-01 19:11:01+00:00,2025-12-01 19:11:01+00:00,1903,43.06900405883789,-76.10404205322266,-8,2025-12-01
1759921,14:11:29,10550,25,4.8265,21337,1,123 James Street to Hub,268621,James St & N Midler Ave,Sy 20,2025-12-01 19:11:29+00:00,,2025-12-01 19:11:11.705586700+00:00,1903,,,-17,2025-12-01
1759921,14:11:48,539,26,4.9157,21337,1,123 James Street to Hub,268621,James St & N Edwards Ave,Sy 20,2025-12-01 19:11:48+00:00,,2025-12-01 19:11:22.051614150+00:00,1903,,,-25,2025-12-01
1759921,14:12:07,534,27,5.0049,21337,1,123 James Street to Hub,268621,James St & N Collingwood Ave,Sy 20,2025-12-01 19:12:07+00:00,,2025-12-01 19:11:32.397641600+00:00,1903,,,-34,2025-12-01
1759921,14:12:24,530,28,5.0861,21337,1,123 James Street to Hub,268621,James St & Ashdale Ave,Sy 20,2025-12-01 19:12:24+00:00,,2025-12-01 19:11:41.815774212+00:00,1903,,,-42,2025-12-01
1759921,14:13:00,520,29,5.2515,21337,1,123 James Street to Hub,268621,James St & Lillian Ave,Sy 20,2025-12-01 19:13:00+00:00,2025-12-01 19:12:01+00:00,2025-12-01 19:12:01+00:00,1903,43.0687255859375,-76.10990142822266,-59,2025-12-01
1759921,14:13:26,516,30,5.3737,21337,1,123 James Street to Hub,268621,James St & Marlborough Rd,Sy 20,2025-12-01 19:13:26+00:00,,2025-12-01 19:12:26.554336647+00:00,1903,,,-59,2025-12-01
1759921,14:13:50,511,31,5.4860,21337,1,123 James Street to Hub,268621,James St & North Ave,Sy 20,2025-12-01 19:13:50+00:00,,2025-12-01 19:12:50.038395611+00:00,1903,,,-59,2025-12-01
1759921,14:14:02,501,32,5.5432,21337,1,123 James Street to Hub,268621,James St & Hickok Ave,Sy 20,2025-12-01 19:14:02+00:00,2025-12-01 19:13:02+00:00,2025-12-01 19:13:02+00:00,1903,43.06853103637695,-76.11400604248047,-60,2025-12-01
1759921,14:15:00,499,33,5.7686,21337,1,123 James Street to Hub,268621,James St & Mildred Ave,Sy 20,2025-12-01 19:15:00+00:00,,2025-12-01 19:14:03.378947368+00:00,1903,,,-56,2025-12-01
1759921,14:15:43,484,34,5.9802,21337,1,123 James Street to Hub,268621,James St & Peck Ave,Sy 20,2025-12-01 19:15:43+00:00,2025-12-01 19:15:01+00:00,2025-12-01 19:15:01+00:00,1903,43.067138671875,-76.11835479736328,-42,2025-12-01
1759921,14:16:11,483,35,6.1200,21337,1,123 James Street to Hub,268621,James St & Rugby Rd,Sy 20,2025-12-01 19:16:11+00:00,2025-12-01 19:16:02+00:00,2025-12-01 19:16:02+00:00,1903,43.06605911254883,-76.12057495117188,-9,2025-12-01
1759921,14:17:21,470,36,6.4587,21337,1,123 James Street to Hub,268621,James St & Hampton Rd,Sy 20,2025-12-01 19:17:21+00:00,2025-12-01 19:17:01+00:00,2025-12-01 19:17:01+00:00,1903,43.06513977050781,-76.12245178222656,-20,2025-12-01
1759921,14:18:22,476,37,6.7552,21337,1,123 James Street to Hub,268621,James St & Durston Ave,Sy 20,2025-12-01 19:18:22+00:00,,2025-12-01 19:18:18.465708687+00:00,1903,,,-3,2025-12-01
1759921,14:18:55,455,38,6.9180,21337,1,123 James Street to Hub,268621,James St & Sedgwick Dr,Sy 20,2025-12-01 19:18:55+00:00,2025-12-01 19:19:01+00:00,2025-12-01 19:19:01+00:00,1903,43.06212306667019,-76.12858911462732,6,2025-12-01
1759921,14:19:52,451,39,7.1974,21337,1,123 James Street to Hub,268621,James St & Dewitt St,Sy 20,2025-12-01 19:19:52+00:00,,2025-12-01 19:19:29.828484438+00:00,1903,,,-22,2025-12-01
1759921,14:21:00,447,40,7.5092,21337,1,123 James Street to Hub,268621,James St & Oak St,Sy 20,2025-12-01 19:21:00+00:00,2025-12-01 19:20:02+00:00,2025-12-01 19:20:02+00:00,1903,43.059810638427734,-76.1333236694336,-58,2025-12-01
1759921,14:21:28,6678,41,7.6553,21337,1,123 James Street to Hub,268621,James St & Bryant and Stratton College,Sy 20,2025-12-01 19:21:28+00:00,,2025-12-01 19:21:51.319069069+00:00,1903,,,23,2025-12-01
1759921,14:22:16,443,42,7.9088,21337,1,123 James Street to Hub,268621,James St & Highland St,Sy 20,2025-12-01 19:22:16+00:00,2025-12-01 19:25:01+00:00,2025-12-01 19:25:01+00:00,1903,43.057585,-76.13795,165,2025-12-01
1759921,14:22:54,438,43,8.1091,21337,1,123 James Street to Hub,268621,James St & Lodi St,Sy 20,2025-12-01 19:22:54+00:00,,2025-12-01 19:25:42.462825599+00:00,1903,,,168,2025-12-01
1759921,14:23:39,10928,44,8.3465,21337,1,123 James Street to Hub,268621,James St & Catherine St,Sy 20,2025-12-01 19:23:39+00:00,,2025-12-01 19:26:31.605485595+00:00,1903,,,172,2025-12-01
1759921,14:24:06,431,45,8.4885,21337,1,123 James Street to Hub,268621,James St & N McBride St,Sy 20,2025-12-01 19:24:06+00:00,2025-12-01 19:27:01+00:00,2025-12-01 19:27:01+00:00,1903,43.05437469482422,-76.14447021484375,175,2025-12-01
1759921,14:24:33,425,46,8.6289,21337,1,123 James Street to Hub,268621,James St & N Townsend St,Sy 20,2025-12-01 19:24:33+00:00,,2025-12-01 19:27:24.059773828+00:00,1903,,,171,2025-12-01
1759921,14:25:17,426,47,8.8599,21337,1,123 James Street to Hub,268621,James St & N State St,Sy 20,2025-12-01 19:25:17+00:00,2025-12-01 19:28:02+00:00,2025-12-01 19:28:02+00:00,1903,43.05266189575195,-76.14788055419922,165,2025-12-01
1759921,14:26:31,180,48,9.2472,21337,1,123 James Street to Hub,268621,E Willow St & N Salina St,Sy 20,2025-12-01 19:26:31+00:00,2025-12-01 19:29:01+00:00,2025-12-01 19:29:01+00:00,1903,43.05236053466797,-76.15142822265625,150,2025-12-01
1759921,14:27:00,174,49,9.3722,21337,1,123 James Street to Hub,268621,N Salina St & W Genesee St,Sy 20,2025-12-01 19:27:00+00:00,2025-12-01 19:31:01+00:00,2025-12-01 19:31:01+00:00,1903,43.0512809753418,-76.15216827392578,241,2025-12-01
1759921,14:27:59,99,50,9.5612,21337,1,123 James Street to Hub,268621,S Salina St & Washington St,Sy 20,2025-12-01 19:27:59+00:00,2025-12-01 19:32:02+00:00,2025-12-01 19:32:02+00:00,1903,43.04867935180664,-76.15222930908203,243,2025-12-01
1759921,14:29:39,7987,51,9.8783,21337,1,123 James Street to Hub,268621,S Salina St & W Jefferson St,Sy 20,2025-12-01 19:29:39+00:00,2025-12-01 19:33:01+00:00,2025-12-01 19:33:01+00:00,1903,43.046871185302734,-76.15228271484375,202,2025-12-01
1759921,14:32:00,17654,52,10.3204,21337,1,123 James Street to Hub,268621,B15,Sy 20,2025-12-01 19:32:00+00:00,,,,,,,2025-12-01
